# https://github.com/mikedh/trimesh
mtllib material.mtl

o tmpva1xn9nu.ply
usemtl material_0
v -0.27969947 -0.26597401 0.01985829
v -0.28594643 -0.27068540 -0.02794155
v -0.28855973 -0.30877915 0.01429391
v -0.30489647 -0.35492349 -0.04633229
v -0.32375857 -0.44163451 -0.03387565
v -0.31372261 -0.42773315 0.01234377
v -0.32351300 -0.46028844 0.01789931
v -0.34049183 -0.48851368 -0.04293319
v -0.33695123 -0.51166481 0.01262127
v -0.37217537 -0.59909338 -0.05279097
v -0.36080748 -0.60456228 0.00579729
v -0.35871109 -0.55664492 -0.09308047
v -0.33528271 -0.47587785 -0.08414159
v -0.28449652 -0.27053821 -0.06160760
v -0.36906451 -0.59810495 -0.11350353
v -0.32082412 -0.44118786 -0.08610904
v -0.28839940 -0.30739135 -0.08773896
v -0.27794996 -0.27097511 -0.10235432
v -0.35817248 -0.60400522 0.01309888
v -0.30142483 -0.45161828 0.06824826
v -0.29125771 -0.41257212 0.05750825
v -0.26365009 -0.28192341 0.06288180
v -0.30635309 -0.51661986 0.07685703
v -0.33654454 -0.60746193 0.05464010
v -0.26149395 -0.26473415 0.07189888
v -0.37172994 -0.60790670 -0.05669731
v -0.36678010 -0.60800231 -0.12702222
v -0.35870218 -0.59562922 -0.14899065
v -0.32754511 -0.49425325 -0.12999262
v -0.28039396 -0.34869871 -0.13623919
v -0.30540299 -0.44078493 -0.13225552
v -0.27759644 -0.39273176 0.07286374
v -0.25350037 -0.27391648 0.07877439
v -0.28888577 -0.26033840 -0.02957083
v -0.28051043 -0.25989649 -0.10179009
v -0.26124173 -0.28216863 -0.14170116
v -0.33431110 -0.61762470 0.05509750
v -0.34244058 -0.60744464 -0.18651874
v -0.27966741 -0.45528981 0.09636161
v -0.31977898 -0.61976373 0.07684229
v -0.25437486 -0.41428593 0.09879594
v -0.26333442 -0.26437306 -0.14619961
v -0.31484812 -0.54519045 -0.18223776
v -0.23447558 -0.32986924 0.10430714
v -0.22572388 -0.28199652 0.10832415
v -0.22911075 -0.26474798 0.11190750
v -0.29169875 -0.60903937 0.09906316
v -0.35488501 -0.61442465 0.00794324
v -0.28226256 -0.44700593 -0.16644083
v -0.26434493 -0.36360651 -0.16173825
v -0.25013536 -0.45490095 0.11640273
v -0.34916440 -0.63791531 -0.09223153
v -0.25247839 -0.26633745 -0.16135952
v -0.28080103 -0.62684029 0.10612935
v -0.25963399 -0.55608451 0.11337562
v -0.34279135 -0.64091200 -0.03666306
v -0.34113976 -0.65153348 -0.09264559
v -0.33213496 -0.65498680 -0.13152575
v -0.33541644 -0.64735079 -0.02025426
v -0.33518934 -0.67834920 -0.03994192
v -0.33640841 -0.67617613 -0.10641935
v -0.35012698 -0.68791741 -0.06099844
v -0.34335721 -0.69200122 -0.02340974
v -0.36181903 -0.77178460 -0.05952360
v -0.35188848 -0.69492167 -0.08772165
v -0.36135492 -0.76899946 -0.10158119
v -0.34676152 -0.77405179 -0.00942170
v -0.34588614 -0.68591028 -0.10512369
v -0.35147372 -0.78200805 -0.03257412
v -0.33948937 -0.78298551 -0.00343412
v -0.31207383 -0.65298218 0.02101785
v -0.28084147 -0.64781535 0.06662930
v -0.19047122 -0.35847288 0.12520656
v -0.20670113 -0.42207244 0.12086564
v -0.20678002 -0.45065951 0.13153437
v -0.18087874 -0.28913963 0.12711379
v -0.20465821 -0.46952456 0.13429479
v -0.23044758 -0.62954837 0.12417844
v -0.15913707 -0.27478147 0.13825600
v -0.18841472 -0.42270106 0.12650487
v -0.22039357 -0.57077396 0.12602669
v -0.15226118 -0.30468151 0.13140972
v -0.23967043 -0.63718784 0.11585905
v -0.06663872 0.62631971 -0.27713642
v -0.05987431 0.70131636 -0.27859932
v -0.02248414 0.61059803 -0.28101671
v -0.00634923 0.72314435 -0.28126225
v 0.01188986 0.63779390 -0.28145596
v -0.06270567 0.90984070 -0.26770753
v -0.00832034 0.90535605 -0.27026007
v -0.09380338 0.77042973 -0.26856172
v -0.08605906 0.90989584 -0.26418513
v -0.12029333 0.88743073 -0.25869519
v -0.18327138 0.86588812 -0.24367113
v -0.15339746 0.73360562 -0.25289392
v -0.14367253 0.64289129 -0.25513360
v -0.09637786 0.59779906 -0.26717439
v -0.16192646 0.90381438 -0.24469769
v -0.19806430 0.80111510 -0.23837426
v -0.20749751 0.85930961 -0.23617677
v -0.07064898 0.58219999 -0.27039272
v -0.16114525 0.59630501 -0.24433081
v -0.19520530 0.66243929 -0.23395927
v -0.19084106 0.89564061 -0.23578063
v -0.19541183 0.61654222 -0.22956495
v -0.08816248 0.55791473 -0.25975308
v -0.02345294 0.55954099 -0.27004257
v -0.20538172 0.67783713 -0.22843592
v -0.21218389 0.83469588 -0.23160483
v -0.20651652 0.73923856 -0.23024142
v -0.03983613 0.92548251 -0.26417968
v 0.04887328 0.83344311 -0.26966009
v 0.05013964 0.90928596 -0.26502901
v 0.05387602 0.70562154 -0.27393860
v 0.02889964 0.56558561 -0.26904693
v 0.01491764 0.92566884 -0.26253814
v 0.06312156 0.57471079 -0.26393050
v 0.06855589 0.61883044 -0.26907507
v 0.16670752 0.86143225 -0.24083981
v 0.12058835 0.78270453 -0.25298867
v 0.14802831 0.89918345 -0.24102087
v 0.14262538 0.72942334 -0.24547370
v 0.11405057 0.61426890 -0.25382227
v 0.17270099 0.83953863 -0.23800486
v -0.05731111 0.54047263 -0.25685853
v 0.16180606 0.64149982 -0.23448494
v 0.12773903 0.57819146 -0.24100466
v 0.17204860 0.62527895 -0.22689067
v 0.06916793 0.55147427 -0.25171715
v 0.07038753 0.92096186 -0.25331289
v -0.11651704 0.55164504 -0.24481840
v -0.17193350 0.56887335 -0.22904339
v 0.02996300 0.53846985 -0.25366655
v 0.17368087 0.64392936 -0.22756048
v 0.18421195 0.84802634 -0.23008303
v -0.18547714 0.57850689 -0.22309816
v 0.15242043 0.57841676 -0.22564155
v -0.12813535 0.91857141 -0.24511847
v 0.18090710 0.79389066 -0.22884326
v 0.16298921 0.90524435 -0.22828569
v -0.21251963 0.63167989 -0.21543147
v -0.21363173 0.66744465 -0.21762137
v -0.22331172 0.84427923 -0.21553941
v -0.19770157 0.89842141 -0.22500066
v -0.21855845 0.78086603 -0.21502811
v -0.21902251 0.73592728 -0.20513059
v 0.04598954 -0.05920721 -0.24578983
v -0.01631765 0.02286539 -0.24420391
v 0.04856820 0.01932057 -0.23945042
v -0.01750662 -0.06239996 -0.25005543
v 0.10769625 -0.05862402 -0.23337162
v 0.10462013 0.02286268 -0.22668529
v -0.07947479 -0.00441557 -0.24181345
v -0.06942753 0.02175332 -0.23986819
v -0.07348780 -0.07369530 -0.24387693
v -0.12990695 -0.07139001 -0.23300925
v -0.13156062 -0.01687377 -0.23093092
v -0.01588633 -0.07897070 -0.24645966
v 0.04843824 -0.07459502 -0.24244581
v 0.10264481 -0.07298291 -0.23162565
v -0.06669282 -0.09650587 -0.24906643
v -0.01794520 -0.10054748 -0.25163338
v -0.01721590 -0.14759997 -0.25730550
v -0.03089536 -0.16812550 -0.26204112
v -0.13710348 -0.23537529 -0.26258978
v -0.03933390 -0.21726467 -0.26622716
v -0.04934053 -0.24748364 -0.26813290
v -0.00610434 -0.17153592 -0.26136270
v 0.01031796 -0.15895721 -0.26069677
v 0.01071554 -0.22822237 -0.26746362
v 0.11402245 -0.23957744 -0.26223713
v 0.03854115 -0.08812196 -0.24707703
v 0.11042745 -0.21066913 -0.25881028
v 0.02058361 -0.25064948 -0.26684934
v 0.10036032 -0.09031193 -0.23753135
v -0.15153344 -0.25268409 -0.26089811
v -0.13086025 -0.09982228 -0.23966469
v 0.10491467 -0.25682148 -0.26131153
v -0.13251136 0.02171728 -0.22552299
v -0.02681901 -0.19708538 -0.26164836
v -0.16699676 -0.23290282 -0.25161168
v 0.00632323 -0.24455270 -0.26397356
v -0.01792969 0.03718822 -0.23685606
v 0.02670982 0.03811678 -0.23380853
v -0.17437379 -0.06055686 -0.21607886
v -0.17162971 0.01978333 -0.21051690
v -0.00133768 -0.21525021 -0.26245934
v 0.10173519 0.03530581 -0.22073893
v -0.08161449 0.03167005 -0.23148794
v -0.06804871 0.04216521 -0.23392811
v -0.14557570 0.04198816 -0.21695267
v -0.01431779 0.12808137 -0.26489764
v -0.08212069 0.09868325 -0.25213128
v -0.12977700 0.15034837 -0.26410615
v -0.00742937 0.20061131 -0.28309360
v 0.10338809 0.14867790 -0.26305079
v -0.12293793 0.19337754 -0.27761832
v -0.00862083 0.25557190 -0.29430592
v 0.11453432 0.26591393 -0.29746816
v -0.01866018 0.27118099 -0.29528588
v 0.12537147 0.27723831 -0.29705274
v -0.14561448 0.26885611 -0.29803899
v 0.17155381 0.28751928 -0.29475245
v 0.15832618 0.26792136 -0.29614824
v 0.22560211 0.29176226 -0.28572655
v 0.09597213 0.22268440 -0.28646097
v -0.18973315 0.26836652 -0.29546171
v -0.18089478 0.27558985 -0.29732278
v -0.23894653 0.28822052 -0.28846958
v -0.23509961 0.31220680 -0.28678784
v -0.27398816 0.34548002 -0.27569142
v -0.20459351 0.18399647 -0.26168898
v 0.08686283 0.08383840 -0.24215232
v 0.23050284 0.33584452 -0.27962837
v 0.24573922 0.32496831 -0.27804744
v 0.16019903 0.17905153 -0.26370341
v -0.27616477 0.26662636 -0.27363414
v 0.24355684 0.26563743 -0.27524415
v -0.01291663 0.31793606 -0.28463963
v -0.08487115 0.33964339 -0.28057170
v -0.27783412 0.27723974 -0.27451241
v -0.13240600 0.10552885 -0.24687372
v -0.17576677 0.33256537 -0.28283039
v 0.13604793 -0.25222436 -0.25332269
v 0.09889022 0.33236679 -0.28261614
v -0.01510892 0.34803861 -0.27631849
v 0.21427056 0.39168209 -0.26317590
v -0.23676896 0.40063503 -0.25927836
v -0.17209855 0.03130218 -0.20511527
v -0.16022046 0.06592047 -0.22312492
v -0.21914208 0.16839188 -0.24945721
v 0.13256216 0.05992051 -0.21888652
v 0.24436301 0.38157976 -0.26384774
v -0.18129912 -0.07933531 -0.20851462
v -0.26503158 0.40402278 -0.25556815
v -0.27665886 0.37902442 -0.26401448
v -0.01266178 0.41045746 -0.25302470
v 0.12973976 0.40236667 -0.25645852
v -0.17504679 0.39505756 -0.25947759
v -0.03576073 -0.24673046 -0.26229009
v 0.14629687 -0.07874929 -0.21151215
v 0.14640003 -0.06143191 -0.21573326
v -0.05267453 -0.25934908 -0.26098320
v 0.16510879 0.02278979 -0.19695784
v -0.15212496 0.41482443 -0.24974933
v 0.23465694 0.22621924 -0.25969672
v 0.20850319 0.14850208 -0.23104374
v 0.01391838 -0.25643921 -0.26137459
v 0.14653201 -0.22779696 -0.24405731
v 0.14222740 0.03546176 -0.20331056
v 0.16743115 -0.11436775 -0.20671470
v -0.24086553 0.15573300 -0.23364241
v -0.27626452 0.21910822 -0.24681443
v -0.19700192 0.04319896 -0.18920892
v -0.19565961 -0.25122321 -0.23353542
v 0.13195257 -0.26117668 -0.24936885
v -0.20093465 0.01948998 -0.19235964
v 0.16023439 0.06346677 -0.20579582
v -0.20556861 -0.06461614 -0.19447622
v -0.24376680 -0.22927137 -0.20023221
v -0.21946883 -0.13031273 -0.19567996
v -0.23174150 -0.25515735 -0.20798045
v -0.29015020 0.31882143 -0.26488125
v -0.21540810 0.08736189 -0.20683284
v -0.16293706 -0.26283479 -0.24880108
v 0.17052132 -0.25238523 -0.23027293
v 0.20309021 -0.23716789 -0.20844461
v 0.03471892 -0.25970885 -0.25914660
v 0.20654479 -0.25304013 -0.20401454
v 0.18058445 -0.06475051 -0.18911125
v 0.17307971 -0.07586683 -0.19199623
v 0.24708487 0.22936587 -0.25256932
v -0.25360206 -0.25144196 -0.18852565
v 0.20117328 -0.19396114 -0.19925293
v 0.26011926 0.33550444 -0.26355368
v -0.21507199 -0.07804147 -0.18009114
v -0.01573108 -0.17075154 -0.25240812
v 0.17745671 0.03818471 -0.17665459
v 0.20752311 0.11038326 -0.20136170
v 0.19296259 0.02232552 -0.16974929
v -0.21134174 0.03390996 -0.17041495
v -0.22404821 0.01891578 -0.16830948
v -0.24794360 0.12959278 -0.20662446
v -0.22525282 0.04598843 -0.15623417
v -0.27823126 0.19786505 -0.22218898
v -0.24356824 -0.06345209 -0.14578988
v -0.23861554 -0.07979126 -0.14429569
v -0.27495870 -0.24625587 -0.15337850
v -0.27410728 -0.22006689 -0.14894530
v -0.22885346 0.03593371 -0.14237203
v -0.24747001 0.08683065 -0.15683183
v -0.24690005 0.00091958 -0.13053611
v -0.24140194 0.02447464 -0.13452667
v -0.27627391 0.16629021 -0.17507434
v -0.26222262 -0.06265457 -0.09054898
v -0.25503549 -0.07974477 -0.09302910
v -0.25498351 0.02278191 -0.09578057
v -0.29076123 -0.24761379 -0.10080992
v -0.28840560 -0.22762816 -0.10611579
v -0.25943255 0.01055803 -0.08516299
v -0.17204516 0.46807608 -0.16725166
v -0.19720344 0.47421151 -0.13014761
v -0.19081105 0.48077384 -0.12956171
v -0.15864912 0.48564318 -0.16431074
v -0.18360220 0.49736303 -0.12776785
v -0.12124600 0.46846214 -0.19149426
v -0.14906526 0.46001619 -0.18593866
v -0.11972664 0.44829836 -0.20569818
v -0.11104114 0.47932234 -0.19416398
v -0.09871795 0.45131949 -0.20486195
v -0.09271862 0.49042091 -0.20132326
v -0.10644386 0.51711100 -0.20105404
v -0.15060972 0.52446014 -0.17466748
v -0.17740521 0.53064018 -0.14234765
v -0.06170798 0.50983161 -0.21497612
v -0.05022592 0.46352032 -0.20887102
v -0.03784245 0.43569526 -0.22312391
v -0.02803702 0.47932777 -0.21108745
v -0.01724841 0.45719212 -0.21261524
v -0.01586250 0.51106071 -0.22338191
v 0.02692256 0.48112366 -0.20819858
v 0.02626535 0.44824144 -0.21254136
v 0.03158465 0.51481009 -0.22023156
v 0.06909376 0.46721414 -0.19750503
v 0.06083249 0.50447971 -0.20347203
v 0.10224778 0.47709736 -0.18070164
v 0.09678181 0.52065492 -0.18793333
v 0.13724104 0.47983617 -0.15621509
v 0.15262033 0.49239948 -0.12610145
v 0.16157272 0.47385976 -0.13555358
v 0.13577472 0.46555644 -0.17227398
v 0.09455737 0.45906916 -0.19356085
v 0.07259208 0.44302550 -0.20968875
v 0.03827878 0.43470672 -0.22123103
v -0.01939644 0.42971426 -0.23010769
v 0.10499021 0.45377797 -0.20142975
v 0.04406079 0.43199110 -0.23692355
v -0.01718567 0.42689115 -0.24243103
v 0.16136909 0.46793759 -0.18034537
v 0.07820892 0.44084036 -0.22667955
v 0.13652042 0.42994270 -0.23813710
v 0.11982075 0.45534334 -0.20990022
v 0.21778403 0.45050308 -0.20939361
v 0.18924022 0.42702740 -0.24362034
v 0.24385189 0.42344254 -0.23820898
v 0.24252845 0.46033576 -0.16916463
v 0.24893284 0.44854724 -0.19852315
v 0.02487248 0.42353565 -0.24526076
v -0.06329780 0.43119645 -0.23735005
v -0.07865734 0.43698743 -0.21795364
v -0.09925691 0.43917507 -0.22756936
v -0.12249676 0.43359476 -0.23599881
v -0.13659108 0.45062909 -0.21813828
v -0.21568012 0.42658347 -0.24328005
v -0.15754698 0.45792371 -0.20645364
v -0.22484027 0.43669623 -0.23220161
v -0.27448338 0.44412428 -0.21202923
v -0.19550316 0.46818697 -0.17824119
v -0.27524081 0.42182410 -0.23883580
v -0.27790490 0.45869949 -0.17310366
v -0.27946442 0.46353886 -0.13278425
v 0.25201604 0.46139845 -0.14166144
v -0.29071888 0.41327175 -0.22795518
v 0.26270202 0.43532497 -0.19554754
v 0.26011041 0.41556466 -0.22539072
v 0.32858735 0.42553085 -0.19126678
v 0.31080648 0.43761033 -0.17889823
v 0.36199552 0.41962010 -0.17433031
v 0.28887424 0.39435005 -0.23394796
v 0.33565989 0.44161946 -0.13593109
v 0.36741203 0.42644274 -0.14453284
v 0.35299557 0.40217382 -0.19894135
v 0.25983894 0.38098153 -0.24881983
v 0.41404933 0.39244857 -0.13491677
v 0.39381030 0.38416091 -0.17759272
v 0.41856217 0.38119155 -0.16685686
v 0.45173404 0.38798267 -0.12950371
v 0.56003267 0.37802583 -0.15400162
v 0.55965286 0.36313444 -0.18409030
v 0.56232941 0.38237613 -0.13537429
v 0.42239967 0.36269015 -0.19111633
v 0.52636236 0.34557092 -0.20135616
v 0.48564717 0.34113982 -0.20683575
v 0.38365993 0.35480326 -0.19927451
v 0.56070518 0.32903349 -0.20942998
v 0.43795526 0.32372740 -0.21295831
v 0.36676082 0.33919072 -0.20972636
v 0.54047203 0.30500716 -0.21471329
v 0.29875964 0.33664244 -0.25060692
v 0.49547580 0.29501703 -0.22054994
v 0.56175023 0.30915910 -0.21432585
v 0.36431149 0.30171743 -0.21940356
v 0.45362994 0.29990214 -0.21703489
v 0.34442711 0.31852999 -0.22246476
v 0.32757491 0.27729604 -0.22498731
v 0.40283933 0.27924827 -0.21749364
v 0.45758185 0.26576465 -0.21525514
v 0.49317169 0.26032919 -0.21798050
v 0.56095576 0.26505527 -0.21255025
v 0.34732795 0.26200169 -0.21454890
v 0.25922921 0.28018460 -0.25763735
v 0.12197118 0.51725209 -0.16839537
v 0.56200159 0.23872732 -0.20324636
v 0.29421568 0.24717230 -0.21664266
v 0.34746200 0.24480787 -0.20644102
v 0.46391478 0.23006095 -0.19798949
v 0.49023563 0.23027319 -0.20266092
v 0.25676125 0.24296932 -0.23461482
v 0.56056845 0.22053300 -0.18909656
v 0.35418952 0.21575391 -0.17723592
v 0.26434481 0.21561565 -0.19089998
v 0.48542225 0.20905131 -0.17799333
v 0.46637127 0.20350376 -0.16255879
v 0.56045991 0.20404539 -0.16319163
v 0.49238759 0.20340930 -0.16883871
v 0.23217379 0.13007382 0.01064511
v 0.25125647 0.19793603 0.03131795
v 0.24743688 0.19984430 0.05456363
v 0.23222475 0.15610537 0.05982076
v 0.21337184 0.06678263 0.01496846
v 0.20233621 0.03973633 0.04849607
v 0.25592485 0.19707477 -0.02559459
v 0.25758699 0.20760132 -0.00870876
v 0.21209392 0.03598462 -0.02622369
v 0.25992078 0.19735013 -0.05644862
v 0.25707456 0.22010255 0.01451312
v 0.21305321 0.06380895 -0.02402981
v 0.25324565 0.18744397 -0.05825780
v 0.21309057 0.06400903 -0.10175552
v 0.25095478 0.18117371 -0.12417954
v 0.22433275 0.11329205 -0.16982231
v 0.25906760 0.20449400 -0.17488208
v 0.25572091 0.24301142 0.05255652
v 0.21022563 0.04117977 -0.05758193
v 0.20761172 0.03735001 -0.10406579
v 0.24877149 0.18946436 -0.20299026
v 0.19569634 0.03834549 -0.14787459
v 0.25584039 0.21249263 -0.20140272
v 0.24862385 0.21396515 -0.23717041
v 0.25676125 0.24296932 -0.23461482
v 0.24474446 0.23581658 0.08715945
v 0.25483361 0.26867539 0.07138937
v 0.24749108 0.26944363 0.12199527
v 0.25190526 0.29535010 0.11351630
v 0.25692907 0.30897707 0.07582895
v 0.21885630 0.11959551 0.06833512
v 0.20007421 0.04016946 0.06018128
v 0.26010564 0.19451220 -0.13148671
v 0.20682706 0.18226081 0.12173348
v 0.23207650 0.18383524 0.07691789
v 0.25306356 0.34919566 0.07608325
v 0.24708487 0.22936587 -0.25256932
v 0.25922921 0.28018460 -0.25763735
v 0.18361223 0.08133006 0.11739390
v 0.17304340 0.03899048 0.11295677
v 0.22648972 0.16481327 -0.22545873
v 0.20752311 0.11038326 -0.20136170
v 0.24355684 0.26563743 -0.27524415
v 0.22719938 0.25782886 0.14105903
v 0.26434481 0.21561565 -0.19089998
v 0.17745671 0.03818471 -0.17665459
v 0.18890084 0.17631723 0.14044286
v 0.25953299 0.32818961 0.07066291
v 0.25977406 0.38398555 0.04904269
v 0.24573922 0.32496831 -0.27804744
v 0.26011926 0.33550444 -0.26355368
v 0.20850319 0.14850208 -0.23104374
v 0.17930730 0.03168777 0.11067612
v 0.21118164 0.03134286 0.03974247
v 0.27236581 0.20354377 -0.15799671
v -0.14666645 -0.79716808 -0.10142004
v -0.12228442 -0.71033251 -0.05986065
v -0.14544263 -0.79948252 -0.05481517
v -0.12559605 -0.70525753 -0.09888477
v -0.12826303 -0.71191770 -0.02282772
v -0.15446985 -0.80051762 -0.01682684
v -0.14769110 -0.72995651 -0.15246129
v -0.15389428 -0.79576278 -0.13135000
v -0.14542106 -0.70527542 -0.15224695
v -0.16857690 -0.79598379 -0.15969145
v -0.16452153 -0.70601326 -0.18166789
v -0.13028823 -0.70359766 -0.01763611
v -0.12720345 -0.69706422 -0.07384534
v -0.16144358 -0.81430525 -0.10181548
v -0.16041413 -0.81395113 -0.06376476
v -0.17124914 -0.86563647 -0.06554185
v -0.16700330 -0.85227883 -0.10045547
v -0.17181952 -0.85267687 -0.12285291
v -0.17451924 -0.81281120 -0.14174663
v -0.16569889 -0.93406880 -0.10559597
v -0.17057917 -0.94238412 -0.13192403
v -0.16364452 -0.99289244 -0.12521634
v -0.16245994 -0.99494129 -0.09133087
v -0.16770177 -0.94054937 -0.07945425
v -0.17626944 -0.99417156 -0.15590233
v -0.18643354 -0.84426242 -0.14989869
v -0.17991343 -0.98683482 -0.01372411
v -0.18988006 -0.91933453 -0.16109036
v -0.17653951 -0.99716222 -0.03950613
v -0.18606964 -0.99483234 0.00301350
v -0.18703313 -0.98641312 0.03915474
v -0.19993342 -0.92507064 0.05672216
v -0.19145197 -0.98644835 0.10812321
v -0.18553928 -0.95268184 -0.01287544
v -0.19024977 -0.89705473 -0.00500687
v -0.19119482 -0.86169207 -0.00563641
v -0.20912670 -0.89246368 0.05434398
v -0.17477533 -0.81270081 -0.02488349
v -0.14459422 -0.71334195 0.01195613
v -0.19478561 -0.99497265 0.05687422
v -0.20403656 -0.93474627 0.10974707
v -0.19179228 -0.98725057 0.14599346
v -0.19699752 -0.99434572 0.12712616
v -0.20887986 -0.90779805 0.07555553
v -0.20896302 -0.93940330 0.15485212
v -0.17428181 -0.79771680 0.01776788
v -0.20327999 -0.98575979 0.18290563
v -0.21561410 -0.97541618 0.22221006
v -0.19012852 -0.81038821 -0.00302879
v -0.23228455 -0.93300861 0.21697035
v -0.21551362 -0.92433876 0.13851231
v -0.21873870 -0.98982823 0.20498165
v -0.20685576 -0.86073202 0.02261612
v -0.20236534 -0.83382022 0.00715244
v -0.13679706 -0.69133806 -0.02775624
v -0.13039638 -0.68591589 -0.06496287
v -0.13769262 -0.66829258 0.00011339
v -0.14931366 -0.69156826 0.00128763
v -0.11972564 -0.65462595 -0.02430136
v -0.11875515 -0.65692532 -0.08578330
v -0.12699822 -0.65970176 -0.11890465
v -0.13539815 -0.69188786 -0.10771743
v -0.15378407 -0.69011235 -0.15465973
v -0.15165210 -0.66603464 -0.17276680
v -0.13425852 -0.65537435 0.02276093
v -0.16695637 -0.66977727 0.03895847
v -0.17546915 -0.69149739 0.03087040
v -0.19394587 -0.78847057 0.03735467
v -0.17857061 -0.71065801 0.04469810
v -0.16656128 -0.70251346 0.03515750
v -0.24766271 -0.93570441 0.23956688
v -0.24827430 -0.96994746 0.25445938
v -0.24186769 -0.98231995 0.24042763
v -0.15782051 -0.65733200 0.04979219
v -0.19368698 -0.99398351 -0.17747988
v -0.19331676 -0.79345495 -0.18633376
v -0.17622355 -0.68574870 -0.18122494
v -0.17980802 -0.70499307 -0.19443010
v -0.20641795 -0.81359977 -0.17259224
v -0.20569451 -0.83889353 -0.16856205
v -0.21225771 -0.90385026 -0.17701072
v -0.18565719 -0.66488105 -0.19727157
v -0.18075599 -0.63944751 -0.23170826
v -0.22363479 0.64577621 0.04038303
v -0.22908708 0.70849305 0.02932364
v -0.22528037 0.63399380 0.01926609
v -0.23047031 0.71534938 0.00356022
v -0.22006686 0.57102805 0.03745746
v -0.23035897 0.73350912 -0.00200677
v -0.21945016 0.57731700 0.00496235
v -0.22311686 0.63520503 -0.00156950
v -0.21677516 0.52342355 0.01729543
v -0.21190198 0.51643509 0.04307777
v -0.22289532 0.74088150 0.05379651
v -0.22205290 0.79209799 0.05586921
v -0.22960037 0.79432142 -0.00854013
v -0.22978711 0.87095666 0.00976139
v -0.23685226 0.84825122 -0.09440489
v -0.23074162 0.74904323 -0.02988194
v -0.23023891 0.78115785 -0.11262120
v -0.22760169 0.78332561 -0.15423805
v -0.23300086 0.83506125 -0.16611174
v -0.21902251 0.73592728 -0.20513059
v -0.21855845 0.78086603 -0.21502811
v -0.22756834 0.82907015 -0.20329575
v -0.23090868 0.69036949 -0.13500628
v -0.23384011 0.71827048 -0.08918191
v -0.23304127 0.73860443 -0.06018523
v -0.22629286 0.62744665 -0.16146515
v -0.23625551 0.64214879 -0.09891313
v -0.23551904 0.70046353 -0.09244962
v -0.21764523 0.87257111 0.07656666
v -0.23080677 0.86110473 -0.13899812
v -0.20587534 0.87292618 0.12613645
v -0.20325564 0.82534856 0.13040477
v -0.22331172 0.84427923 -0.21553941
v -0.20970608 0.79698688 0.09888855
v -0.22218435 0.90336800 -0.06273446
v -0.20087400 0.90687215 0.12177119
v -0.19984867 0.60077816 0.10872256
v -0.21498832 0.66854858 0.06734592
v -0.19764824 0.90207648 0.13726200
v -0.22298314 0.60086322 -0.12819915
v -0.21881865 0.59497368 -0.15520796
v -0.21363173 0.66744465 -0.21762137
v -0.23451288 0.62301856 -0.08848194
v -0.21251963 0.63167989 -0.21543147
v -0.21033397 0.64902693 0.07661207
v -0.21346384 0.92419416 -0.02187570
v -0.19040857 0.86517394 0.16491491
v -0.16974379 0.48364010 0.14183243
v -0.17468373 0.57809842 0.16516615
v -0.24349527 0.68327683 -0.03705669
v -0.21101911 0.60391837 -0.20475850
v -0.23036131 0.60883856 -0.07815901
v -0.20579575 0.92217582 0.04897583
v -0.14580071 0.46372160 0.18970500
v -0.21434009 0.74870914 0.07488032
v -0.21573021 0.70980710 0.06525302
v -0.20121156 0.62944114 0.10023915
v -0.18816927 0.48368400 0.08213806
v -0.20814207 0.50551808 0.03055669
v -0.19634587 0.49195191 0.05917440
v -0.18402654 0.82787913 0.17083102
v -0.18078360 0.60146868 0.14830011
v -0.16008458 0.58894575 0.19444785
v -0.15645212 0.46321958 0.15743673
v -0.24378370 0.66870147 -0.09510453
v -0.21436244 0.92432606 -0.07454506
v -0.20621450 0.92000800 -0.15712224
v -0.16699912 0.46758890 0.12014338
v -0.24274318 0.63547778 -0.03616160
v -0.14503792 0.51674110 0.20088150
v -0.68486220 0.17262296 -0.08928327
v -0.66931605 0.17323869 -0.13158368
v -0.63480181 0.17131518 -0.08911003
v -0.68184167 0.17482196 -0.04230271
v -0.62059712 0.17332119 -0.05070756
v -0.61993837 0.17686595 -0.15289594
v -0.60867220 0.17720704 -0.12985957
v -0.66854566 0.18081155 -0.16948479
v -0.68944693 0.18062606 -0.15420583
v -0.62479907 0.18051074 -0.01050513
v -0.68635696 0.18622816 -0.00165197
v -0.60807317 0.18217751 -0.02214834
v -0.60647649 0.17821606 -0.06241966
v -0.69326723 0.18078971 -0.03102630
v -0.69709271 0.17834634 -0.08965456
v -0.61792177 0.19503039 -0.19580375
v -0.60688245 0.19660698 -0.18981643
v -0.68649787 0.19709943 -0.19172941
v -0.67815697 0.21305507 -0.21316731
v -0.61930656 0.20665459 -0.21002348
v -0.60808080 0.20459573 0.02537829
v -0.68107748 0.20376307 0.02701751
v -0.71152765 0.19754857 -0.13898100
v -0.70645481 0.20881195 -0.18405634
v -0.75575083 0.20778714 -0.18894178
v -0.77353716 0.19503938 -0.15241757
v -0.71338636 0.19430505 -0.10032129
v -0.79687953 0.19084346 -0.10678811
v -0.89217812 0.19277468 -0.15886278
v -0.81829941 0.19062462 -0.05517713
v -0.90867215 0.19063826 -0.02490214
v -0.94047964 0.19443485 -0.10941070
v -0.94064027 0.19506542 -0.17227086
v -0.94096625 0.19172518 0.04442064
v -0.92841309 0.19871782 -0.19797453
v -0.84719259 0.19221474 -0.01635189
v -0.74494898 0.19425529 -0.08603890
v -0.71206856 0.19890425 -0.03112202
v -0.77738714 0.19892162 0.02916336
v -0.80982119 0.19841610 0.07594429
v -0.77125674 0.19558315 0.07654333
v -0.78135216 0.19188769 0.12331726
v -0.80691504 0.19190893 0.13631997
v -0.83247685 0.20385405 0.09435885
v -0.87388629 0.19638978 0.04417868
v -0.92097348 0.19312030 0.09191576
v -0.95371825 0.19629639 0.09435244
v -0.87304157 0.20290950 0.08912656
v -0.91804987 0.18759745 0.11882257
v -0.96067452 0.19936378 -0.10991365
v -0.83316785 0.19870596 -0.17582837
v -0.77733654 0.17996429 0.17825769
v -0.94131625 0.19422664 0.12504868
v -0.88967127 0.20162721 0.10988833
v -0.97272432 0.20308484 0.00557945
v -0.70726329 0.20657322 0.00645233
v -0.73239630 0.20787860 0.04714032
v -0.83196777 0.20969932 0.11336505
v -0.75073874 0.20036419 0.11850274
v -0.76251239 0.19379379 0.15509565
v -0.94372523 0.20564125 -0.20660801
v -0.97276962 0.20453936 -0.09149443
v -0.84276986 0.21616292 -0.21747319
v -0.91206193 0.17086579 0.16338368
v -0.88950652 0.16932642 0.16275340
v -0.89516759 0.16955449 0.19823837
v -0.92232865 0.17591892 0.18193997
v -0.86255938 0.17799109 0.19330572
v -0.87128198 0.17910679 0.21515405
v -0.80977279 0.18272586 0.15795812
v -0.87123162 0.21520296 0.11472977
v -0.79443389 0.16200317 0.20753886
v -0.83916503 0.15717453 0.20646752
v -0.82722181 0.15803650 0.23587885
v -0.84991175 0.16242263 0.23603424
v -0.85375971 0.16390558 0.20690036
v -0.80317241 0.16532762 0.23457238
v -0.93076664 0.21558803 -0.22699754
v -0.82769650 0.20595437 0.14559025
v -0.96687013 0.20384565 0.09232945
v -0.78476107 0.22506252 -0.22290087
v -0.97095335 0.20878348 -0.13307865
v -0.69681877 0.22082210 0.04092298
v -0.70663732 0.22502637 -0.20393699
v -0.85282868 0.22228739 -0.22727324
v -0.83475631 0.17275016 0.25863600
v -0.92396277 0.19408555 0.22099286
v -0.84382820 0.17596614 0.18286063
v -0.71188265 0.22382122 0.06377131
v -0.81832319 0.17306492 0.25954866
v -0.85967267 0.17160098 0.23635274
v -0.90320170 0.19202076 0.22815694
v -0.94317269 0.22216208 -0.22773342
v -0.84867662 0.22670449 0.11851408
v -0.68919647 0.23239760 -0.22405371
v -0.61236858 0.22846948 -0.22647214
v -0.62291557 0.23308752 0.05180188
v -0.83447284 0.23647468 0.13200815
v -0.68618381 0.26174673 0.06740163
v -0.85444009 0.20182630 0.17729034
v -0.63087022 0.25476536 0.06303455
v -0.84545541 0.19461721 0.17616951
v 0.69401330 0.19493745 -0.08927583
v 0.75399804 0.19245590 -0.14246130
v 0.76206970 0.19044784 -0.09923349
v 0.68106735 0.20096354 -0.15459496
v 0.73318511 0.19538403 -0.03306083
v 0.68782955 0.19834726 -0.03752394
v 0.79061234 0.19184907 -0.01625914
v 0.74515790 0.19918399 0.05524986
v 0.87395066 0.19087476 0.01974365
v 0.86251920 0.19083530 -0.07842020
v 0.87406415 0.19353062 -0.17451349
v 0.80919343 0.20106526 0.07572173
v 0.86238801 0.19370462 0.05195823
v 0.90429759 0.19320445 0.04735078
v 0.88238788 0.19408375 0.09887760
v 0.89831907 0.19255942 0.11320675
v 0.77753544 0.19929631 0.08371326
v 0.70406061 0.20545705 0.02484845
v 0.91327077 0.19593836 -0.14071566
v 0.72467297 0.19746651 0.10958117
v 0.91407967 0.19752268 -0.17566958
v 0.87391597 0.19121590 0.11937901
v 0.83589548 0.20381391 0.09756133
v 0.68157583 0.20676200 0.01155978
v 0.69462746 0.21012874 0.05172895
v 0.78352588 0.19381157 0.13522901
v 0.74681252 0.18936364 0.13905759
v 0.73499256 0.18793236 0.15937847
v 0.76427233 0.19716819 -0.17125511
v 0.81839150 0.19900824 -0.18408728
v 0.91564691 0.19556206 0.00249167
v 0.90619248 0.20355685 -0.21199669
v 0.87221187 0.20478851 -0.21119547
v 0.80538243 0.20653409 0.09730604
v 0.79181206 0.20377263 0.10719084
v 0.92084593 0.19602436 0.09371948
v 0.91156912 0.19657926 0.12588494
v 0.67836857 0.19083790 -0.08303770
v 0.67589074 0.20014375 -0.00876251
v 0.67713326 0.21004547 -0.18349081
v 0.66824514 0.21550177 0.03022098
v 0.85220456 0.20483768 0.11135549
v 0.76484370 0.21315880 -0.20648846
v 0.75383681 0.17034352 0.19418168
v 0.78011280 0.18137544 0.15848221
v 0.76557815 0.15964417 0.21450156
v 0.80886286 0.15977474 0.20079453
v 0.80878872 0.15604721 0.22644034
v 0.77381098 0.16472577 0.24065287
v 0.88293165 0.17804651 0.14659467
v 0.84942371 0.16847430 0.17304613
v 0.89524204 0.18093480 0.16782312
v 0.86149049 0.17022064 0.19726864
v 0.83924758 0.18140997 0.21668577
v 0.83301675 0.17733286 0.20029692
v 0.70919067 0.20587866 0.12243298
v 0.80313993 0.17327553 0.26000133
v 0.79985130 0.18298988 0.16877340
v 0.92327100 0.20011121 -0.02396090
v 0.93141234 0.20160671 -0.12614974
v 0.93169492 0.20037994 -0.01006341
v 0.92321646 0.19984056 0.05877018
v 0.93126225 0.20183854 0.09154624
v 0.94200176 0.20491104 -0.04167626
v 0.93319970 0.20804738 -0.16344021
v 0.75291806 0.22821438 -0.22676030
v 0.84554714 0.18450330 0.15366577
v 0.86986625 0.22260225 -0.23412098
v 0.92769462 0.20540716 0.11682459
v 0.67706782 0.22708392 -0.20559809
v 0.94766510 0.21504644 0.03328378
v 0.88202059 0.19312552 0.22582021
v 0.93995601 0.20803419 -0.11780910
v 0.80562478 0.22554439 0.12272350
v 0.65161878 0.19919674 0.01997376
v 0.90973169 0.22839600 -0.23588541
v 0.79093885 0.18357067 0.26900208
v 0.82828647 0.18149413 0.24796489
v 0.65720165 0.18356337 -0.16617440
v 0.66191036 0.17742987 -0.12319399
v 0.63851780 0.17337775 -0.13657756
v 0.65031105 0.17195585 -0.07703987
v 0.58432597 0.17305854 -0.11674304
v 0.58851570 0.17275248 -0.05261111
v 0.58788288 0.17941332 -0.16375771
v 0.62697154 0.18054326 -0.16961809
v 0.62986833 0.17918320 -0.01108949
v 0.65831971 0.18226887 -0.01744167
v 0.58485961 0.18679923 0.00346076
v 0.66532850 0.17914310 -0.06146695
v 0.57476324 0.18058729 -0.03103568
v 0.57444841 0.17691438 -0.11308187
v 0.65221083 0.19690217 -0.19433895
v 0.58590269 0.20256948 -0.20534743
v 0.57527423 0.19131728 -0.17976081
v 0.57344240 0.19676404 0.00956490
v 0.65134686 0.22664785 -0.22448729
v 0.90747201 0.21035029 0.21469688
v 0.63349515 0.22629391 0.04826881
v 0.58191335 0.21971406 0.03981370
v 0.82173282 0.18293366 0.18618430
v 0.82793391 0.19962582 0.17347465
v 0.66225362 0.22603239 0.04423553
v 0.67195755 0.22755730 0.05324974
v 0.68135345 0.22733401 0.07614247
v 0.69524902 0.22070116 0.12879004
v 0.72719324 0.20634939 0.20646726
v 0.84329611 0.20039201 0.23528233
v 0.57476234 0.22442642 -0.21974972
v 0.83500499 0.22798513 0.12462945
v 0.80044872 0.21391697 0.15282804
v 0.73173594 0.22346580 0.24665190
v 0.70695770 0.24411371 0.22896348
v 0.68387198 0.26189613 0.19352609
v 0.66044921 0.25836080 0.06649987
v 0.81619900 0.19425808 0.26697025
v 0.57990551 0.25983903 0.06220044
v 0.57355893 0.23239790 0.04295439
v 0.66675860 0.25808039 0.07874640
v 0.65384656 0.27471942 0.07165582
v -0.02048581 0.96726251 -0.05091396
v -0.02186489 0.96573889 0.01975466
v 0.04721882 0.96448249 -0.03792295
v 0.03047016 0.96239203 0.02335289
v 0.01099187 0.96451634 -0.11609627
v -0.08098288 0.96223104 -0.10151057
v -0.08832993 0.96388990 -0.04160757
v -0.05709955 0.96339738 0.01949270
v -0.06682184 0.95334166 -0.17573503
v 0.01638194 0.95477509 -0.17582914
v -0.12743224 0.94751227 -0.16161370
v -0.16950236 0.94680935 -0.06820361
v -0.16511504 0.94527942 0.00769405
v -0.14224385 0.94218439 0.07055072
v -0.19089447 0.93340743 -0.14526321
v -0.08047669 0.93919098 0.14389776
v -0.01546582 0.93702197 0.18377930
v 0.03246871 0.94126564 0.14483956
v -0.15517470 0.92441833 0.15068197
v -0.19415602 0.92898381 0.06632057
v -0.01764030 0.93251330 0.20050043
v -0.20116320 0.93260765 0.02048980
v -0.20902663 0.93302315 -0.05184504
v -0.20349835 0.93248808 -0.10699645
v -0.18353057 0.91855496 0.13221459
v -0.05210040 0.92577028 0.19888575
v 0.07434846 0.95660245 0.01749178
v 0.10529034 0.93483859 0.12384094
v 0.11461393 0.95292878 -0.07455818
v 0.09078649 0.95002842 -0.15851611
v 0.13229278 0.94855362 -0.03259951
v 0.15113305 0.93717915 0.04564542
v 0.02318616 0.92872375 0.19393715
v 0.15966100 0.93756038 0.01616307
v 0.16952604 0.93794882 -0.04471868
v -0.06063355 0.93607295 -0.24245182
v -0.02072012 0.93297154 -0.25673991
v 0.16187043 0.93297821 -0.14730190
v 0.03451293 0.93860519 -0.23186935
v -0.14596710 0.93342644 -0.20333824
v 0.17357393 0.93270487 -0.10667235
v 0.08462770 0.92235738 0.17499010
v 0.13750869 0.91759557 0.15781921
v 0.16160202 0.92035520 0.11085762
v 0.15144156 0.92754036 -0.18965317
v 0.10647885 0.92775261 -0.22482602
v 0.03752773 0.93115085 -0.25069988
v -0.19189483 0.91583008 -0.20510422
v 0.17195010 0.92485684 0.05813253
v -0.12813535 0.91857141 -0.24511847
v 0.17828862 0.92889369 -0.00735489
v 0.16298921 0.90524435 -0.22828569
v 0.07038753 0.92096186 -0.25331289
v 0.17464718 0.92553359 -0.14297301
v -0.03983613 0.92548251 -0.26417968
v 0.01491764 0.92566884 -0.26253814
v -0.14984778 0.91595423 0.16736329
v 0.16760436 0.91304398 -0.20203850
v -0.20621450 0.92000800 -0.15712224
v -0.17593913 0.90621710 0.16511381
v 0.18129304 0.92867589 -0.05392534
v -0.16192646 0.90381438 -0.24469769
v -0.19084106 0.89564061 -0.23578063
v -0.01256292 0.92281348 0.21106964
v -0.20087400 0.90687215 0.12177119
v -0.20579575 0.92217582 0.04897583
v -0.19770157 0.89842141 -0.22500066
v -0.21436244 0.92432606 -0.07454506
v -0.19764824 0.90207648 0.13726200
v -0.21346384 0.92419416 -0.02187570
v 0.16524565 0.89657563 0.14411968
v 0.14784296 0.90074193 0.16479754
v -0.23080677 0.86110473 -0.13899812
v -0.22331172 0.84427923 -0.21553941
v 0.31889117 -0.69454879 -0.05540242
v 0.31941476 -0.69441712 -0.09583429
v 0.31738994 -0.68598121 -0.07270209
v 0.33099955 -0.77068907 -0.07642438
v 0.32865387 -0.77310467 -0.05114065
v 0.32547987 -0.77174687 -0.11857919
v 0.30125001 -0.68994951 -0.14637177
v 0.31465966 -0.77123994 -0.14495742
v 0.30199778 -0.67739010 -0.11998725
v 0.31216326 -0.68911248 -0.02903078
v 0.31787518 -0.77181703 -0.01547659
v 0.30068827 -0.69145805 -0.00224420
v 0.30490309 -0.66706520 -0.05457879
v 0.29792932 -0.67219436 -0.02540704
v 0.31034553 -0.64801419 -0.10803928
v 0.31062621 -0.64433926 -0.04412977
v 0.29668134 -0.64526051 0.00547636
v 0.28762841 -0.67738271 -0.14982529
v 0.30113903 -0.64936548 -0.14396141
v 0.32546490 -0.78142172 -0.07279135
v 0.28669962 -0.67687565 -0.00055459
v 0.29864770 -0.78046030 0.01278666
v 0.28294227 -0.69443500 0.02259701
v 0.31129751 -0.78427315 -0.01219549
v 0.27805611 -0.64734077 0.03702278
v 0.34016839 -0.60370713 -0.10306968
v 0.32583225 -0.60666621 -0.15556839
v 0.32883495 -0.59405172 -0.14388405
v 0.31496608 -0.52308285 -0.08924796
v 0.34234640 -0.60516804 -0.05579864
v 0.31019366 -0.49539053 -0.04550670
v 0.33074439 -0.60662460 0.00223363
v 0.29272130 -0.47176927 0.01892991
v 0.29264954 -0.44568598 -0.03326451
v 0.28098264 -0.42526227 0.01224159
v 0.24955328 -0.28376415 0.01419517
v 0.26859981 -0.33825254 -0.04428848
v 0.25349972 -0.26562029 -0.03266254
v 0.24789351 -0.26544064 0.01929081
v 0.28654796 -0.43339497 -0.08328490
v 0.30103219 -0.47265565 -0.08206336
v 0.23199923 -0.27443972 0.05834360
v 0.27023223 -0.36774176 -0.08830034
v 0.24909236 -0.26517749 -0.08219953
v 0.27001634 -0.44727328 0.05916146
v 0.24051578 -0.33786488 0.06659110
v 0.25817108 -0.40921941 0.05640072
v 0.27143675 -0.48642200 0.06886344
v 0.29459873 -0.55709350 0.05504288
v 0.30955461 -0.61333936 0.04766138
v 0.29733178 -0.50577050 -0.13630427
v 0.27438825 -0.44403565 -0.13159691
v 0.26307788 -0.44480547 0.07031970
v 0.25649950 -0.45885506 0.08385158
v 0.24038351 -0.30980399 -0.13399218
v 0.24226846 -0.27116567 -0.10836214
v 0.28262705 -0.54065633 0.06786932
v 0.24054782 -0.25250426 -0.14794056
v 0.21840256 -0.28434330 0.08118957
v 0.20779680 -0.26301622 0.10332603
v 0.29358545 -0.61550170 0.07094125
v 0.24521993 -0.41331303 0.07570166
v 0.23439857 -0.26006994 0.06790633
v 0.24633464 -0.45255053 0.09472945
v 0.25270650 -0.53315175 0.09757851
v 0.21863943 -0.39864391 0.09943387
v 0.22210279 -0.41390094 0.09829184
v 0.19085775 -0.28685948 0.10858861
v 0.26615992 -0.24611762 -0.03777878
v 0.26292038 -0.24674800 0.02029274
v 0.26252115 -0.23159154 0.02040543
v 0.26405278 -0.22720808 -0.04750819
v 0.24245910 -0.14736563 0.01445610
v 0.23464939 -0.12605603 0.02778917
v 0.22488794 -0.07854440 0.02050528
v 0.21193509 -0.07698333 0.06384988
v 0.22590382 -0.07898382 -0.03739502
v 0.21047544 -0.10415281 0.08460622
v 0.24144021 -0.22840686 0.07869152
v 0.24191712 -0.24917352 0.08013915
v 0.22181590 -0.07997282 -0.09575124
v 0.25895780 -0.24643360 -0.09556615
v 0.25695178 -0.23256825 -0.10082725
v 0.19621953 -0.07728490 0.09889570
v 0.21260616 -0.23999280 0.12892255
v 0.19310960 -0.15685907 0.12752995
v 0.24442962 -0.24283662 -0.14619866
v 0.23321182 -0.19052237 -0.14692830
v 0.20688979 -0.07718553 -0.14467560
v 0.23093991 -0.06223786 0.02134531
v 0.19627509 -0.06137368 0.11206628
v 0.17085603 -0.07863116 0.12878764
v 0.21932474 -0.06219354 0.06394640
v 0.21604098 -0.00202835 0.06912118
v 0.22842248 0.00653969 0.01469759
v 0.21369247 0.02461989 0.06067480
v 0.23406725 -0.06176417 -0.02384843
v 0.22248811 0.02593794 0.01961507
v 0.22884975 0.02105913 -0.02973210
v 0.22837543 0.00402091 -0.09005187
v 0.23086713 -0.06253228 -0.08761454
v 0.22381565 0.02432492 -0.08953691
v 0.19075190 0.02359812 0.10769280
v 0.21110927 0.02119323 -0.14011814
v 0.21464582 -0.06177312 -0.14307794
v 0.17200874 0.01638067 0.13034579
v 0.22376706 -0.24289981 -0.18493652
v 0.20272969 -0.16534385 -0.18768503
v 0.19296259 0.02232552 -0.16974929
v 0.18387948 -0.07537397 -0.18011144
v 0.20761172 0.03735001 -0.10406579
v 0.19569634 0.03834549 -0.14787459
v 0.20117328 -0.19396114 -0.19925293
v 0.21702273 -0.25314057 -0.19113711
v 0.17745671 0.03818471 -0.17665459
v 0.18058445 -0.06475051 -0.18911125
v 0.20512335 -0.25288907 0.13100685
v 0.20309021 -0.23716789 -0.20844461
v 0.17307971 -0.07586683 -0.19199623
v 0.20654479 -0.25304013 -0.20401454
v 0.30994251 -0.78612709 -0.13350593
v 0.30289352 -0.61580378 -0.19219966
v 0.28014794 -0.62550479 0.07952812
v 0.16840486 0.44884998 0.01262649
v 0.16341779 0.45886675 -0.01587136
v 0.15012854 0.44572455 0.01766102
v 0.15499946 0.43210447 0.04893240
v 0.24674378 0.45233485 -0.01946240
v 0.24400465 0.43026581 0.02206744
v 0.17796241 0.46959352 -0.07889007
v 0.24981892 0.46064079 -0.05778216
v 0.24159092 0.46487585 -0.10062488
v 0.17219447 0.47380173 -0.09913128
v 0.16314182 0.46736678 -0.03198622
v 0.16157272 0.47385976 -0.13555358
v 0.24292217 0.46453723 -0.13298932
v 0.25201604 0.46139845 -0.14166144
v 0.24252845 0.46033576 -0.16916463
v 0.16136909 0.46793759 -0.18034537
v 0.13577472 0.46555644 -0.17227398
v 0.13500515 0.42680940 0.04735096
v 0.13942732 0.41664678 0.07340854
v 0.12522633 0.42564753 0.05414774
v 0.26829618 0.44937420 -0.11292341
v 0.16380407 0.48106319 -0.09592219
v 0.26812029 0.44359598 -0.16872883
v 0.26270202 0.43532497 -0.19554754
v 0.31080648 0.43761033 -0.17889823
v 0.05429928 -0.63080680 -0.02608142
v 0.04344597 -0.52182293 -0.02023738
v 0.04636202 -0.55586565 -0.04942851
v 0.04887501 -0.62528020 -0.08141316
v 0.04834308 -0.51431400 0.00460069
v 0.04803070 -0.50135815 -0.09363861
v 0.05661886 -0.62867534 -0.13003322
v 0.02883289 -0.38723919 -0.08649195
v 0.01979079 -0.36128184 -0.01591843
v 0.01965842 -0.32990515 -0.08611467
v 0.00488668 -0.27456522 -0.05765506
v 0.00274027 -0.27186593 -0.01278440
v 0.00963231 -0.27492362 -0.09934581
v 0.02922825 -0.35770550 0.03069413
v 0.04102033 -0.43341652 0.02932913
v 0.01643999 -0.30234924 0.02593792
v 0.00898923 -0.27123833 0.04200293
v 0.05521080 -0.63906622 -0.06989507
v 0.07843915 -0.63808811 0.03969853
v 0.07117194 -0.58812368 0.04426640
v 0.05739117 -0.46857214 0.05606246
v 0.04251266 -0.33515242 0.07876077
v 0.02638121 -0.27791736 0.08194526
v 0.06135356 -0.64036828 -0.01702411
v 0.06778242 -0.43047971 0.08377285
v 0.07627220 -0.46143672 0.09261288
v 0.08280757 -0.49361193 0.08920764
v 0.04035719 -0.28014854 0.10355381
v 0.09475380 -0.56815308 0.08396628
v 0.10343472 -0.64004588 0.07261000
v 0.06202498 -0.64011222 -0.12007633
v -0.00897285 -0.25510868 -0.02000405
v -0.00772520 -0.24896528 0.04558687
v -0.00336671 -0.25007230 0.07591930
v -0.01052325 -0.20343937 0.09489805
v -0.00298590 -0.23396447 0.14655106
v -0.01066883 -0.17201826 0.14526494
v -0.00456835 -0.18418232 0.18182044
v -0.01031383 -0.15552147 0.18139793
v 0.00855547 -0.24678159 0.17982683
v -0.01556527 -0.18399854 0.11012913
v 0.01096596 -0.26019546 0.13116945
v -0.00813898 -0.25079018 -0.07779058
v -0.01533608 -0.16565865 0.14315957
v -0.01631017 -0.14598158 0.18242531
v -0.00326092 -0.24506167 -0.13734488
v -0.01638268 -0.22771409 -0.11323460
v -0.00998503 -0.22207353 -0.16018727
v -0.00194307 -0.23637339 -0.24692622
v -0.01059643 -0.20715788 -0.21122018
v -0.01380654 -0.18987870 -0.24353623
v 0.00645806 -0.25307149 -0.24614149
v -0.00133768 -0.21525021 -0.26245934
v 0.00632323 -0.24455270 -0.26397356
v 0.03566470 -0.29274172 -0.15367417
v 0.04442865 -0.32821974 -0.14354505
v 0.06362525 -0.42412710 -0.14779921
v 0.07330359 -0.50072366 -0.15068635
v 0.02230314 -0.27637550 -0.14346147
v 0.07626569 -0.54230523 -0.16577387
v 0.07746822 -0.62938535 -0.17791523
v 0.01400878 -0.26478779 -0.15361671
v -0.00610434 -0.17153592 -0.26136270
v 0.01391838 -0.25643921 -0.26137459
v -0.01704397 -0.20364152 -0.19846152
v -0.01671927 -0.21640533 -0.15449373
v 0.01398839 -0.23938634 0.19074772
v -0.01595215 -0.24462724 0.03607253
v 0.04139224 -0.27329668 -0.17459199
v 0.07685402 -0.50927967 -0.15900545
v 0.08192676 -0.48635653 -0.16439563
v -0.01600014 -0.24573423 -0.06799684
v 0.02554911 -0.26825923 0.10507524
v -0.00146532 -0.16009888 0.18970895
v 0.08168468 -0.37513599 -0.17678575
v 0.08893231 -0.54120034 -0.18405363
v 0.10145810 -0.62832117 -0.20987555
v 0.08358810 -0.64213806 -0.16262250
v 0.10039662 -0.64003354 -0.19681267
v -0.01632732 -0.25067863 -0.02173006
v 0.07743388 -0.32172641 -0.17852646
v 0.09517635 -0.49691415 -0.17818895
v 0.06574671 -0.30764332 -0.17382690
v -0.01573108 -0.17075154 -0.25240812
v 0.11592266 -0.43848944 -0.19265109
v 0.12747270 -0.66002440 -0.18555410
v 0.12404339 -0.66888011 -0.17093284
v 0.15276749 -0.68580431 -0.18597580
v 0.12684289 -0.69043744 -0.16118252
v 0.10401819 -0.66660762 -0.13282397
v 0.10406055 -0.69185758 -0.10517719
v 0.09310536 -0.65954894 -0.10388130
v 0.10011852 -0.69138014 -0.06950209
v 0.09243591 -0.66628551 -0.04930975
v 0.10584284 -0.69298482 -0.02236259
v 0.08316567 -0.65291858 -0.03819535
v 0.10990654 -0.68493271 -0.01071821
v 0.10474028 -0.66004139 0.00862199
v 0.13219419 -0.69468695 0.02142202
v 0.09041949 -0.70709401 -0.04868582
v 0.12941197 -0.66341054 0.03921028
v 0.14016330 -0.68653846 0.03074025
v 0.10912111 -0.70774865 -0.14366509
v 0.09174702 -0.70784199 -0.08833200
v 0.11417314 -0.80063385 -0.06091418
v 0.11847354 -0.79921973 -0.11234415
v 0.10923756 -0.75739098 -0.11874492
v 0.09668194 -0.71147758 -0.02213501
v 0.12402489 -0.80063480 -0.01492855
v 0.13660988 -0.79743427 -0.15734510
v 0.10815136 -0.71264178 0.00371938
v 0.12631176 -0.70944524 -0.17459644
v 0.14237456 -0.79646689 -0.16848323
v 0.12829331 -0.81309736 -0.09716771
v 0.10026275 -0.70182627 -0.01767823
v 0.14075622 -0.78362048 0.02106783
v 0.13737035 -0.81472164 -0.12611125
v 0.12923369 -0.82032889 -0.07978261
v 0.12876785 -0.81217062 -0.05712335
v 0.14028400 -0.86768383 -0.12372430
v 0.13569975 -0.85378838 -0.09496664
v 0.13825423 -0.85271198 -0.06584889
v 0.13734005 -0.87923145 -0.07982164
v 0.13880576 -0.82318181 -0.04236406
v 0.14280120 -0.87335271 -0.05641895
v 0.13460739 -0.92713004 -0.09914745
v 0.13725676 -0.94341898 -0.07337885
v 0.13646752 -0.94783366 -0.12717496
v 0.13095967 -0.99511808 -0.11747711
v 0.13179523 -0.99391139 -0.08455770
v 0.13717982 -0.99523163 -0.14194584
v 0.14690290 -0.99288559 -0.01870307
v 0.15726626 -0.85922915 -0.01114396
v 0.14189154 -0.81417531 -0.02818625
v 0.15128024 -0.90905982 -0.03204454
v 0.16256087 -0.87171626 0.00611914
v 0.15333037 -0.95240486 -0.01511261
v 0.16864358 -0.91381109 0.05197056
v 0.15418455 -0.98496020 0.02703938
v 0.17334300 -0.92134529 0.08566870
v 0.15858482 -0.98627537 0.06792079
v 0.16031860 -0.98535079 0.14133327
v 0.17589226 -0.93431181 0.13935471
v 0.16254357 -0.86471140 -0.16012534
v 0.15139179 -0.81510687 -0.14965560
v 0.15451153 -0.93138218 -0.15839623
v 0.16892566 -0.98584706 0.17301413
v 0.18143842 -0.97339761 0.21362315
v 0.18061708 -0.98780566 0.19928618
v 0.19378009 -0.98151714 0.23277177
v 0.15393847 -0.99495494 -0.16866928
v 0.17181151 -0.84594768 0.01006916
v 0.15579836 -0.81020993 -0.00467771
v 0.12160311 -0.70752335 0.02287486
v 0.17528529 -0.87008035 0.03039423
v 0.20487912 -0.93089664 0.22234899
v 0.20807394 -0.96299350 0.24754603
v 0.18648943 -0.89334822 0.06969748
v 0.16388331 -0.79436654 0.03665949
v 0.17889833 -0.91931391 0.10732314
v 0.16795518 -0.79346102 -0.19045348
v 0.21827294 -0.97633559 0.25320145
v 0.17009556 -0.81220651 -0.16908728
v 0.18511367 -0.83892411 -0.17422575
v 0.15008828 -0.70377958 -0.19484702
v 0.17525013 -0.90814143 -0.17384832
v 0.12229136 -0.62945652 -0.22638738
v 0.11437718 -0.53969270 -0.20616552
v 0.18228905 -0.99406946 -0.19162937
v 0.14639051 -0.63918209 -0.23076116
v 0.23706622 -0.96160275 0.25950053
v -1.00069773 0.27356321 -0.02874093
v -0.98344982 0.35082456 0.03450307
v -0.98972350 0.32488641 -0.06312643
v -0.97337961 0.39633399 -0.00031552
v -0.97024786 0.39117971 -0.10713293
v -0.97866654 0.34192315 -0.13894647
v -0.99361187 0.27613252 -0.12319164
v -0.99417472 0.27850246 0.05484738
v -0.97074527 0.37735066 0.09240450
v -0.96420151 0.39543924 0.08667232
v -0.98172098 0.29223469 0.10971823
v -0.96500063 0.37588766 0.11745828
v -0.96398759 0.39579487 -0.13086419
v -0.96604586 0.40404838 -0.07101823
v -0.97540849 0.31027746 -0.17908108
v -0.96076947 0.38045821 -0.16464005
v -0.97893184 0.26730803 -0.18252648
v -0.98014432 0.27087957 0.11653808
v -0.97716087 0.22770700 0.10826576
v -0.98069501 0.22141263 0.08301499
v -0.98523027 0.21645197 -0.01112670
v -0.97999680 0.22426368 -0.13240799
v -0.98418099 0.21575351 -0.06366295
v -0.96514279 0.27632713 -0.21242638
v -0.94499123 0.37760735 -0.20339619
v -0.95036942 0.39846766 0.12478133
v -0.96318948 0.29913935 0.14683829
v -0.95450199 0.32536286 0.16532700
v -0.93760687 0.38411084 0.17165011
v -0.93266320 0.35803637 0.20678347
v -0.93219823 0.29829416 0.23152669
v -0.95275652 0.24397837 0.21065442
v -0.96330535 0.26002288 0.14467672
v -0.94932956 0.20795798 0.13734224
v -0.94289434 0.20416944 0.19936225
v -0.94463855 0.22314626 0.21897437
v -0.93735516 0.24372119 0.23630908
v -0.96317381 0.21941005 -0.18273415
v -0.95159155 0.38740665 -0.17887554
v -0.93522137 0.34478852 -0.23527326
v -0.96295840 0.40544787 0.02710531
v -0.94317269 0.22216208 -0.22773342
v -0.97095335 0.20878348 -0.13307865
v -0.93890667 0.23451415 -0.23942262
v -0.96386266 0.21046917 0.11675856
v -0.96687013 0.20384565 0.09232945
v -0.94169170 0.29204512 -0.24054249
v -0.93652254 0.25695446 -0.24579372
v -0.97276962 0.20453936 -0.09149443
v -0.97272432 0.20308484 0.00557945
v -0.94372523 0.20564125 -0.20660801
v -0.92232865 0.17591892 0.18193997
v -0.94131625 0.19422664 0.12504868
v -0.92396277 0.19408555 0.22099286
v -0.93123519 0.36654252 -0.22763209
v -0.90308142 0.38966268 0.21709991
v 0.00526044 0.72957826 0.20448118
v 0.00448732 0.77417606 0.19982760
v -0.01401868 0.77139467 0.20336501
v -0.02005204 0.73537993 0.20873828
v 0.00664956 0.69388807 0.21218146
v 0.04041175 0.68260753 0.19431332
v 0.05390150 0.78343958 0.18432398
v 0.07134294 0.64570975 0.18708004
v 0.11836287 0.76276863 0.16855028
v 0.10490279 0.79524463 0.16869880
v 0.11423604 0.66587734 0.17222413
v 0.10243441 0.62339354 0.17967193
v 0.04071519 0.66794211 0.19675459
v 0.12932399 0.79880679 0.15408495
v 0.04998120 0.63483232 0.20041297
v 0.12522312 0.61465883 0.16510540
v 0.12808703 0.69432634 0.16281436
v 0.04058148 0.64606124 0.20711516
v -0.01248842 0.69848460 0.22068042
v 0.01487077 0.62983727 0.20894362
v 0.04996378 0.60306585 0.21817943
v 0.12399628 0.59763443 0.19295461
v 0.12220639 0.58552593 0.19858100
v 0.11619831 0.55182493 0.20060764
v 0.02296813 0.56260067 0.22320846
v 0.09546182 0.48563755 0.20520534
v 0.01418163 0.49060884 0.22585119
v 0.02850977 0.46867424 0.22255199
v -0.01322521 0.55416012 0.22984001
v -0.00031398 0.60281354 0.23158085
v 0.11270431 0.47215149 0.19457072
v 0.10852513 0.45796010 0.19592255
v -0.02052763 0.47395989 0.22640523
v 0.13169906 0.58666736 0.19036545
v -0.06495541 0.47001138 0.22204730
v -0.04284509 0.56327575 0.22669107
v -0.04304317 0.60510033 0.22920798
v -0.04628130 0.77553523 0.19665097
v 0.02399771 0.44879487 0.21577331
v 0.12580377 0.53917974 0.18762124
v -0.14503792 0.51674110 0.20088150
v -0.14376645 0.58646441 0.20246281
v -0.13834709 0.46344513 0.19860451
v -0.06698196 0.69936144 0.19487935
v -0.08874232 0.78391242 0.18311688
v -0.10428424 0.64286560 0.18663123
v -0.15475501 0.76071143 0.16692957
v -0.13139062 0.79431444 0.17072032
v -0.08891037 0.64991689 0.19120622
v -0.03366749 0.69865072 0.21343391
v -0.14669350 0.66044718 0.17162108
v -0.14081818 0.62040782 0.17746511
v -0.08541927 0.61907125 0.20940696
v -0.15407521 0.59872413 0.19290529
v -0.06654630 0.44771600 0.21265657
v -0.15826873 0.79764825 0.15679735
v -0.16008458 0.58894575 0.19444785
v -0.08224017 0.63419431 0.20084810
v -0.15596180 0.63404059 0.16588938
v -0.06234993 0.64187181 0.21021934
v -0.04451622 0.63134247 0.20773591
v -0.01484310 0.63910818 0.21064036
v -0.01672491 0.62986052 0.20482983
v 0.01445280 0.64197510 0.21523418
v 0.02957240 0.65642929 0.21721651
v -0.03026838 0.66574377 0.24446559
v -0.01418966 0.66563851 0.24926168
v -0.01759112 0.65372431 0.24197647
v 0.00204036 0.66564536 0.24060594
v 0.00777542 0.65441650 0.23376469
v -0.13361575 0.44766188 0.19048588
v 0.10433442 0.44731778 0.18938728
v -0.05707121 0.65392029 0.22339381
v -0.01507679 0.79293406 0.22484255
v 0.01959708 0.79828328 0.21796437
v -0.01232846 0.87513888 0.21578929
v -0.04518678 0.81287265 0.21923560
v -0.04560396 0.90449691 0.20833041
v -0.01256292 0.92281348 0.21106964
v 0.02742413 0.91482973 0.20326781
v -0.05707830 0.91365975 0.20435500
v 0.10466453 0.84913158 0.18782398
v -0.05085337 0.79616672 0.21654220
v 0.09131802 0.80913073 0.19236532
v 0.14832662 0.82537502 0.17213903
v 0.14784296 0.90074193 0.16479754
v 0.15496778 0.84459388 0.16862237
v -0.12143452 0.90305841 0.18495740
v -0.12658960 0.81675923 0.19233273
v -0.19040857 0.86517394 0.16491491
v -0.18402654 0.82787913 0.17083102
v -0.17593913 0.90621710 0.16511381
v -0.09520727 0.80234247 0.20073530
v -0.05210040 0.92577028 0.19888575
v -0.14984778 0.91595423 0.16736329
v 0.08462770 0.92235738 0.17499010
v 0.13750869 0.91759557 0.15781921
v 0.02318616 0.92872375 0.19393715
v -0.15897137 0.80945647 0.17183897
v -0.16645917 0.76200557 0.15322083
v -0.16377904 0.61807919 0.15201393
v -0.14580071 0.46372160 0.18970500
v 0.14527746 0.81300962 0.16262703
v -0.16516587 0.67456198 0.15418299
v -0.19764824 0.90207648 0.13726200
v 0.13757329 0.78153795 0.14347327
v -0.17547247 0.80133760 0.12933750
v 0.14797504 0.79937077 0.12388308
v -0.18078360 0.60146868 0.14830011
v -0.20121156 0.62944114 0.10023915
v -0.19572841 0.66914201 0.07797554
v -0.21033397 0.64902693 0.07661207
v -0.21498832 0.66854858 0.06734592
v -0.21573021 0.70980710 0.06525302
v -0.19454706 0.73447764 0.08257829
v -0.20749201 0.76073486 0.08674094
v -0.20115718 0.79780191 0.10993022
v -0.18426141 0.77505928 0.10652351
v -0.20970608 0.79698688 0.09888855
v -0.21434009 0.74870914 0.07488032
v -0.20325564 0.82534856 0.13040477
v -0.19504596 0.81502450 0.13950112
v 0.14697231 0.60057908 0.15222324
v 0.14892323 0.63788915 0.11476239
v 0.16690713 0.62787032 0.10511948
v 0.18075281 0.65530145 0.07060387
v 0.16402143 0.67017639 0.07823033
v 0.18113250 0.67527241 0.06753709
v 0.16420086 0.72716147 0.08020707
v 0.14010036 0.68921328 0.13903898
v 0.15200603 0.78368336 0.11152876
v 0.15669884 0.75537956 0.09499379
v 0.17719263 0.76425964 0.08716612
v 0.16299002 0.81067556 0.12516841
v -0.67881483 0.41731498 -0.11492320
v -0.68232465 0.41572377 -0.03511096
v -0.61787409 0.41672757 -0.09376199
v -0.61765909 0.41314337 -0.02976028
v -0.61844534 0.41080195 -0.15116748
v -0.68234080 0.40939918 -0.16358182
v -0.67636532 0.40690970 0.00271272
v -0.70233721 0.40925294 -0.06639698
v -0.70095241 0.39959681 0.00573145
v -0.71207476 0.40664530 -0.06509659
v -0.71383542 0.40480071 -0.12784064
v -0.70580411 0.40138617 -0.15388474
v -0.72394800 0.40322891 -0.15778884
v -0.69074625 0.39272171 0.03069353
v -0.70369989 0.39255330 0.03971977
v -0.61691707 0.38946915 0.03153952
v -0.77812928 0.42375389 -0.13537067
v -0.76699167 0.42635429 -0.07990918
v -0.84282970 0.42993060 -0.09062913
v -0.82392293 0.43235865 -0.02742388
v -0.76010269 0.42401183 -0.00877604
v -0.77651304 0.42535922 0.02413109
v -0.85053945 0.42550924 0.05579844
v -0.80584806 0.41478476 0.13148978
v -0.75374353 0.40745261 0.13624519
v -0.73144794 0.40902314 0.07515711
v -0.77876884 0.40484121 0.16692257
v -0.86576051 0.41119918 0.16092807
v -0.81720197 0.40135840 0.19471350
v -0.91300893 0.42379615 -0.02787065
v -0.91553944 0.41361529 0.10423361
v -0.91216832 0.42142886 -0.09039871
v -0.83549047 0.41722527 -0.16395223
v -0.72784716 0.40018427 0.12383109
v -0.90117472 0.41098481 -0.17010394
v -0.92407012 0.40058288 0.16527423
v -0.85429227 0.39494127 0.21263538
v -0.77390313 0.41437000 -0.17229740
v -0.94449717 0.41591033 -0.04126838
v -0.94589800 0.40707496 -0.14364457
v -0.94776320 0.40623075 0.09655528
v -0.90308142 0.38966268 0.21709991
v -0.95190865 0.41069308 -0.10124028
v -0.96295840 0.40544787 0.02710531
v -0.60614043 0.40831202 -0.12949453
v -0.95036942 0.39846766 0.12478133
v -0.61288971 0.39871180 -0.18259560
v -0.60452813 0.39421844 0.00816089
v -0.68351990 0.39683571 -0.19394767
v -0.71057290 0.38945827 -0.18507452
v -0.77430403 0.40336245 -0.19517913
v -0.84154797 0.39821404 -0.20805542
v -0.90015465 0.38641307 -0.21903120
v -0.96604586 0.40404838 -0.07101823
v -0.92894405 0.38634050 -0.20794524
v -0.73365539 0.39174455 0.15062417
v -0.61677533 0.38045415 -0.21049590
v -0.71353507 0.39362904 0.09636597
v -0.95159155 0.38740665 -0.17887554
v -0.68448496 0.37765339 -0.21838954
v -0.96420151 0.39543924 0.08667232
v -0.70478284 0.38650814 0.05516392
v -0.96398759 0.39579487 -0.13086419
v -0.60107702 0.39816579 -0.02883913
v -0.79650390 0.37538928 -0.22938296
v -0.71149355 0.37148294 -0.20678364
v -0.63575608 0.36896732 0.05467122
v -0.69186866 0.37403879 0.05108469
v -0.94499123 0.37760735 -0.20339619
v -0.93123519 0.36654252 -0.22763209
v -0.93760687 0.38411084 0.17165011
v -0.60425764 0.37183866 -0.20649375
v -0.60535371 0.36288807 0.04920995
v -0.66712898 0.33431041 0.07131893
v -0.68659735 0.33464125 0.06988474
v -0.61866450 0.32335430 0.06993698
v -0.41731325 0.34890103 -0.20407270
v -0.39844078 0.32501090 -0.21486804
v -0.44521138 0.30092457 -0.21934508
v -0.41068226 0.37613848 -0.19290242
v -0.49316216 0.30816609 -0.21651195
v -0.50178540 0.33803460 -0.20745537
v -0.52865827 0.29577011 -0.22085662
v -0.53705740 0.33913511 -0.20680045
v -0.59317446 0.32852864 -0.20972517
v -0.38088214 0.30581078 -0.22047575
v -0.59310561 0.35561013 -0.19285496
v -0.59007543 0.28081810 -0.21345010
v -0.38193151 0.33929506 -0.21795605
v -0.52130133 0.27361214 -0.22017403
v -0.49180055 0.27101803 -0.21555769
v -0.37896124 0.27576384 -0.21868490
v -0.59252566 0.24167188 -0.20557238
v -0.35449606 0.27705863 -0.22710901
v -0.39781332 0.40340546 -0.18928789
v -0.43891031 0.37390855 -0.18162124
v -0.49583593 0.36911833 -0.18303573
v -0.33283684 0.36468628 -0.24022354
v -0.31422031 0.38858393 -0.23885435
v -0.29046011 0.37997451 -0.25166124
v -0.29015020 0.31882143 -0.26488125
v -0.33251753 0.33282757 -0.24820776
v -0.29048151 0.27462274 -0.25598627
v -0.29071888 0.41327175 -0.22795518
v -0.36526576 0.42149568 -0.19124286
v -0.27665886 0.37902442 -0.26401448
v -0.27524081 0.42182410 -0.23883580
v -0.26503158 0.40402278 -0.25556815
v -0.49486876 0.25094169 -0.20935845
v -0.52380258 0.23580129 -0.20770344
v -0.37514463 0.25289455 -0.21129987
v -0.32027635 0.23494914 -0.20610417
v -0.38687024 0.24275933 -0.20494334
v -0.49659482 0.22828327 -0.19578506
v -0.28912738 0.24753259 -0.23696940
v -0.59113759 0.21814041 -0.18569075
v -0.37899697 0.22264554 -0.18645021
v -0.28925297 0.22621627 -0.21414196
v -0.27783412 0.27723974 -0.27451241
v -0.51827008 0.20545672 -0.17388882
v -0.49224713 0.21307051 -0.17891021
v -0.39326146 0.20874406 -0.16489452
v -0.30174494 0.20806794 -0.17425610
v -0.29114470 0.20867454 -0.18321215
v -0.59143448 0.20212981 -0.15896469
v -0.27616477 0.26662636 -0.27363414
v -0.27626452 0.21910822 -0.24681443
v -0.51799476 0.19490375 -0.14880727
v -0.41597271 0.20425420 -0.15447403
v -0.46453714 0.19914830 -0.14636776
v -0.30165520 0.19899650 -0.14049277
v -0.49177393 0.19539471 -0.13080592
v -0.29169762 0.19598585 -0.14615546
v -0.27823126 0.19786505 -0.22218898
v -0.59118921 0.19442707 -0.12666196
v -0.40720630 0.19720937 -0.11650690
v -0.27627391 0.16629021 -0.17507434
v -0.51761645 0.18989040 -0.11045806
v -0.43665713 0.19580416 -0.09314318
v -0.46851337 0.19342078 -0.08406274
v -0.29448184 0.19685741 -0.08907392
v -0.48979545 0.19441921 -0.06296328
v -0.51691461 0.19012675 -0.06779374
v -0.59162372 0.19161233 -0.08825633
v -0.28241295 0.18221764 -0.11148573
v -0.30264282 0.19839551 -0.06755485
v -0.28493392 0.18912022 -0.05087868
v -0.38700145 0.20342338 -0.04441148
v -0.59187859 0.19649835 -0.03760883
v 0.96501243 0.27413401 0.02148471
v 0.96630383 0.27915096 -0.05515369
v 0.95066726 0.35596830 -0.00942199
v 0.95723027 0.30621848 0.05554779
v 0.93977773 0.39191821 0.03571230
v 0.94484848 0.36739591 -0.10854734
v 0.96109968 0.28195965 -0.12621352
v 0.93592185 0.40068308 -0.05698802
v 0.93344903 0.38235590 0.10182466
v 0.93372071 0.39485210 -0.12385789
v 0.94228518 0.32165444 -0.17256418
v 0.93027222 0.38528851 -0.15400854
v 0.94997585 0.27968302 0.11295813
v 0.92725623 0.37613356 0.13299370
v 0.92708898 0.39596924 0.11246704
v 0.92424941 0.40351591 0.08866255
v 0.94327247 0.27479237 -0.19345994
v 0.92528331 0.35841501 -0.19091471
v 0.93029380 0.32480961 -0.20334148
v 0.92706108 0.33328137 -0.21236442
v 0.94861430 0.25578442 -0.17166476
v 0.92369622 0.28669909 -0.22538784
v 0.95589674 0.24901970 -0.12918571
v 0.93209738 0.40409955 0.02165432
v 0.95730650 0.23073055 -0.02384560
v 0.95647538 0.23049235 -0.06474146
v 0.94419104 0.21957929 0.08745266
v 0.94766510 0.21504644 0.03328378
v 0.94557196 0.25611174 0.12064784
v 0.93010855 0.26355582 -0.21796480
v 0.92905372 0.29690257 0.14942673
v 0.92503381 0.35190704 0.15684023
v 0.92074919 0.32160601 0.17468634
v 0.92591453 0.30194217 0.17613697
v 0.92623079 0.25375721 0.18668473
v 0.92659724 0.24120183 0.14557007
v 0.91871303 0.29496431 0.19520585
v 0.91953588 0.25354809 0.20984811
v 0.91781116 0.22020493 0.17624897
v 0.90747201 0.21035029 0.21469688
v 0.90536875 0.30242094 0.22225215
v 0.89369738 0.37558654 0.20473990
v 0.91691393 0.36874878 0.15494297
v 0.91156912 0.19657926 0.12588494
v 0.89867562 0.39485478 0.17000405
v 0.91344184 0.39890361 0.13153759
v 0.94841975 0.21160869 -0.04874259
v 0.93319970 0.20804738 -0.16344021
v 0.93995601 0.20803419 -0.11780910
v 0.92769462 0.20540716 0.11682459
v 0.93140364 0.21332622 -0.17707895
v 0.89794797 0.26074800 0.23895827
v 0.92456156 0.22356668 -0.20303759
v 0.92175019 0.23945297 -0.21676214
v 0.89524204 0.18093480 0.16782312
v 0.89116132 0.22991480 0.24138483
v 0.88048255 0.36663321 0.22578754
v 0.92611772 0.40886763 -0.09170708
v 0.93126225 0.20183854 0.09154624
v 0.90831047 0.35437027 -0.22656061
v 0.91432142 0.38541469 -0.19169877
v 0.91374415 0.40118453 -0.15846878
v 0.90758717 0.24034259 -0.24266168
v 0.90973169 0.22839600 -0.23588541
v 0.90619248 0.20355685 -0.21199669
v 0.90334225 0.31785306 -0.24387601
v 0.91407967 0.19752268 -0.17566958
v 0.90460998 0.27304479 -0.24695158
v 0.94200176 0.20491104 -0.04167626
v 0.88161212 0.31246465 0.23972043
v 0.87171388 0.38644117 0.21768886
v 0.89267665 0.36882740 -0.23090465
v 0.88202059 0.19312552 0.22582021
v 0.73714012 0.42746201 -0.07707120
v 0.73518348 0.42758021 -0.03585164
v 0.78738648 0.43294588 -0.04049817
v 0.76390022 0.42853180 -0.10841201
v 0.77401954 0.42419684 0.06286316
v 0.71516061 0.41399419 0.06939888
v 0.74218416 0.41349214 0.12904789
v 0.69989419 0.40361610 0.12439673
v 0.81573492 0.42688057 0.03527562
v 0.78701180 0.40677571 0.18177475
v 0.73471779 0.40488714 0.16281186
v 0.84824085 0.41647315 0.10920337
v 0.84108281 0.42887694 -0.02317493
v 0.86657035 0.40174472 0.18395953
v 0.87268370 0.42094454 0.03937744
v 0.89751154 0.40663722 0.12454205
v 0.81701201 0.39707497 0.20841406
v 0.89653832 0.41937345 -0.01852680
v 0.87678993 0.41995913 -0.11751165
v 0.91046643 0.41599244 -0.06290140
v 0.90936553 0.41241676 0.04623897
v 0.92321068 0.41064399 0.02279532
v 0.92425406 0.41094124 -0.01542361
v 0.92424941 0.40351591 0.08866255
v 0.77993888 0.41832840 -0.16230853
v 0.92611772 0.40886763 -0.09170708
v 0.73385495 0.41671568 -0.16061465
v 0.86446989 0.40559486 -0.18444583
v 0.89867562 0.39485478 0.17000405
v 0.92368364 0.40531877 -0.11907949
v 0.91374415 0.40118453 -0.15846878
v 0.91344184 0.39890361 0.13153759
v 0.93209738 0.40409955 0.02165432
v 0.87171388 0.38644117 0.21768886
v 0.67805636 0.40134630 -0.14953002
v 0.69483835 0.41060463 -0.07897121
v 0.67464358 0.40634298 -0.10747284
v 0.67711926 0.40650922 -0.06037145
v 0.67466235 0.40184462 -0.01039438
v 0.69361281 0.40785903 0.03692255
v 0.68666571 0.40273553 0.06877486
v 0.77114987 0.40526140 -0.19478886
v 0.65035295 0.41446647 -0.14191124
v 0.65251786 0.41746542 -0.08359037
v 0.58769894 0.41736153 -0.08253645
v 0.64242351 0.41440940 -0.02332967
v 0.58084363 0.41169897 -0.03029154
v 0.65703243 0.41330734 -0.03063392
v 0.57714033 0.40978128 -0.14316936
v 0.58595037 0.40019640 0.01240451
v 0.64086509 0.40487587 0.00969345
v 0.65203267 0.40836033 -0.16931626
v 0.59180468 0.39864108 -0.18801086
v 0.66789550 0.39641669 0.01933914
v 0.66696537 0.38857320 0.03679486
v 0.67788911 0.39235908 -0.17812139
v 0.90042925 0.39032665 -0.19942243
v 0.75856590 0.39607269 0.19077283
v 0.72546643 0.40073401 -0.19257411
v 0.57371897 0.39796120 -0.17218922
v 0.60652661 0.38717541 0.03773565
v 0.87004757 0.38631085 -0.21776500
v 0.65795952 0.38486299 -0.20954445
v 0.93592185 0.40068308 -0.05698802
v 0.92708898 0.39596924 0.11246704
v 0.85058516 0.38247004 0.22610442
v 0.71477878 0.39351103 0.16362728
v 0.69435662 0.39235634 0.14379756
v 0.76869416 0.39157808 -0.21449342
v 0.57168794 0.40389714 -0.03929153
v 0.59139276 0.37935206 -0.21306822
v 0.91432142 0.38541469 -0.19169877
v 0.58400035 0.37328556 0.04664929
v 0.68163854 0.38944080 0.11851227
v 0.57291979 0.39180017 0.00678920
v 0.89267665 0.36882740 -0.23090465
v 0.71566522 0.37632003 -0.21691096
v 0.67820138 0.36970752 -0.20853798
v 0.57329124 0.37920547 0.02998896
v 0.93372071 0.39485210 -0.12385789
v 0.66098291 0.37496889 0.04993772
v 0.57136106 0.36425450 -0.21248406
v 0.67243707 0.38112539 0.05885550
v 0.89369738 0.37558654 0.20473990
v 0.59436947 0.36005509 0.05914111
v 0.57353318 0.35921493 0.05054191
v 0.65444309 0.33515495 0.07038888
v 0.66428071 0.34078526 0.07508149
v 0.68110603 0.29057842 -0.23289435
v 0.67838866 0.32733470 -0.23124440
v 0.69304645 0.32377687 -0.23187096
v 0.73106593 0.31702259 -0.24118397
v 0.70175689 0.27153954 -0.23602802
v 0.76960009 0.28138655 -0.24697711
v 0.78533655 0.35116959 -0.24277692
v 0.74525666 0.36010140 -0.23617467
v 0.84614140 0.30564919 -0.24788533
v 0.82296413 0.24914066 -0.24616577
v 0.90460998 0.27304479 -0.24695158
v 0.90334225 0.31785306 -0.24387601
v 0.88471329 0.34979367 -0.24079409
v 0.90758717 0.24034259 -0.24266168
v 0.75507534 0.24501362 -0.23873532
v 0.67943180 0.26013342 -0.22818314
v 0.80531257 0.36992949 -0.23567247
v 0.69007564 0.35710052 -0.21973574
v 0.72162986 0.23865232 -0.22852342
v 0.89267665 0.36882740 -0.23090465
v 0.86986625 0.22260225 -0.23412098
v 0.67820138 0.36970752 -0.20853798
v 0.71566522 0.37632003 -0.21691096
v 0.90973169 0.22839600 -0.23588541
v 0.90831047 0.35437027 -0.22656061
v 0.65710157 0.29660311 -0.24635413
v 0.65372932 0.34859586 -0.23804842
v 0.59083736 0.32583869 -0.24225783
v 0.58744943 0.28394675 -0.24455081
v 0.65468603 0.26750955 -0.24332678
v 0.58072883 0.35201719 -0.23083229
v 0.58470756 0.23537071 -0.23104690
v 0.57180262 0.31171912 -0.23539004
v 0.57454807 0.26771417 -0.23670712
v 0.65134686 0.22664785 -0.22448729
v 0.59139276 0.37935206 -0.21306822
v 0.65795952 0.38486299 -0.20954445
v 0.76869416 0.39157808 -0.21449342
v 0.87004757 0.38631085 -0.21776500
v 0.75291806 0.22821438 -0.22676030
v 0.57476234 0.22442642 -0.21974972
v 0.67706782 0.22708392 -0.20559809
v 0.58590269 0.20256948 -0.20534743
v 0.57136106 0.36425450 -0.21248406
v 0.18698555 -0.55181372 0.12707387
v 0.17495076 -0.46015120 0.13442127
v 0.14197493 -0.46136749 0.13147999
v 0.15405518 -0.55530185 0.12163235
v 0.17994322 -0.63085151 0.11999609
v 0.19979888 -0.62968993 0.12391596
v 0.14168392 -0.63069403 0.10474400
v 0.12910131 -0.52023679 0.11591326
v 0.10827917 -0.45781839 0.11723436
v 0.11093886 -0.42483580 0.11592091
v 0.17171051 -0.64022267 0.11319838
v 0.09475380 -0.56815308 0.08396628
v 0.10343472 -0.64004588 0.07261000
v 0.13300073 -0.64159393 0.09457105
v 0.08280757 -0.49361193 0.08920764
v 0.07627220 -0.46143672 0.09261288
v 0.08837038 -0.43037191 0.10141145
v 0.08779532 -0.32008040 0.12071565
v 0.06309393 -0.31351352 0.10839491
v 0.10358601 -0.28149733 0.13417310
v 0.13174506 -0.42130846 0.12369563
v 0.11871139 -0.30353782 0.13201901
v 0.05470761 -0.27486753 0.11935342
v 0.06778242 -0.43047971 0.08377285
v 0.15232059 -0.42974615 0.12658764
v 0.15729976 -0.40863308 0.12632318
v 0.04035719 -0.28014854 0.10355381
v 0.04251266 -0.33515242 0.07876077
v 0.14696796 -0.27929944 0.13045552
v 0.02554911 -0.26825923 0.10507524
v 0.17801028 -0.42732111 0.12219475
v 0.15179008 -0.30668402 0.12521398
v 0.24303403 -0.62335211 0.10863248
v 0.06352487 -0.26871797 0.13348210
v 0.10411748 -0.26891631 0.14630605
v 0.15946142 -0.26524094 0.13519421
v 0.19085775 -0.28685948 0.10858861
v 0.21863943 -0.39864391 0.09943387
v 0.23810610 -0.53935468 0.10800157
v 0.21897833 -0.45600167 0.11577094
v 0.25673994 -0.62326658 0.10187646
v 0.24216008 -0.63265544 0.10467742
v 0.22210279 -0.41390094 0.09829184
v 0.20779680 -0.26301622 0.10332603
v 0.25270650 -0.53315175 0.09757851
v 0.24633464 -0.45255053 0.09472945
v 0.29358545 -0.61550170 0.07094125
v 0.28014794 -0.62550479 0.07952812
v -0.18373127 -0.47661081 -0.20529182
v -0.20974207 -0.46956187 -0.20491813
v -0.19115345 -0.42892176 -0.20029965
v -0.15613273 -0.42602804 -0.19568133
v -0.18270999 -0.50770265 -0.21176843
v -0.21591443 -0.38719347 -0.19235983
v -0.17105727 -0.32706696 -0.19413225
v -0.14499187 -0.32051805 -0.19261339
v -0.20150217 -0.37773308 -0.19558172
v -0.20245351 -0.28224754 -0.18435149
v -0.16588093 -0.28357229 -0.19578315
v -0.12739560 -0.28839391 -0.19198184
v -0.24144801 -0.46514678 -0.19527908
v -0.20834246 -0.55047476 -0.22770640
v -0.25851241 -0.56296271 -0.22520664
v -0.25398409 -0.50156862 -0.20493327
v -0.23090404 -0.62854654 -0.24798480
v -0.27407408 -0.61761916 -0.24008702
v -0.17978165 -0.62994152 -0.24056651
v -0.24791287 -0.45238078 -0.18946752
v -0.23205289 -0.34717500 -0.17881022
v -0.28004637 -0.55596709 -0.21263203
v -0.31466967 -0.60820961 -0.21526372
v -0.24538477 -0.28230757 -0.15967903
v -0.15242395 -0.49240792 -0.19795962
v -0.15445115 -0.56963575 -0.21812952
v -0.26434493 -0.36360651 -0.16173825
v -0.28226256 -0.44700593 -0.16644083
v -0.31484812 -0.54519045 -0.18223776
v -0.29247943 -0.62139028 -0.22838572
v -0.11623231 -0.37571239 -0.17969559
v -0.10315394 -0.33092633 -0.17337261
v -0.12493379 -0.43548071 -0.18041812
v -0.14201164 -0.62483376 -0.21963927
v -0.08440722 -0.28037441 -0.17624065
v -0.11336961 -0.26875299 -0.20209624
v -0.34244058 -0.60744464 -0.18651874
v -0.26124173 -0.28216863 -0.14170116
v -0.12489397 -0.53330326 -0.18801685
v -0.25113070 -0.63292724 -0.23812479
v -0.14062411 -0.63330221 -0.21598458
v -0.32600436 -0.61554223 -0.20174399
v -0.17221433 -0.26830378 -0.20769998
v -0.22895651 -0.26641583 -0.18127039
v -0.25247839 -0.26633745 -0.16135952
v -0.10912053 -0.49798822 -0.16037047
v -0.09984128 -0.42611393 -0.15531540
v -0.07919821 -0.32923293 -0.15054946
v -0.06487240 -0.27926096 -0.16197018
v -0.18075599 -0.63944751 -0.23170826
v 0.16108349 -0.47577080 -0.20667630
v 0.16190198 -0.43805212 -0.20118138
v 0.18640375 -0.46046522 -0.20236892
v 0.18258610 -0.41277185 -0.19540380
v 0.14486203 -0.32227814 -0.19390851
v 0.16334362 -0.28457099 -0.18775962
v 0.12462416 -0.28420317 -0.19731040
v 0.21599308 -0.42549980 -0.18501389
v 0.22538652 -0.46925563 -0.19047116
v 0.17977451 -0.48096699 -0.20814887
v 0.19465411 -0.33322617 -0.17893764
v 0.20414260 -0.28054661 -0.16578101
v 0.23003633 -0.35756543 -0.16217387
v 0.24752265 -0.45185897 -0.17015973
v 0.24015914 -0.54792827 -0.21625067
v 0.19334984 -0.59706002 -0.24045548
v 0.28239939 -0.53707838 -0.17872125
v 0.30063906 -0.59209132 -0.19140527
v 0.20960768 -0.62221849 -0.24791262
v 0.24993470 -0.61587805 -0.23679629
v 0.28625157 -0.60918665 -0.21444564
v 0.23749962 -0.62604076 -0.23944424
v 0.17044222 -0.54112786 -0.22418672
v 0.27701896 -0.61895657 -0.21920162
v 0.11580428 -0.31750926 -0.19294468
v 0.22866537 -0.28023833 -0.14064021
v 0.16544539 -0.63024539 -0.24338412
v 0.11592266 -0.43848944 -0.19265109
v 0.14133994 -0.62172097 -0.23579375
v 0.12840284 -0.49323598 -0.20113845
v 0.08583605 -0.27726504 -0.19103406
v 0.19758445 -0.63288116 -0.24394871
v 0.11437718 -0.53969270 -0.20616552
v 0.08168468 -0.37513599 -0.17678575
v 0.07743388 -0.32172641 -0.17852646
v 0.12229136 -0.62945652 -0.22638738
v 0.24038351 -0.30980399 -0.13399218
v 0.27438825 -0.44403565 -0.13159691
v 0.29733178 -0.50577050 -0.13630427
v 0.32883495 -0.59405172 -0.14388405
v 0.32583225 -0.60666621 -0.15556839
v 0.30289352 -0.61580378 -0.19219966
v 0.24226846 -0.27116567 -0.10836214
v 0.19857056 -0.26578128 -0.18112434
v 0.15799783 -0.26700464 -0.20301929
v 0.11679959 -0.27273834 -0.20283560
v 0.21721050 -0.26474595 -0.16490434
v 0.06574671 -0.30764332 -0.17382690
v 0.04139224 -0.27329668 -0.17459199
v 0.09517635 -0.49691415 -0.17818895
v 0.14639051 -0.63918209 -0.23076116
v -0.75563759 0.28842446 -0.24145484
v -0.79133898 0.34929168 -0.24119985
v -0.71177971 0.31703731 -0.23162484
v -0.71170080 0.27682483 -0.23227134
v -0.85459960 0.28882462 -0.24872808
v -0.80058563 0.25376496 -0.24489015
v -0.84567016 0.34997323 -0.24325725
v -0.83159989 0.24883948 -0.24511379
v -0.92734182 0.32129928 -0.24369785
v -0.93652254 0.25695446 -0.24579372
v -0.89975953 0.36475664 -0.23631333
v -0.71165550 0.34938681 -0.22112237
v -0.93522137 0.34478852 -0.23527326
v -0.79650390 0.37538928 -0.22938296
v -0.87449378 0.23420639 -0.23998022
v -0.93890667 0.23451415 -0.23942262
v -0.93123519 0.36654252 -0.22763209
v -0.94169170 0.29204512 -0.24054249
v -0.74685782 0.23547420 -0.22300853
v -0.70716041 0.25808048 -0.22697392
v -0.71149355 0.37148294 -0.20678364
v -0.68470633 0.29052672 -0.24720015
v -0.68279070 0.33557221 -0.24193235
v -0.61703449 0.33001995 -0.24020016
v -0.61940879 0.27143577 -0.24352266
v -0.62030315 0.35934848 -0.22893873
v -0.60699439 0.27499959 -0.23887551
v -0.67561138 0.24483727 -0.23445162
v -0.69228989 0.25934312 -0.23694354
v -0.61236858 0.22846948 -0.22647214
v -0.68448496 0.37765339 -0.21838954
v -0.60534537 0.33653033 -0.23151113
v -0.68919647 0.23239760 -0.22405371
v -0.90015465 0.38641307 -0.21903120
v -0.84154797 0.39821404 -0.20805542
v -0.61677533 0.38045415 -0.21049590
v -0.93076664 0.21558803 -0.22699754
v -0.67815697 0.21305507 -0.21316731
v -0.78476107 0.22506252 -0.22290087
v -0.70663732 0.22502637 -0.20393699
v -0.61930656 0.20665459 -0.21002348
v -0.85282868 0.22228739 -0.22727324
v -0.94317269 0.22216208 -0.22773342
v -0.60425764 0.37183866 -0.20649375
v 0.46285644 0.27664480 0.04107428
v 0.42677170 0.31393793 0.02962739
v 0.41703397 0.28093630 0.03044353
v 0.47535616 0.30510703 0.04368443
v 0.36502829 0.31417778 0.02848078
v 0.32282400 0.29655451 0.03315569
v 0.34244877 0.32816014 0.02610645
v 0.55950642 0.25313807 0.03295787
v 0.55827528 0.28752345 0.03733433
v 0.55858713 0.32239711 0.03508519
v 0.40280220 0.25275466 0.02328478
v 0.42614070 0.24223970 0.02076404
v 0.31276092 0.27644169 0.03270968
v 0.29116675 0.24952237 0.02518092
v 0.45902842 0.24783315 0.03152470
v 0.30118731 0.26822093 0.03531301
v 0.31497592 0.33488676 0.04337786
v 0.44779414 0.23376179 0.02137857
v 0.48983762 0.22477555 0.01703282
v 0.56068164 0.22817227 0.01618192
v 0.34323972 0.22546789 0.00273222
v 0.27306485 0.22976413 0.01172620
v 0.41831082 0.22004335 -0.00202021
v 0.47368339 0.20645460 -0.00588924
v 0.56047428 0.20344085 -0.01666652
v 0.28140032 0.30009776 0.05945016
v 0.25483361 0.26867539 0.07138937
v 0.25953299 0.32818961 0.07066291
v 0.25692907 0.30897707 0.07582895
v 0.25572091 0.24301142 0.05255652
v 0.36587945 0.34904018 0.01081320
v 0.31728745 0.39164901 0.02864605
v 0.27350467 0.21331480 -0.01328760
v 0.36449742 0.21172999 -0.01951575
v 0.57355893 0.23239790 0.04295439
v 0.44135085 0.20212062 -0.03433955
v 0.47498906 0.19711649 -0.02875748
v 0.25707456 0.22010255 0.01451312
v 0.25758699 0.20760132 -0.00870876
v 0.27041051 0.20099677 -0.04826542
v 0.35279548 0.20166859 -0.05218031
v 0.56054485 0.19366337 -0.05582095
v 0.48395437 0.19046383 -0.06014700
v 0.25992078 0.19735013 -0.05644862
v 0.45286822 0.19338273 -0.07997237
v 0.27028587 0.19698723 -0.08422886
v 0.37070361 0.19669545 -0.08901205
v 0.26010564 0.19451220 -0.13148671
v 0.48512539 0.18938276 -0.10230925
v 0.56269324 0.19123870 -0.09344602
v 0.45936230 0.19363445 -0.11129705
v 0.27074188 0.19888760 -0.13430277
v 0.38157064 0.19892891 -0.13520044
v 0.55977058 0.19707386 -0.14345548
v 0.48747730 0.19558041 -0.14999421
v 0.46637127 0.20350376 -0.16255879
v 0.27236581 0.20354377 -0.15799671
v 0.35418952 0.21575391 -0.17723592
v -0.20556428 -0.26028323 -0.21792464
v -0.16293706 -0.26283479 -0.24880108
v -0.17221433 -0.26830378 -0.20769998
v -0.22895651 -0.26641583 -0.18127039
v -0.11336961 -0.26875299 -0.20209624
v -0.05267453 -0.25934908 -0.26098320
v -0.07627105 -0.26830080 -0.19213483
v -0.05097619 -0.26613009 -0.16749060
v -0.23174150 -0.25515735 -0.20798045
v -0.25360206 -0.25144196 -0.18852565
v -0.25247839 -0.26633745 -0.16135952
v -0.08440722 -0.28037441 -0.17624065
v -0.06487240 -0.27926096 -0.16197018
v -0.15153344 -0.25268409 -0.26089811
v -0.03762608 -0.25601980 -0.18874888
v -0.02947655 -0.25353724 -0.11687448
v -0.03576073 -0.24673046 -0.26229009
v -0.05417857 -0.27828062 -0.14606911
v -0.19565961 -0.25122321 -0.23353542
v -0.27495870 -0.24625587 -0.15337850
v -0.26333442 -0.26437306 -0.14619961
v -0.29076123 -0.24761379 -0.10080992
v -0.28051043 -0.25989649 -0.10179009
v -0.28888577 -0.26033840 -0.02957083
v -0.29990935 -0.24351157 -0.03543471
v -0.34296060 0.44024470 -0.03224360
v -0.29723555 0.44551075 -0.04714098
v -0.35462654 0.44599354 -0.06007810
v -0.29011971 0.43003801 0.00518967
v -0.31975311 0.43134850 -0.00650481
v -0.29846394 0.44907841 -0.13861646
v -0.35116324 0.44603950 -0.13352114
v -0.38126659 0.44079283 -0.11246102
v -0.33030719 0.43570095 -0.18498579
v -0.29285419 0.43692541 -0.19176938
v -0.37589160 0.43027392 -0.17269722
v -0.39301595 0.42817208 -0.04331426
v -0.40822601 0.42338878 -0.06227395
v -0.40213168 0.42435279 -0.15076236
v -0.36826709 0.42603290 -0.01932903
v -0.41095021 0.42268053 -0.10665227
v -0.44334006 0.39598104 -0.08338074
v -0.45364460 0.39251015 -0.10849055
v -0.45691976 0.38511869 -0.15348108
v -0.49681491 0.38798854 -0.10430592
v -0.44623017 0.38962740 -0.05850977
v -0.50176483 0.38414478 -0.06055056
v -0.58292687 0.38470051 -0.07879861
v -0.59027588 0.38297144 -0.13477491
v -0.57844996 0.37853909 -0.04334940
v -0.52563810 0.37488329 -0.02077484
v -0.44826904 0.38331431 -0.03885832
v -0.49407032 0.36594337 -0.00353544
v -0.59171098 0.36170793 0.00244639
v -0.42270550 0.40153399 -0.03655479
v -0.43227562 0.39475390 -0.15786713
v -0.59331799 0.37214848 -0.16871038
v -0.59221947 0.38136056 -0.04913656
v -0.59284747 0.38683960 -0.09579362
v -0.59397072 0.37191623 -0.01796997
v -0.52041972 0.36086190 0.00947247
v -0.43625766 0.37325719 -0.01694038
v -0.28052783 0.46337557 -0.08049737
v -0.27536514 0.45335084 -0.01739917
v -0.21005279 0.45962009 -0.02775520
v -0.23171818 0.46820682 -0.09039638
v -0.20031866 0.46784237 -0.05064210
v -0.20433390 0.47328857 -0.09790716
v -0.19720344 0.47421151 -0.13014761
v -0.27946442 0.46353886 -0.13278425
v -0.19385453 0.46075878 -0.01447304
v -0.27790490 0.45869949 -0.17310366
v -0.27553758 0.42850509 0.02464214
v -0.34458116 0.40465331 0.01816600
v -0.40061766 0.39607307 -0.00676065
v -0.19081105 0.48077384 -0.12956171
v -0.19565669 0.48514870 -0.08176813
v -0.49583593 0.36911833 -0.18303573
v -0.43891031 0.37390855 -0.18162124
v -0.27448338 0.44412428 -0.21202923
v -0.36526576 0.42149568 -0.19124286
v -0.39781332 0.40340546 -0.18928789
v -0.29071888 0.41327175 -0.22795518
v -0.59310561 0.35561013 -0.19285496
v -0.41068226 0.37613848 -0.19290242
v -0.29093319 0.39794719 0.04059181
v -0.27597681 0.40483186 0.05093742
v -0.42047191 0.38451821 -0.01715754
v -0.47498310 0.35032248 0.01191054
v -0.51751286 0.34582126 0.02530948
v -0.59481841 0.34545100 0.02154650
v -0.42351127 0.34513682 0.01143396
v -0.19201379 0.47814411 -0.02939136
v -0.18481271 0.46411952 -0.00015472
v -0.40402681 0.35642356 0.00541952
v -0.34305191 0.38213632 0.03374905
v -0.27601531 0.36861017 0.07506647
v -0.18360220 0.49736303 -0.12776785
v -0.59132075 0.31956062 0.03679012
v -0.37940720 0.32444701 0.02443795
v -0.45568267 0.31417662 0.02977969
v -0.29466206 0.33498502 0.06810289
v -0.32639104 0.32849818 0.05231242
v -0.29240060 0.31456277 0.07286980
v -0.27820310 0.33426908 0.09503745
v -0.50772727 0.30510861 0.04467463
v -0.57058299 0.31464931 0.03828842
v -0.17699330 -0.45889398 0.13158439
v -0.18841472 -0.42270106 0.12650487
v -0.20678002 -0.45065951 0.13153437
v -0.20465821 -0.46952456 0.13429479
v -0.15528783 -0.42835611 0.12093668
v -0.14813268 -0.45812011 0.12138899
v -0.15226118 -0.30468151 0.13140972
v -0.11671485 -0.31004214 0.12176944
v -0.18980333 -0.56565845 0.12135956
v -0.22039357 -0.57077396 0.12602669
v -0.23044758 -0.62954837 0.12417844
v -0.18345752 -0.63919377 0.10792500
v -0.16802834 -0.52631813 0.11842506
v -0.13369241 -0.42685348 0.11093412
v -0.11763801 -0.27787846 0.13226041
v -0.15913707 -0.27478147 0.13825600
v -0.09179775 -0.32379529 0.10401572
v -0.07044561 -0.27751139 0.10654089
v -0.12638769 -0.47746104 0.10349774
v -0.12695685 -0.57230246 0.08213694
v -0.14808868 -0.64059377 0.08449010
v -0.09815833 -0.42827326 0.08502189
v -0.10200556 -0.45635518 0.08634564
v -0.12612723 -0.63102871 0.06506763
v -0.10120271 -0.53489572 0.05641008
v -0.07036003 -0.32701790 0.07947730
v -0.11133987 -0.63116783 0.04525540
v -0.11401939 -0.63975054 0.04297962
v -0.05459956 -0.27782765 0.07936986
v -0.08382621 -0.47223771 0.04586234
v -0.07050400 -0.42534938 0.03169115
v -0.09010015 -0.52555209 0.03304145
v -0.08853950 -0.63106966 -0.01505608
v -0.05112880 -0.31840742 0.02674914
v -0.03888556 -0.27192783 0.03858107
v -0.07711425 -0.51778549 -0.00603294
v -0.09312904 -0.63989800 -0.01801023
v -0.08476812 -0.63069993 -0.03259761
v -0.07363825 -0.51459461 -0.02183792
v -0.05126490 -0.36669481 -0.01828170
v -0.03594055 -0.28269669 -0.00807779
v -0.02927508 -0.26442811 0.00083326
v -0.02365948 -0.24754842 0.04943377
v -0.03907941 -0.29500327 -0.05783372
v -0.03440403 -0.27058172 -0.08423287
v -0.07607561 -0.52785486 -0.04998183
v -0.08177829 -0.62512672 -0.07958853
v -0.08811890 -0.64002216 -0.07651270
v -0.06887501 -0.44834661 -0.08481287
v -0.05098272 -0.33181408 -0.08882018
v -0.08654981 -0.62807256 -0.12329065
v -0.08230803 -0.54345167 -0.10860239
v -0.08044978 -0.50957716 -0.09540032
v -0.04591939 -0.26506627 0.09574030
v -0.01600014 -0.24573423 -0.06799684
v -0.01595215 -0.24462724 0.03607253
v -0.02063082 -0.19982995 0.09892121
v -0.02409777 -0.23997147 0.06862807
v -0.03102772 -0.24173005 0.13773921
v -0.02685844 -0.21765868 0.15477167
v -0.02041600 -0.16776487 0.15247791
v -0.04100049 -0.24822146 0.18023849
v -0.02342701 -0.16259222 0.18187830
v -0.04191188 -0.22963877 0.19102171
v -0.01556527 -0.18399854 0.11012913
v -0.01631017 -0.14598158 0.18242531
v -0.03223317 -0.16930477 0.19024797
v -0.01533608 -0.16565865 0.14315957
v -0.04089989 -0.25720504 0.13825375
v -0.01632732 -0.25067863 -0.02173006
v -0.02947655 -0.25353724 -0.11687448
v -0.01638268 -0.22771409 -0.11323460
v -0.01671927 -0.21640533 -0.15449373
v -0.02874513 -0.24417816 -0.17921306
v -0.01704397 -0.20364152 -0.19846152
v -0.02007377 -0.20077612 -0.22998372
v -0.02270715 -0.20860414 -0.24882583
v -0.01380654 -0.18987870 -0.24353623
v -0.03576073 -0.24673046 -0.26229009
v -0.03762608 -0.25601980 -0.18874888
v -0.05417857 -0.27828062 -0.14606911
v -0.09544504 -0.63908821 -0.13001347
v -0.10881569 -0.63000000 -0.17873569
v -0.08085771 -0.42834115 -0.11938337
v -0.07401586 -0.34576398 -0.13668320
v -0.06262218 -0.30668551 -0.13783741
v -0.10912053 -0.49798822 -0.16037047
v -0.10848525 -0.53688753 -0.16838640
v -0.10972188 -0.58195126 -0.17440665
v -0.02681901 -0.19708538 -0.26164836
v -0.01573108 -0.17075154 -0.25240812
v -0.09984128 -0.42611393 -0.15531540
v -0.07919821 -0.32923293 -0.15054946
v -0.06487240 -0.27926096 -0.16197018
v -0.12158590 -0.63950050 -0.18388411
v -0.15165210 -0.66603464 -0.17276680
v -0.13425852 -0.65537435 0.02276093
v -0.12699822 -0.65970176 -0.11890465
v -0.14062411 -0.63330221 -0.21598458
v -0.14201164 -0.62483376 -0.21963927
v -0.11875515 -0.65692532 -0.08578330
v -0.11972564 -0.65462595 -0.02430136
v -0.12489397 -0.53330326 -0.18801685
v -0.15782051 -0.65733200 0.04979219
v -0.19005838 -0.66180837 0.06305002
v -0.16695637 -0.66977727 0.03895847
v -0.18075599 -0.63944751 -0.23170826
v 0.24431106 -0.91598952 0.17729144
v 0.28804818 -0.90822732 0.12042636
v 0.20340851 -0.90755278 0.11662379
v 0.32315251 -0.91785622 0.17790547
v 0.28470573 -0.91620362 0.22284734
v 0.24541159 -0.91573536 0.22822350
v 0.20324942 -0.92064905 0.17287125
v 0.32539141 -0.91654158 0.14420770
v 0.30768445 -0.90204185 0.09005904
v 0.30222344 -0.92031664 0.22862007
v 0.21298322 -0.88514555 0.06539840
v 0.33878499 -0.92304033 0.18980581
v 0.34016618 -0.90731955 0.07280883
v 0.35147977 -0.92228049 0.13361917
v 0.21627273 -0.92395747 0.22946249
v 0.28435814 -0.92368621 0.23766239
v 0.31271291 -0.89028418 0.05348581
v 0.25734851 -0.88709688 0.06639497
v 0.24248099 -0.92328918 0.24299979
v 0.33120632 -0.89016640 0.02665541
v 0.18648943 -0.89334822 0.06969748
v 0.27937025 -0.85634696 0.00885811
v 0.22598365 -0.86036766 0.02932463
v 0.19273998 -0.86005586 0.02953890
v 0.29783323 -0.85576105 -0.00620204
v 0.17889833 -0.91931391 0.10732314
v 0.17528529 -0.87008035 0.03039423
v 0.35162854 -0.91742736 0.07501759
v 0.35933733 -0.93220419 0.14662829
v 0.33592412 -0.93574154 0.21041274
v 0.34903190 -0.93166560 0.18402165
v 0.33335167 -0.88986450 -0.00448280
v 0.30780944 -0.85438335 -0.02698808
v 0.34198701 -0.90164620 0.02146265
v 0.20487912 -0.93089664 0.22234899
v 0.17589226 -0.93431181 0.13935471
v 0.29536805 -0.95996052 0.25410444
v 0.32974020 -0.96843702 0.23169979
v 0.23706622 -0.96160275 0.25950053
v 0.32396573 -0.88086599 -0.04985701
v 0.20807394 -0.96299350 0.24754603
v 0.35960847 -0.93145066 0.08084712
v 0.35539001 -0.97748899 0.19550335
v 0.36703655 -0.95669621 0.14041272
v 0.35036835 -0.92872846 0.01428192
v 0.33282599 -0.91803885 -0.04453326
v 0.36720464 -0.98343945 0.15701056
v 0.36363339 -0.95763093 0.06303022
v 0.37052113 -0.98569947 0.12334774
v 0.12686226 -0.26492992 -0.23463254
v 0.11679959 -0.27273834 -0.20283560
v 0.06488791 -0.26895806 -0.19780323
v 0.03471892 -0.25970885 -0.25914660
v 0.01760377 -0.26250333 -0.19847955
v 0.01391838 -0.25643921 -0.26137459
v 0.04139224 -0.27329668 -0.17459199
v 0.10491467 -0.25682148 -0.26131153
v 0.13195257 -0.26117668 -0.24936885
v 0.15799783 -0.26700464 -0.20301929
v 0.17120510 -0.26012191 -0.21977663
v 0.19857056 -0.26578128 -0.18112434
v 0.01400878 -0.26478779 -0.15361671
v 0.08583605 -0.27726504 -0.19103406
v 0.00645806 -0.25307149 -0.24614149
v 0.20654479 -0.25304013 -0.20401454
v 0.21721050 -0.26474595 -0.16490434
v 0.21702273 -0.25314057 -0.19113711
v 0.17052132 -0.25238523 -0.23027293
v 0.24054782 -0.25250426 -0.14794056
v 0.24226846 -0.27116567 -0.10836214
v -0.23082393 -0.78889006 -0.20370436
v -0.27497008 -0.77944821 -0.20141070
v -0.24182180 -0.69796717 -0.20619585
v -0.20662901 -0.69928759 -0.20448297
v -0.28167143 -0.69378400 -0.19317049
v -0.29893669 -0.77966291 -0.19097729
v -0.31554672 -0.77128559 -0.17945218
v -0.30730194 -0.69202596 -0.17591754
v -0.33602828 -0.77141041 -0.16020389
v -0.27615404 -0.67784494 -0.18486652
v -0.24099906 -0.67715979 -0.19487755
v -0.20732191 -0.68153286 -0.19500419
v -0.28443205 -0.65443933 -0.18819843
v -0.31880894 -0.65534455 -0.16012584
v -0.31570953 -0.67768556 -0.15389369
v -0.32827342 -0.68918306 -0.15119180
v -0.32971516 -0.78280491 -0.16030310
v -0.34935692 -0.77393717 -0.14012091
v -0.34511530 -0.69499290 -0.12050410
v -0.30125362 -0.79802012 -0.17285693
v -0.27234730 -0.80404329 -0.18255581
v -0.29570317 -0.84176219 -0.17955546
v -0.31624141 -0.84095299 -0.16766106
v -0.30641553 -0.94902515 -0.19559915
v -0.32791597 -0.91233850 -0.17592333
v -0.32888821 -0.96416020 -0.18516646
v -0.29881027 -0.99440956 -0.19990239
v -0.27435741 -0.87142968 -0.18853642
v -0.33875549 -0.98724824 -0.17705129
v -0.27378491 -0.98064637 -0.20554873
v -0.28163370 -0.89277673 -0.19138646
v -0.34669366 -0.93898487 -0.16455421
v -0.32218751 -0.79948699 -0.15122917
v -0.35462275 -0.99446845 -0.15570948
v -0.26005659 -0.94027770 -0.19895744
v -0.25609756 -0.99539036 -0.20409898
v -0.32542720 -0.99742234 -0.18069862
v -0.36012995 -0.95525795 -0.14576796
v -0.23925443 -0.87696731 -0.18520641
v -0.23984022 -0.80975723 -0.18137191
v -0.23205629 -0.99495727 -0.20035873
v -0.35425851 -0.90418047 -0.13979265
v -0.21726961 -0.66118354 -0.20752054
v -0.26245448 -0.65322852 -0.20343538
v -0.33554336 -0.79864663 -0.12426778
v -0.33213496 -0.65498680 -0.13152575
v -0.33640841 -0.67617613 -0.10641935
v -0.37041324 -0.98415506 -0.11187293
v -0.36135492 -0.76899946 -0.10158119
v -0.34203073 -0.78892010 -0.12065527
v -0.34588614 -0.68591028 -0.10512369
v -0.36826709 -0.95278496 -0.11132596
v -0.32600436 -0.61554223 -0.20174399
v -0.34113976 -0.65153348 -0.09264559
v -0.35188848 -0.69492167 -0.08772165
v -0.34275654 -0.81426722 -0.10148849
v -0.34244058 -0.60744464 -0.18651874
v -0.36624178 -0.99444258 -0.11245143
v -0.36678010 -0.60800231 -0.12702222
v -0.29247943 -0.62139028 -0.22838572
v -0.25113070 -0.63292724 -0.23812479
v -0.34090066 -0.79601073 -0.07594150
v -0.18565719 -0.66488105 -0.19727157
v -0.20569451 -0.83889353 -0.16856205
v -0.20641795 -0.81359977 -0.17259224
v -0.21225771 -0.90385026 -0.17701072
v -0.19331676 -0.79345495 -0.18633376
v -0.17980802 -0.70499307 -0.19443010
v -0.17622355 -0.68574870 -0.18122494
v -0.19368698 -0.99398351 -0.17747988
v -0.23090404 -0.62854654 -0.24798480
v -0.18075599 -0.63944751 -0.23170826
v -0.37736714 -0.98378462 -0.03652043
v -0.36549085 -0.92451400 -0.04441638
v -0.38909519 -0.96124136 0.02843782
v -0.37761241 -0.91269177 0.01434468
v -0.35839120 -0.88009727 -0.01862524
v -0.39161837 -0.98603410 0.04013529
v -0.40176401 -0.98376203 0.09139789
v -0.38529962 -0.92047101 0.05618927
v -0.38976139 -0.92467970 0.09667101
v -0.35626492 -0.88271648 -0.05100165
v -0.32989630 -0.90228796 0.09346726
v -0.26931888 -0.91647357 0.17292020
v -0.25217909 -0.90706289 0.11891762
v -0.33280468 -0.91693377 0.16059303
v -0.37023443 -0.91575038 0.11800510
v -0.36593100 -0.92110753 0.18830468
v -0.36620852 -0.90039027 0.05436394
v -0.30269715 -0.91563040 0.22353899
v -0.34529963 -0.92349416 0.22144228
v -0.25626418 -0.91981751 0.22692144
v -0.31774604 -0.92243576 0.23559123
v -0.27847940 -0.92426777 0.24417378
v -0.23321164 -0.92506164 0.19458874
v -0.22232041 -0.91295898 0.11382193
v -0.32219228 -0.88041699 0.04649021
v -0.24670213 -0.88504553 0.06618864
v -0.22243291 -0.88667756 0.05990313
v -0.36618969 -0.89254558 0.02589948
v -0.28021517 -0.85679126 0.02029320
v -0.32861847 -0.85829270 0.00129214
v -0.23433875 -0.86423498 0.03589829
v -0.39313835 -0.93150312 0.13600877
v -0.38976139 -0.92467970 0.09667101
v -0.37627766 -0.93144476 0.19455695
v -0.20685576 -0.86073202 0.02261612
v -0.35839120 -0.88009727 -0.01862524
v -0.24766271 -0.93570441 0.23956688
v -0.38529962 -0.92047101 0.05618927
v -0.23228455 -0.93300861 0.21697035
v -0.21551362 -0.92433876 0.13851231
v -0.20887986 -0.90779805 0.07555553
v -0.20912670 -0.89246368 0.05434398
v -0.32351041 -0.95862627 0.25342450
v -0.34360850 -0.96894979 0.24658360
v -0.28389961 -0.96203607 0.26094884
v -0.36663523 -0.96975768 0.22472841
v -0.24827430 -0.96994746 0.25445938
v -0.37761241 -0.91269177 0.01434468
v -0.38855651 -0.97692430 0.19126360
v -0.39959839 -0.98359340 0.15019444
v -0.40176401 -0.98376203 0.09139789
v -0.69404417 0.32673457 0.07722271
v -0.69425642 0.28165978 0.08042067
v -0.68614882 0.29708296 0.07562442
v -0.68659735 0.33464125 0.06988474
v -0.69558525 0.36222228 0.06161687
v -0.69186866 0.37403879 0.05108469
v -0.70478284 0.38650814 0.05516392
v -0.69985431 0.33861542 0.08287475
v -0.69753742 0.31800234 0.08846705
v -0.69875681 0.28434077 0.09553364
v -0.71353507 0.39362904 0.09636597
v -0.70814282 0.33951098 0.14660046
v -0.71693671 0.38270092 0.13325386
v -0.71217304 0.32225153 0.16815290
v -0.71407640 0.28776863 0.18218058
v -0.71909243 0.30322316 0.19737470
v -0.71856731 0.26712573 0.19739410
v -0.71620196 0.35284534 0.15768340
v -0.70925230 0.26162252 0.13580865
v -0.69755852 0.25464830 0.07050336
v -0.72685987 0.32583445 0.19694477
v -0.73099995 0.29356143 0.21912195
v -0.72753674 0.25759691 0.21279912
v -0.71954507 0.22822905 0.10967498
v -0.71188265 0.22382122 0.06377131
v -0.73641479 0.22603220 0.17807050
v -0.75116098 0.27763233 0.23981926
v -0.75366765 0.23213392 0.23765425
v -0.68618381 0.26174673 0.06740163
v -0.73365539 0.39174455 0.15062417
v -0.69681877 0.22082210 0.04092298
v -0.77162498 0.19991896 0.22076450
v -0.78595471 0.20356740 0.25506592
v -0.79443389 0.16200317 0.20753886
v -0.80317241 0.16532762 0.23457238
v -0.77733654 0.17996429 0.17825769
v -0.74601293 0.20440462 0.14029714
v -0.76251239 0.19379379 0.15509565
v -0.81832319 0.17306492 0.25954866
v -0.75073874 0.20036419 0.11850274
v -0.78879559 0.24632290 0.26776078
v -0.72784716 0.40018427 0.12383109
v -0.63087022 0.25476536 0.06303455
v -0.62902147 0.30590761 0.07219775
v -0.61688131 0.28643283 0.06841758
v -0.60559547 0.26169702 0.05776351
v -0.62291557 0.23308752 0.05180188
v -0.66712898 0.33431041 0.07131893
v -0.61866450 0.32335430 0.06993698
v -0.14946973 -0.26197794 0.18301561
v -0.15459959 -0.26927137 0.14422478
v -0.10245963 -0.26223248 0.18215796
v -0.11367358 -0.26851046 0.14264077
v -0.06056238 -0.25986642 0.17985320
v -0.07729338 -0.26931474 0.12143254
v -0.20286393 -0.26246572 0.13415703
v -0.18514971 -0.25927433 0.16234456
v -0.22564594 -0.25368938 0.14071037
v -0.22911075 -0.26474798 0.11190750
v -0.04089989 -0.25720504 0.13825375
v -0.04591939 -0.26506627 0.09574030
v -0.15913707 -0.27478147 0.13825600
v -0.05638726 -0.25196046 0.19039753
v -0.04100049 -0.24822146 0.18023849
v -0.24127720 -0.25015128 0.12984411
v -0.27433375 -0.24806991 0.08134459
v -0.11763801 -0.27787846 0.13226041
v -0.07044561 -0.27751139 0.10654089
v -0.05459956 -0.27782765 0.07936986
v -0.06649966 -0.25186470 0.19094932
v -0.26149395 -0.26473415 0.07189888
v -0.27969947 -0.26597401 0.01985829
v -0.29625928 -0.24413346 0.02274311
v -0.28888577 -0.26033840 -0.02957083
v -0.29990935 -0.24351157 -0.03543471
v 0.73690581 0.35212451 0.19049437
v 0.74278647 0.38326761 0.18926899
v 0.69048774 0.36545879 0.15641235
v 0.78174889 0.36925444 0.21281146
v 0.74789500 0.33948705 0.19985034
v 0.78852421 0.38296553 0.21252719
v 0.71477878 0.39351103 0.16362728
v 0.75856590 0.39607269 0.19077283
v 0.69435662 0.39235634 0.14379756
v 0.83599722 0.34325895 0.22865054
v 0.83396000 0.37429482 0.22718008
v 0.86136955 0.35145652 0.23617709
v 0.85875845 0.33283511 0.23722759
v 0.83614057 0.32197967 0.22476482
v 0.83647507 0.25515112 0.23224950
v 0.87070572 0.26547134 0.24418297
v 0.80296046 0.32134014 0.20662542
v 0.78481460 0.31506833 0.20181724
v 0.84112161 0.22873321 0.24110129
v 0.88161212 0.31246465 0.23972043
v 0.89116132 0.22991480 0.24138483
v 0.85058516 0.38247004 0.22610442
v 0.84329611 0.20039201 0.23528233
v 0.89794797 0.26074800 0.23895827
v 0.81701201 0.39707497 0.20841406
v 0.67731559 0.34018281 0.15492673
v 0.77867121 0.30526760 0.20668703
v 0.88202059 0.19312552 0.22582021
v 0.88048255 0.36663321 0.22578754
v 0.87171388 0.38644117 0.21768886
v 0.68163854 0.38944080 0.11851227
v 0.82751030 0.30211556 0.20395102
v 0.82375020 0.25921649 0.21271059
v 0.22000016 -0.74572438 0.05216186
v 0.21354596 -0.70314950 0.05678206
v 0.17106591 -0.71651042 0.05435832
v 0.18938683 -0.78770196 0.04953681
v 0.22264180 -0.78833574 0.05215382
v 0.25558385 -0.78122491 0.04479794
v 0.24955933 -0.70502347 0.04687877
v 0.26202548 -0.74495822 0.03941887
v 0.19030876 -0.70172024 0.05844307
v 0.28036523 -0.78045845 0.02967943
v 0.14947075 -0.70502126 0.04679240
v 0.28294227 -0.69443500 0.02259701
v 0.18699074 -0.68634081 0.05102167
v 0.29864770 -0.78046030 0.01278666
v 0.24952377 -0.68504089 0.03628274
v 0.26540536 -0.79022390 0.03322347
v 0.17006303 -0.69422108 0.04971200
v 0.21358784 -0.67312342 0.05434680
v 0.25059080 -0.66471887 0.04427911
v 0.17348598 -0.66922331 0.06013153
v 0.28669962 -0.67687565 -0.00055459
v 0.23206656 -0.65433186 0.06715067
v 0.27805611 -0.64734077 0.03702278
v 0.16388331 -0.79436654 0.03665949
v 0.18371104 -0.79867893 0.03924779
v 0.14016330 -0.68653846 0.03074025
v 0.12941197 -0.66341054 0.03921028
v 0.14075622 -0.78362048 0.02106783
v 0.13219419 -0.69468695 0.02142202
v 0.12160311 -0.70752335 0.02287486
v 0.20009746 -0.78943723 -0.20233302
v 0.22040209 -0.74314111 -0.20405076
v 0.24434984 -0.78268325 -0.20084108
v 0.18174423 -0.69930857 -0.20573357
v 0.21027522 -0.69721341 -0.20587648
v 0.25290066 -0.72944587 -0.19562495
v 0.25514451 -0.69363350 -0.19172142
v 0.28701630 -0.77702200 -0.17875025
v 0.29428640 -0.72589248 -0.16230591
v 0.30125001 -0.68994951 -0.14637177
v 0.31465966 -0.77123994 -0.14495742
v 0.25730091 -0.67873025 -0.17853937
v 0.28762841 -0.67738271 -0.14982529
v 0.27789000 -0.65295154 -0.17095421
v 0.24934995 -0.65503311 -0.19099168
v 0.21318424 -0.67703217 -0.19466381
v 0.18605481 -0.68631113 -0.19849859
v 0.16823268 -0.67558157 -0.19596508
v 0.20641956 -0.65878016 -0.20591249
v 0.30113903 -0.64936548 -0.14396141
v 0.26091120 -0.79865706 -0.17835993
v 0.18011671 -0.66145396 -0.20564355
v 0.15008828 -0.70377958 -0.19484702
v 0.16795518 -0.79346102 -0.19045348
v 0.14686926 -0.65821016 -0.20075892
v 0.15276749 -0.68580431 -0.18597580
v 0.23739713 -0.80715752 -0.18204904
v 0.26266357 -0.85719502 -0.18277624
v 0.23246942 -0.88210219 -0.18982823
v 0.28317589 -0.84952629 -0.17133081
v 0.28959957 -0.91040432 -0.18111262
v 0.25761658 -0.94225097 -0.19833697
v 0.27983195 -0.96559936 -0.19622324
v 0.26344472 -0.98151767 -0.20292996
v 0.22862455 -0.97889942 -0.20471135
v 0.29880986 -0.99220282 -0.18287228
v 0.23577335 -0.99620807 -0.20305759
v 0.31173757 -0.94410330 -0.17024684
v 0.28692847 -0.80080938 -0.15835299
v 0.26049399 -0.99727923 -0.19863504
v 0.20252299 -0.87898147 -0.18404219
v 0.20424388 -0.81116837 -0.18079925
v 0.20140636 -0.97911692 -0.19866720
v 0.18228905 -0.99406946 -0.19162937
v 0.32581118 -0.98709387 -0.15292229
v 0.31949243 -0.99529022 -0.15860453
v 0.28011012 -0.79468107 -0.16722569
v 0.30994251 -0.78612709 -0.13350593
v 0.32748675 -0.95182365 -0.14969730
v 0.31745172 -0.87898815 -0.13949683
v 0.29889393 -0.80849522 -0.14249849
v 0.18511367 -0.83892411 -0.17422575
v 0.17525013 -0.90814143 -0.17384832
v 0.17009556 -0.81220651 -0.16908728
v 0.12747270 -0.66002440 -0.18555410
v 0.30634791 -0.79785460 -0.11790337
v 0.27701896 -0.61895657 -0.21920162
v 0.23749962 -0.62604076 -0.23944424
v 0.19758445 -0.63288116 -0.24394871
v 0.30289352 -0.61580378 -0.19219966
v 0.14639051 -0.63918209 -0.23076116
v 0.16544539 -0.63024539 -0.24338412
v 0.30898106 -0.81400800 -0.11514612
v 0.33974072 -0.98298448 -0.10554547
v 0.33176646 -0.99464166 -0.12642799
v 0.32724553 -0.89447820 -0.10966741
v -0.25296822 -0.84333533 0.01930838
v -0.25979793 -0.80565166 0.01593320
v -0.29443339 -0.80344731 0.00546589
v -0.30938530 -0.84286809 0.00205207
v -0.20895503 -0.81217545 0.00944149
v -0.20236534 -0.83382022 0.00715244
v -0.28021517 -0.85679126 0.02029320
v -0.23433875 -0.86423498 0.03589829
v -0.32861847 -0.85829270 0.00129214
v -0.20685576 -0.86073202 0.02261612
v -0.32443988 -0.80519366 -0.02238431
v -0.33625019 -0.84636557 -0.02540678
v -0.35839120 -0.88009727 -0.01862524
v -0.19012852 -0.81038821 -0.00302879
v -0.33570004 -0.80582410 -0.04777809
v -0.35626492 -0.88271648 -0.05100165
v -0.30047962 -0.79656243 0.00534737
v -0.33128008 -0.79529583 -0.02950627
v -0.21012956 -0.80541986 0.01488219
v -0.34090066 -0.79601073 -0.07594150
v -0.34275654 -0.81426722 -0.10148849
v -0.36826709 -0.95278496 -0.11132596
v -0.36549085 -0.92451400 -0.04441638
v -0.20640467 -0.70411974 0.05707059
v -0.24856523 -0.70157486 0.05679571
v -0.21332240 -0.79024595 0.04600163
v -0.26177451 -0.75294679 0.05130687
v -0.17857061 -0.71065801 0.04469810
v -0.19394587 -0.78847057 0.03735467
v -0.24596402 -0.78121769 0.05322152
v -0.28790051 -0.78038907 0.04424471
v -0.25601518 -0.79019302 0.04986947
v -0.30517852 -0.74503058 0.03300925
v -0.29581937 -0.69574744 0.03865749
v -0.32074606 -0.78087753 0.02377454
v -0.20737131 -0.69443172 0.05190644
v -0.22708477 -0.68312091 0.04951900
v -0.19801602 -0.68456101 0.04792126
v -0.19005838 -0.66180837 0.06305002
v -0.30294815 -0.78963268 0.02882847
v -0.32946244 -0.69184411 0.00425460
v -0.27510282 -0.68384433 0.03683059
v -0.25494316 -0.66507477 0.05661166
v -0.28529939 -0.66105974 0.04329128
v -0.34676152 -0.77405179 -0.00942170
v -0.31851232 -0.67707676 0.00056050
v -0.31207383 -0.65298218 0.02101785
v -0.33948937 -0.78298551 -0.00343412
v -0.21762359 -0.65532833 0.07918891
v -0.21419947 -0.79882145 0.03902571
v -0.28084147 -0.64781535 0.06662930
v -0.33541644 -0.64735079 -0.02025426
v -0.34335721 -0.69200122 -0.02340974
v -0.33518934 -0.67834920 -0.03994192
v -0.16656128 -0.70251346 0.03515750
v -0.17546915 -0.69149739 0.03087040
v -0.16695637 -0.66977727 0.03895847
v -0.18345752 -0.63919377 0.10792500
v -0.23967043 -0.63718784 0.11585905
v -0.23044758 -0.62954837 0.12417844
v -0.28080103 -0.62684029 0.10612935
v -0.04228897 0.44246295 0.15776476
v -0.00740474 0.44199872 0.15871271
v -0.01487963 0.43936133 0.18677601
v -0.08917722 0.44215509 0.18941003
v -0.07433411 0.44532201 0.15091026
v -0.13575433 0.44723737 0.17776072
v -0.08701212 0.44838482 0.13850868
v 0.02060453 0.44304827 0.14936644
v 0.08301394 0.44500184 0.17462447
v 0.02443020 0.44099480 0.20197356
v 0.05187497 0.44801417 0.13958938
v 0.10433442 0.44731778 0.18938728
v 0.08138002 0.45661095 0.11262821
v 0.11498038 0.45474219 0.15019801
v -0.13269719 0.46173280 0.10325535
v 0.13774040 0.47092807 0.10518601
v -0.06147826 0.44287542 0.14801972
v -0.13361575 0.44766188 0.19048588
v -0.16699912 0.46758890 0.12014338
v -0.15979089 0.47493041 0.06757934
v 0.10415735 0.46227598 0.08842300
v 0.12399207 0.47338423 0.06629356
v -0.18816927 0.48368400 0.08213806
v -0.17993280 0.48833695 0.03626926
v -0.19634587 0.49195191 0.05917440
v -0.18392892 0.49397314 0.02003702
v 0.13039888 0.46399903 0.13497500
v -0.20814207 0.50551808 0.03055669
v 0.15616475 0.48639545 0.08650632
v 0.16296853 0.49037665 0.06246296
v 0.14412403 0.48530850 0.03539062
v 0.15562806 0.49937019 0.00819894
v 0.18236816 0.51054883 0.03011518
v -0.06654630 0.44771600 0.21265657
v -0.12165068 0.45543346 0.10319336
v -0.19421415 0.51856440 -0.00371907
v 0.12102491 0.45887637 0.16255733
v 0.18480919 0.51959014 0.01766863
v -0.21677516 0.52342355 0.01729543
v 0.16344851 0.52286857 -0.00527181
v -0.15645212 0.46321958 0.15743673
v 0.02399771 0.44879487 0.21577331
v -0.14580071 0.46372160 0.18970500
v 0.17316721 0.55745763 -0.00865380
v 0.18528229 0.56738526 0.00034308
v 0.18128225 0.56795448 -0.02625220
v 0.20967446 0.58104229 -0.02373641
v 0.21398988 0.58658630 -0.04627515
v 0.10411748 -0.26891631 0.14630605
v 0.15946142 -0.26524094 0.13519421
v 0.12351145 -0.26151115 0.18156058
v 0.07394145 -0.26243612 0.18377756
v 0.06352487 -0.26871797 0.13348210
v 0.02554911 -0.26825923 0.10507524
v 0.02767247 -0.25944054 0.18041432
v 0.01096596 -0.26019546 0.13116945
v 0.17949577 -0.25908431 0.13934685
v 0.20779680 -0.26301622 0.10332603
v 0.20512335 -0.25288907 0.13100685
v 0.17865284 -0.25277993 0.15288156
v 0.13221712 -0.25286743 0.18241812
v 0.02658266 -0.25217316 0.19116563
v -0.00336671 -0.25007230 0.07591930
v 0.00855547 -0.24678159 0.17982683
v 0.24191712 -0.24917352 0.08013915
v 0.23439857 -0.26006994 0.06790633
v 0.26292038 -0.24674800 0.02029274
v -0.00859753 0.43321478 0.14890076
v -0.01432158 0.37794906 0.14208144
v 0.02404417 0.40671921 0.13554491
v 0.03309395 0.35546467 0.13498299
v -0.01712956 0.34071398 0.14931807
v 0.05905039 0.37268153 0.11887220
v 0.07354596 0.38368553 0.10653703
v 0.05355277 0.43742210 0.12173404
v 0.09913850 0.40177888 0.08364846
v 0.08919954 0.44098297 0.09194306
v 0.11404394 0.41118798 0.07019037
v 0.11887827 0.45510310 0.06152406
v 0.02060453 0.44304827 0.14936644
v 0.12522633 0.42564753 0.05414774
v 0.13538328 0.46656629 0.03467993
v 0.14015360 0.44415641 0.02859608
v 0.14853081 0.45846203 0.00854352
v 0.15562806 0.49937019 0.00819894
v 0.15012854 0.44572455 0.01766102
v 0.13500515 0.42680940 0.04735096
v 0.16341779 0.45886675 -0.01587136
v 0.15850341 0.47465247 -0.02179293
v 0.10415735 0.46227598 0.08842300
v 0.12399207 0.47338423 0.06629356
v 0.08138002 0.45661095 0.11262821
v 0.14412403 0.48530850 0.03539062
v 0.05187497 0.44801417 0.13958938
v -0.00740474 0.44199872 0.15871271
v -0.03982656 0.38959289 0.14034957
v -0.04795590 0.43472061 0.14484890
v -0.04204017 0.35979146 0.14023554
v -0.06475039 0.36240742 0.13293882
v -0.04228897 0.44246295 0.15776476
v -0.06370234 0.38655207 0.12994665
v -0.06938379 0.43217814 0.13350865
v -0.09593396 0.41573998 0.11055525
v -0.11740430 0.44523969 0.09883060
v 0.12707075 0.29172277 0.17767061
v 0.16443686 0.26305017 0.18752155
v 0.18303026 0.28492302 0.16269001
v 0.14351198 0.33043560 0.14488566
v 0.21855551 0.36777425 0.08727667
v 0.19999446 0.40350735 0.06656320
v 0.13380253 0.39496729 0.09666077
v 0.24439065 0.40161136 0.05458789
v 0.08894857 0.37888262 0.12232170
v 0.06097673 0.34455973 0.15669285
v 0.13942732 0.41664678 0.07340854
v 0.01423599 0.29194945 0.19993745
v 0.01485558 0.33004782 0.17618957
v 0.03552581 0.34703636 0.15863810
v 0.11488647 0.39921010 0.09688870
v 0.24444875 0.34865907 0.08810047
v 0.23074464 0.28971308 0.13408567
v 0.08551111 0.25375447 0.20618352
v 0.05874159 0.36305487 0.13909373
v 0.24400465 0.43026581 0.02206744
v 0.15499946 0.43210447 0.04893240
v 0.17285711 0.26296568 0.18100441
v -0.02333170 0.25363344 0.22261804
v -0.02200758 0.31706282 0.18458118
v -0.05900788 0.33278146 0.17294535
v -0.04839912 0.33461928 0.17041746
v 0.04980402 0.24278097 0.21507786
v -0.01885125 0.24450427 0.22612463
v -0.07970023 0.25641781 0.21304247
v -0.16600016 0.28400120 0.18153375
v -0.11081856 0.36302987 0.14000086
v -0.08477930 0.36103332 0.14254782
v -0.19242875 0.25767985 0.18831915
v -0.20045853 0.26829153 0.18216458
v -0.22481628 0.30850533 0.14142156
v -0.13981065 0.38603038 0.11229289
v -0.11694437 0.38054878 0.12050771
v -0.15104266 0.40294558 0.09264354
v -0.17516373 0.41194406 0.07813214
v -0.09141888 0.37376258 0.11976543
v -0.18170802 0.42893702 0.05477444
v -0.21066424 0.37778547 0.09539302
v -0.23189852 0.40320030 0.06557111
v -0.27597681 0.40483186 0.05093742
v -0.27553758 0.42850509 0.02464214
v -0.10151825 0.38369641 0.10904696
v -0.27601531 0.36861017 0.07506647
v -0.05531253 0.34737006 0.14559068
v -0.19416620 0.44580954 0.01741854
v -0.27536514 0.45335084 -0.01739917
v -0.17997302 0.44219103 0.02438609
v -0.19385453 0.46075878 -0.01447304
v -0.16144593 0.42995062 0.04930071
v -0.16264981 0.42206848 0.05632042
v -0.14056301 0.40419450 0.08156038
v -0.12069006 0.39126050 0.09708221
v -0.13672699 0.40965641 0.07888613
v -0.27820310 0.33426908 0.09503745
v -0.27187073 0.28194407 0.13083670
v -0.15388593 0.25123981 0.19857566
v -0.21005279 0.45962009 -0.02775520
v -0.06714794 0.35651639 0.13652207
v -0.08170046 0.36642891 0.12656850
v -0.03275504 0.32928917 0.15764344
v 0.00483593 0.33185765 0.15553622
v -0.01670602 0.32046056 0.16764650
v 0.25861862 0.41895813 0.02245615
v 0.26180106 0.43864238 -0.01441504
v 0.30605170 0.43857136 -0.02510355
v 0.34618068 0.41771489 -0.01167132
v 0.31728745 0.39164901 0.02864605
v 0.25977406 0.38398555 0.04904269
v 0.34799805 0.43640286 -0.04942593
v 0.36663744 0.39740133 -0.00485449
v 0.37244603 0.41742715 -0.03308184
v 0.26798218 0.44390020 -0.03953481
v 0.30296063 0.44884849 -0.07362540
v 0.33216608 0.44616836 -0.09149445
v 0.24674378 0.45233485 -0.01946240
v 0.24981892 0.46064079 -0.05778216
v 0.40135896 0.38696888 -0.02991289
v 0.26829618 0.44937420 -0.11292341
v 0.25953299 0.32818961 0.07066291
v 0.41674286 0.38738173 -0.05121134
v 0.41375351 0.37824064 -0.02555891
v 0.39361686 0.36448681 -0.00627692
v 0.47330213 0.36432433 0.00343436
v 0.48654255 0.38058162 -0.04160992
v 0.56022495 0.36570117 -0.00804417
v 0.56289822 0.35279468 0.01264647
v 0.47807932 0.34910095 0.02294929
v 0.56204915 0.34119233 0.02509901
v 0.56161374 0.38056609 -0.05248599
v 0.43676156 0.34123105 0.01734808
v 0.36587945 0.34904018 0.01081320
v 0.41469777 0.39506283 -0.09898330
v 0.56113821 0.38522589 -0.09552983
v 0.45258817 0.38955820 -0.09441886
v 0.36502829 0.31417778 0.02848078
v 0.34244877 0.32816014 0.02610645
v 0.47535616 0.30510703 0.04368443
v 0.55858713 0.32239711 0.03508519
v 0.42677170 0.31393793 0.02962739
v 0.37234440 0.42789316 -0.08097236
v 0.30089322 0.44621956 -0.14235148
v 0.56232941 0.38237613 -0.13537429
v 0.45173404 0.38798267 -0.12950371
v 0.41404933 0.39244857 -0.13491677
v 0.33565989 0.44161946 -0.13593109
v 0.26812029 0.44359598 -0.16872883
v 0.36741203 0.42644274 -0.14453284
v 0.25190526 0.29535010 0.11351630
v 0.31080648 0.43761033 -0.17889823
v 0.25306356 0.34919566 0.07608325
v -0.17256358 0.44444740 0.02898766
v -0.18481271 0.46411952 -0.00015472
v -0.13316347 0.43133640 0.08076359
v 0.22980106 -0.80339301 0.01525869
v 0.26540536 -0.79022390 0.03322347
v 0.23203084 -0.79586321 0.03763045
v 0.26220557 -0.79904485 0.00706729
v 0.17755060 -0.80855101 0.01087738
v 0.18371104 -0.79867893 0.03924779
v 0.22264180 -0.78833574 0.05215382
v 0.31129751 -0.78427315 -0.01219549
v 0.29609811 -0.79584521 -0.02234444
v 0.29864770 -0.78046030 0.01278666
v 0.30876452 -0.79704183 -0.07725931
v 0.15579836 -0.81020993 -0.00467771
v 0.16388331 -0.79436654 0.03665949
v 0.32546490 -0.78142172 -0.07279135
v 0.12402489 -0.80063480 -0.01492855
v 0.14189154 -0.81417531 -0.02818625
v 0.12876785 -0.81217062 -0.05712335
v 0.30994251 -0.78612709 -0.13350593
v 0.32547987 -0.77174687 -0.11857919
v 0.11417314 -0.80063385 -0.06091418
v 0.12829331 -0.81309736 -0.09716771
v 0.30634791 -0.79785460 -0.11790337
v 0.15112419 -0.65949786 0.06383529
v 0.17348598 -0.66922331 0.06013153
v 0.19554311 -0.64694864 0.09771657
v 0.12941197 -0.66341054 0.03921028
v 0.10343472 -0.64004588 0.07261000
v 0.13300073 -0.64159393 0.09457105
v 0.17171051 -0.64022267 0.11319838
v 0.07843915 -0.63808811 0.03969853
v 0.10474028 -0.66004139 0.00862199
v 0.06135356 -0.64036828 -0.01702411
v 0.08316567 -0.65291858 -0.03819535
v 0.05521080 -0.63906622 -0.06989507
v 0.06202498 -0.64011222 -0.12007633
v 0.09310536 -0.65954894 -0.10388130
v 0.08358810 -0.64213806 -0.16262250
v 0.23206656 -0.65433186 0.06715067
v 0.24216008 -0.63265544 0.10467742
v 0.19979888 -0.62968993 0.12391596
v 0.28014794 -0.62550479 0.07952812
v 0.27805611 -0.64734077 0.03702278
v 0.30955461 -0.61333936 0.04766138
v 0.29668134 -0.64526051 0.00547636
v 0.10401819 -0.66660762 -0.13282397
v 0.12404339 -0.66888011 -0.17093284
v 0.19074237 -0.83715838 0.01567531
v 0.24611837 -0.84855783 0.01434186
v 0.22980106 -0.80339301 0.01525869
v 0.17755060 -0.80855101 0.01087738
v 0.26220557 -0.79904485 0.00706729
v 0.17181151 -0.84594768 0.01006916
v 0.28421280 -0.84264141 -0.00166696
v 0.27937025 -0.85634696 0.00885811
v 0.22598365 -0.86036766 0.02932463
v 0.19273998 -0.86005586 0.02953890
v 0.29783323 -0.85576105 -0.00620204
v 0.29116997 -0.80612659 -0.01794565
v 0.29609811 -0.79584521 -0.02234444
v 0.17528529 -0.87008035 0.03039423
v 0.15579836 -0.81020993 -0.00467771
v 0.30780944 -0.85438335 -0.02698808
v 0.30905822 -0.80941433 -0.06771483
v 0.32396573 -0.88086599 -0.04985701
v 0.30876452 -0.79704183 -0.07725931
v 0.32724553 -0.89447820 -0.10966741
v 0.33282599 -0.91803885 -0.04453326
v 0.30898106 -0.81400800 -0.11514612
v 0.33974072 -0.98298448 -0.10554547
v 0.30634791 -0.79785460 -0.11790337
v 0.34520006 -0.98462600 -0.04251667
v 0.33335167 -0.88986450 -0.00448280
v 0.15563193 0.57014352 -0.20498388
v 0.11657070 0.54454637 -0.19060603
v 0.11833121 0.55872768 -0.23162581
v 0.08262476 0.53373086 -0.21036404
v 0.15242043 0.57841676 -0.22564155
v 0.05416547 0.53551954 -0.23986092
v 0.03158465 0.51481009 -0.22023156
v 0.15043406 0.56225365 -0.16465977
v 0.17358214 0.58121103 -0.18850544
v 0.15908328 0.56081998 -0.12988161
v 0.06916793 0.55147427 -0.25171715
v 0.02996300 0.53846985 -0.25366655
v 0.13743913 0.54513150 -0.16141452
v -0.01586250 0.51106071 -0.22338191
v 0.18891747 0.59773886 -0.15638925
v 0.19566569 0.60487652 -0.09199467
v 0.09678181 0.52065492 -0.18793333
v 0.06083249 0.50447971 -0.20347203
v 0.18443535 0.61347371 -0.20219705
v 0.12773903 0.57819146 -0.24100466
v 0.12197118 0.51725209 -0.16839537
v -0.05731111 0.54047263 -0.25685853
v -0.06170798 0.50983161 -0.21497612
v 0.17204860 0.62527895 -0.22689067
v 0.80916041 0.26010409 0.20079201
v 0.80528659 0.25755119 0.17809853
v 0.79619992 0.27791154 0.16950572
v 0.79951274 0.26467904 0.14816527
v 0.80314636 0.23718786 0.13384065
v 0.80986822 0.23871681 0.16984390
v 0.78776973 0.29054219 0.19359171
v 0.81222636 0.26110688 0.24336395
v 0.78000128 0.29522130 0.23003952
v 0.77867121 0.30526760 0.20668703
v 0.81692392 0.25638244 0.18722536
v 0.78889138 0.26840156 0.26138178
v 0.82896513 0.22501023 0.25880843
v 0.84112161 0.22873321 0.24110129
v 0.74950540 0.30856669 0.23407973
v 0.74789500 0.33948705 0.19985034
v 0.82375020 0.25921649 0.21271059
v 0.83647507 0.25515112 0.23224950
v 0.80044872 0.21391697 0.15282804
v 0.80562478 0.22554439 0.12272350
v 0.81764102 0.21214314 0.17528622
v 0.84329611 0.20039201 0.23528233
v 0.79985130 0.18298988 0.16877340
v 0.82173282 0.18293366 0.18618430
v 0.82828647 0.18149413 0.24796489
v 0.81619900 0.19425808 0.26697025
v 0.80338126 0.21536194 0.27497637
v 0.81619900 0.19425808 0.26697025
v 0.82896513 0.22501023 0.25880843
v 0.78889138 0.26840156 0.26138178
v 0.76941741 0.23752138 0.27376381
v 0.76329362 0.28813499 0.25078830
v 0.72991365 0.26462889 0.25301388
v 0.74950540 0.30856669 0.23407973
v 0.70518273 0.32219929 0.20876983
v 0.74789500 0.33948705 0.19985034
v 0.73690581 0.35212451 0.19049437
v 0.68674511 0.34764385 0.16892342
v 0.69048774 0.36545879 0.15641235
v 0.69223523 0.29668713 0.21368937
v 0.78000128 0.29522130 0.23003952
v 0.79093885 0.18357067 0.26900208
v 0.73173594 0.22346580 0.24665190
v 0.70695770 0.24411371 0.22896348
v 0.67731559 0.34018281 0.15492673
v 0.67924511 0.28654584 0.18741618
v 0.68387198 0.26189613 0.19352609
v 0.77381098 0.16472577 0.24065287
v 0.67235518 0.33295938 0.13728313
v 0.68163854 0.38944080 0.11851227
v 0.66852576 0.33745584 0.08926149
v 0.67243707 0.38112539 0.05885550
v 0.66428071 0.34078526 0.07508149
v 0.66098291 0.37496889 0.04993772
v -0.27430257 -0.79860222 0.01871927
v -0.25979793 -0.80565166 0.01593320
v -0.27585876 -0.79591221 0.03133675
v -0.30047962 -0.79656243 0.00534737
v -0.30294815 -0.78963268 0.02882847
v -0.33128008 -0.79529583 -0.02950627
v -0.33948937 -0.78298551 -0.00343412
v -0.25601518 -0.79019302 0.04986947
v -0.21419947 -0.79882145 0.03902571
v -0.21012956 -0.80541986 0.01488219
v -0.17428181 -0.79771680 0.01776788
v -0.19012852 -0.81038821 -0.00302879
v -0.15446985 -0.80051762 -0.01682684
v -0.35147372 -0.78200805 -0.03257412
v -0.34090066 -0.79601073 -0.07594150
v -0.32074606 -0.78087753 0.02377454
v -0.35668495 -0.78178400 -0.08140443
v -0.34203073 -0.78892010 -0.12065527
v -0.29443339 -0.80344731 0.00546589
v -0.34935692 -0.77393717 -0.14012091
v -0.36181903 -0.77178460 -0.05952360
v -0.36135492 -0.76899946 -0.10158119
v -0.33554336 -0.79864663 -0.12426778
v -0.19394587 -0.78847057 0.03735467
v 0.22386868 0.61061525 -0.07553278
v 0.21330981 0.63676000 -0.08975875
v 0.23585962 0.63539559 -0.08683363
v 0.20326860 0.62069899 -0.08491320
v 0.19678396 0.60292655 -0.07004641
v 0.24448885 0.66165113 -0.09041866
v 0.20977646 0.66820818 -0.09490998
v 0.20418596 0.63794702 -0.09559999
v 0.20208424 0.71158957 -0.09988422
v 0.24178584 0.69045502 -0.08751639
v 0.20579579 0.71225888 -0.08726857
v 0.23666024 0.61438984 -0.07051897
v 0.24698225 0.64378208 -0.07963167
v 0.21398988 0.58658630 -0.04627515
v 0.18513274 0.58636659 -0.05218782
v 0.18128225 0.56795448 -0.02625220
v 0.22299835 0.59698302 -0.04500527
v -0.23551904 0.70046353 -0.09244962
v -0.26742786 0.69611108 -0.08731623
v -0.26767135 0.72016066 -0.07253847
v -0.23715335 0.72573686 -0.07710151
v -0.24378370 0.66870147 -0.09510453
v -0.27244112 0.65280557 -0.09109543
v -0.23625551 0.64214879 -0.09891313
v -0.28104022 0.67000198 -0.08327859
v -0.23451288 0.62301856 -0.08848194
v -0.27620068 0.70535809 -0.07271573
v -0.23384011 0.71827048 -0.08918191
v 0.80562478 0.22554439 0.12272350
v 0.81744325 0.26656651 0.13372654
v 0.80314636 0.23718786 0.13384065
v 0.80914724 0.27225134 0.13860902
v 0.83500499 0.22798513 0.12462945
v 0.83589548 0.20381391 0.09756133
v 0.82071167 0.28532445 0.16859668
v 0.80080211 0.29823720 0.18519586
v 0.82751030 0.30211556 0.20395102
v 0.80296046 0.32134014 0.20662542
v 0.83614057 0.32197967 0.22476482
v 0.78481460 0.31506833 0.20181724
v 0.82755065 0.25849614 0.14441031
v 0.56070518 0.32903349 -0.20942998
v 0.55965286 0.36313444 -0.18409030
v 0.56487149 0.35979280 -0.19421907
v 0.57180262 0.31171912 -0.23539004
v 0.57136106 0.36425450 -0.21248406
v 0.58072883 0.35201719 -0.23083229
v 0.57371897 0.39796120 -0.17218922
v 0.56683809 0.38338166 -0.16071424
v 0.56232941 0.38237613 -0.13537429
v 0.57714033 0.40978128 -0.14316936
v 0.56113821 0.38522589 -0.09552983
v 0.57168794 0.40389714 -0.03929153
v 0.56161374 0.38056609 -0.05248599
v 0.56590378 0.37305501 -0.00623888
v 0.57291979 0.39180017 0.00678920
v 0.57329124 0.37920547 0.02998896
v 0.56289822 0.35279468 0.01264647
v 0.57353318 0.35921493 0.05054191
v 0.56204915 0.34119233 0.02509901
v 0.56767946 0.31736761 0.04998963
v 0.56022495 0.36570117 -0.00804417
v 0.57342356 0.29085687 0.06347343
v 0.56185657 0.30439070 0.04004797
v 0.57355893 0.23239790 0.04295439
v 0.55858713 0.32239711 0.03508519
v 0.57990551 0.25983903 0.06220044
v 0.56003267 0.37802583 -0.15400162
v 0.55827528 0.28752345 0.03733433
v 0.58667058 0.31043452 0.07110532
v 0.59436947 0.36005509 0.05914111
v -0.21995661 0.59404087 -0.06098299
v -0.22036053 0.57618862 -0.03593264
v -0.25476128 0.59670174 -0.05973035
v -0.23036131 0.60883856 -0.07815901
v -0.26586565 0.62000161 -0.07951093
v -0.20991156 0.56469864 -0.02819723
v -0.24299827 0.58222121 -0.03218168
v -0.23071928 0.57475501 -0.02226438
v -0.21534286 0.56481171 -0.00005209
v -0.26584238 0.61111528 -0.06284990
v -0.27244112 0.65280557 -0.09109543
v -0.23451288 0.62301856 -0.08848194
v -0.27588969 0.63627994 -0.07641525
v -0.28104022 0.67000198 -0.08327859
v -0.19421415 0.51856440 -0.00371907
v -0.21677516 0.52342355 0.01729543
v -0.21289508 0.58102226 -0.07766387
v -0.22298314 0.60086322 -0.12819915
v -0.20356630 0.57365841 -0.11107720
v -0.21881865 0.59497368 -0.15520796
v -0.18825519 0.56626391 -0.15551507
v -0.18607667 0.55596495 -0.14060265
v -0.15598544 0.54499888 -0.18333498
v -0.20037352 0.57933617 -0.19999291
v -0.21101911 0.60391837 -0.20475850
v -0.17193350 0.56887335 -0.22904339
v -0.18547714 0.57850689 -0.22309816
v -0.12911826 0.53729588 -0.20157105
v -0.19563359 0.53737575 -0.10057732
v -0.20329393 0.54312205 -0.05961759
v -0.17740521 0.53064018 -0.14234765
v -0.15060972 0.52446014 -0.17466748
v -0.09319876 0.52742356 -0.21978043
v -0.11651704 0.55164504 -0.24481840
v -0.10644386 0.51711100 -0.20105404
v -0.21251963 0.63167989 -0.21543147
v -0.25221208 0.60422564 -0.04245355
v -0.21945016 0.57731700 0.00496235
v -0.21904409 0.57127422 0.00040675
v -0.23667587 0.58666223 -0.01715214
v -0.05731111 0.54047263 -0.25685853
v -0.06170798 0.50983161 -0.21497612
v -0.19565669 0.48514870 -0.08176813
v -0.18360220 0.49736303 -0.12776785
v -0.19201379 0.47814411 -0.02939136
v -0.18392892 0.49397314 0.02003702
v -0.17382386 0.47702307 0.03044727
v -0.17993280 0.48833695 0.03626926
v -0.15979089 0.47493041 0.06757934
v -0.15075108 0.46302530 0.06710789
v -0.12165068 0.45543346 0.10319336
v -0.11740430 0.44523969 0.09883060
v -0.06938379 0.43217814 0.13350865
v -0.08701212 0.44838482 0.13850868
v -0.06147826 0.44287542 0.14801972
v -0.04795590 0.43472061 0.14484890
v -0.04228897 0.44246295 0.15776476
v -0.00859753 0.43321478 0.14890076
v -0.17256358 0.44444740 0.02898766
v -0.18481271 0.46411952 -0.00015472
v -0.16144593 0.42995062 0.04930071
v -0.13316347 0.43133640 0.08076359
v -0.09593396 0.41573998 0.11055525
v -0.24349527 0.68327683 -0.03705669
v -0.24274318 0.63547778 -0.03616160
v -0.27620068 0.70535809 -0.07271573
v -0.25119898 0.72673994 -0.02701355
v -0.23047031 0.71534938 0.00356022
v -0.22311686 0.63520503 -0.00156950
v -0.59853762 0.29627562 -0.22138031
v -0.60699439 0.27499959 -0.23887551
v -0.60534537 0.33653033 -0.23151113
v -0.59317446 0.32852864 -0.20972517
v -0.59934765 0.25669932 -0.21740410
v -0.61236858 0.22846948 -0.22647214
v -0.59979206 0.21706016 -0.19320561
v -0.60688245 0.19660698 -0.18981643
v -0.59972751 0.19359198 -0.15093455
v -0.60425764 0.37183866 -0.20649375
v -0.59310561 0.35561013 -0.19285496
v -0.59331799 0.37214848 -0.16871038
v -0.59007543 0.28081810 -0.21345010
v -0.59252566 0.24167188 -0.20557238
v -0.59866250 0.38600037 -0.15548998
v -0.59027588 0.38297144 -0.13477491
v -0.61288971 0.39871180 -0.18259560
v -0.60614043 0.40831202 -0.12949453
v -0.59284747 0.38683960 -0.09579362
v -0.60107702 0.39816579 -0.02883913
v -0.59221947 0.38136056 -0.04913656
v -0.59397072 0.37191623 -0.01796997
v -0.60452813 0.39421844 0.00816089
v -0.59783888 0.36612335 0.00802245
v -0.60535371 0.36288807 0.04920995
v -0.59481841 0.34545100 0.02154650
v -0.59806097 0.33188245 0.04237475
v -0.59132075 0.31956062 0.03679012
v -0.61115038 0.32231280 0.06633681
v -0.60559547 0.26169702 0.05776351
v -0.59887344 0.24965933 0.03958307
v -0.60808080 0.20459573 0.02537829
v -0.60867220 0.17720704 -0.12985957
v -0.59867859 0.18790117 -0.08479057
v -0.60647649 0.17821606 -0.06241966
v -0.59970230 0.19103590 -0.04252280
v -0.60807317 0.18217751 -0.02214834
v -0.59171098 0.36170793 0.00244639
v -0.59242851 0.24244849 0.02788357
v -0.59357589 0.21483660 0.00088255
v -0.59187859 0.19649835 -0.03760883
v -0.59048617 0.26052415 0.03484479
v -0.61691707 0.38946915 0.03153952
v -0.61688131 0.28643283 0.06841758
v -0.59113759 0.21814041 -0.18569075
v -0.59162372 0.19161233 -0.08825633
v -0.59143448 0.20212981 -0.15896469
v -0.59118921 0.19442707 -0.12666196
v -0.62291557 0.23308752 0.05180188
v -0.61866450 0.32335430 0.06993698
v -0.62902147 0.30590761 0.07219775
v 0.11942734 0.03119316 0.15391995
v 0.13197079 0.01430154 0.15989149
v 0.16626795 0.02333698 0.13246341
v 0.09252238 0.03343485 0.16874748
v 0.14292145 0.03263928 0.13765894
v 0.09131853 0.01612391 0.17902084
v 0.17930730 0.03168777 0.11067612
v 0.19075190 0.02359812 0.10769280
v 0.17200874 0.01638067 0.13034579
v 0.05838979 0.01350763 0.18716133
v 0.04507082 0.03245253 0.18004166
v 0.17304340 0.03899048 0.11295677
v 0.04803224 0.01485143 0.19881253
v 0.04013967 0.01658211 0.20133244
v -0.01482285 0.03036919 0.19078940
v 0.21369247 0.02461989 0.06067480
v 0.21118164 0.03134286 0.03974247
v 0.22248811 0.02593794 0.01961507
v 0.21209392 0.03598462 -0.02622369
v 0.21724570 0.03273502 -0.04513815
v 0.22884975 0.02105913 -0.02973210
v 0.21022563 0.04117977 -0.05758193
v 0.20233621 0.03973633 0.04849607
v 0.22381565 0.02432492 -0.08953691
v 0.20761172 0.03735001 -0.10406579
v 0.20007421 0.04016946 0.06018128
v 0.23019221 0.73192412 -0.05721647
v 0.23356378 0.71825951 -0.07610463
v 0.20579579 0.71225888 -0.08726857
v 0.20216192 0.73636544 -0.07151907
v 0.24178584 0.69045502 -0.08751639
v 0.24354249 0.71011204 -0.07341501
v 0.20038305 0.74310517 -0.05058728
v -0.32805994 -0.97770107 0.24506772
v -0.28205806 -0.97393185 0.25754550
v -0.28389961 -0.96203607 0.26094884
v -0.32351041 -0.95862627 0.25342450
v -0.34360850 -0.96894979 0.24658360
v -0.24827430 -0.96994746 0.25445938
v -0.24186769 -0.98231995 0.24042763
v -0.36257151 -0.97924346 0.22257301
v -0.36663523 -0.96975768 0.22472841
v -0.38855651 -0.97692430 0.19126360
v -0.33374450 -0.99786657 -0.02655649
v -0.23055542 -0.99816561 -0.02322557
v -0.25050709 -0.99736363 0.12939517
v -0.20524324 -0.99842316 -0.17571299
v -0.17042150 -0.99813831 -0.10063048
v -0.34837830 -0.99732983 -0.14668542
v -0.32542720 -0.99742234 -0.18069862
v -0.37708414 -0.99635440 0.11680783
v -0.37023476 -0.99583101 -0.04309016
v -0.37898004 -0.99551523 0.01289358
v -0.20619242 -0.99619853 0.11961866
v -0.19803305 -0.99670738 0.01387258
v -0.17653951 -0.99716222 -0.03950613
v -0.33710855 -0.99496156 0.15600386
v -0.39381152 -0.99492800 0.08848192
v -0.20806301 -0.99316311 0.16670731
v -0.21873870 -0.98982823 0.20498165
v -0.26595110 -0.98719734 0.22777651
v -0.25609756 -0.99539036 -0.20409898
v -0.37647888 -0.98923171 0.18340355
v -0.39265281 -0.98921704 0.16247149
v -0.19699752 -0.99434572 0.12712616
v -0.19478561 -0.99497265 0.05687422
v -0.18606964 -0.99483234 0.00301350
v -0.23205629 -0.99495727 -0.20035873
v -0.36624178 -0.99444258 -0.11245143
v -0.29881027 -0.99440956 -0.19990239
v -0.17626944 -0.99417156 -0.15590233
v -0.35462275 -0.99446845 -0.15570948
v -0.16245994 -0.99494129 -0.09133087
v -0.16364452 -0.99289244 -0.12521634
v -0.19368698 -0.99398351 -0.17747988
v -0.19179228 -0.98725057 0.14599346
v -0.20327999 -0.98575979 0.18290563
v -0.39959839 -0.98359340 0.15019444
v -0.39161837 -0.98603410 0.04013529
v -0.40176401 -0.98376203 0.09139789
v -0.37736714 -0.98378462 -0.03652043
v 0.26879936 -0.97510922 0.25610286
v 0.29536805 -0.95996052 0.25410444
v 0.23706622 -0.96160275 0.25950053
v 0.21827294 -0.97633559 0.25320145
v 0.31269726 -0.97517931 0.24196161
v 0.32974020 -0.96843702 0.23169979
v 0.33423886 -0.97939980 0.21886081
v 0.35539001 -0.97748899 0.19550335
v 0.35013768 -0.98813784 0.18235737
v 0.36720464 -0.98343945 0.15701056
v 0.20220588 -0.99727035 0.11818396
v 0.21123412 -0.99815309 -0.00293411
v 0.30697450 -0.99779952 0.05038543
v 0.19297503 -0.99837601 -0.18523532
v 0.14356214 -0.99798042 -0.07089256
v 0.14628279 -0.99822855 -0.14058667
v 0.31667987 -0.99746579 -0.14797975
v 0.26049399 -0.99727923 -0.19863504
v 0.30256262 -0.99597210 0.14663891
v 0.36296996 -0.99545032 0.10141989
v 0.36144772 -0.99449253 0.12913869
v 0.34928399 -0.99590039 0.05206760
v 0.34552196 -0.99538928 -0.00711485
v 0.33079267 -0.99641401 -0.08679453
v 0.15448098 -0.99644250 -0.00691236
v 0.16308051 -0.99582225 0.03499102
v 0.16558439 -0.99541658 0.11414812
v 0.18680893 -0.99471593 0.16452901
v 0.20769300 -0.98857683 0.22053073
v 0.29552263 -0.98844963 0.20830086
v 0.23577335 -0.99620807 -0.20305759
v 0.16911690 -0.99242002 0.15509602
v 0.13095967 -0.99511808 -0.11747711
v 0.18061708 -0.98780566 0.19928618
v 0.15393847 -0.99495494 -0.16866928
v 0.35507560 -0.99421775 0.04525346
v 0.33176646 -0.99464166 -0.12642799
v 0.34928975 -0.99489778 0.02123050
v 0.33999601 -0.99457449 -0.05456456
v 0.13717982 -0.99523163 -0.14194584
v 0.19378009 -0.98151714 0.23277177
v 0.31949243 -0.99529022 -0.15860453
v 0.29880986 -0.99220282 -0.18287228
v 0.13179523 -0.99391139 -0.08455770
v 0.18228905 -0.99406946 -0.19162937
v 0.14690290 -0.99288559 -0.01870307
v 0.15858482 -0.98627537 0.06792079
v 0.16892566 -0.98584706 0.17301413
v 0.15418455 -0.98496020 0.02703938
v 0.37052113 -0.98569947 0.12334774
v 0.16031860 -0.98535079 0.14133327
v 0.36572906 -0.98569757 0.06680803
v 0.35250264 -0.98575991 0.00168502
v 0.34520006 -0.98462600 -0.04251667
v 0.33974072 -0.98298448 -0.10554547
v 0.56200159 0.23872732 -0.20324636
v 0.56095576 0.26505527 -0.21255025
v 0.57476234 0.22442642 -0.21974972
v 0.57454807 0.26771417 -0.23670712
v 0.56175023 0.30915910 -0.21432585
v 0.57180262 0.31171912 -0.23539004
v 0.56070518 0.32903349 -0.20942998
v 0.56632161 0.21236955 -0.18734771
v 0.57527423 0.19131728 -0.17976081
v 0.56793427 0.19139071 -0.14509319
v 0.57444841 0.17691438 -0.11308187
v 0.56269324 0.19123870 -0.09344602
v 0.57476324 0.18058729 -0.03103568
v 0.56054485 0.19366337 -0.05582095
v 0.56047428 0.20344085 -0.01666652
v 0.56822520 0.19812706 -0.00825382
v 0.57344240 0.19676404 0.00956490
v 0.56068164 0.22817227 0.01618192
v 0.57355893 0.23239790 0.04295439
v 0.55950642 0.25313807 0.03295787
v 0.55977058 0.19707386 -0.14345548
v 0.56045991 0.20404539 -0.16319163
v 0.56056845 0.22053300 -0.18909656
v 0.58191335 0.21971406 0.03981370
v 0.79619992 0.27791154 0.16950572
v 0.80080211 0.29823720 0.18519586
v 0.78776973 0.29054219 0.19359171
v 0.80914724 0.27225134 0.13860902
v 0.79951274 0.26467904 0.14816527
v 0.80314636 0.23718786 0.13384065
v 0.77867121 0.30526760 0.20668703
v 0.78481460 0.31506833 0.20181724
v -0.25735214 0.73538148 -0.04421055
v -0.23545298 0.74188519 -0.03321532
v -0.23304127 0.73860443 -0.06018523
v -0.26383063 0.72926629 -0.05328886
v -0.26767135 0.72016066 -0.07253847
v -0.23715335 0.72573686 -0.07710151
v -0.23384011 0.71827048 -0.08918191
v -0.23074162 0.74904323 -0.02988194
v -0.23035897 0.73350912 -0.00200677
v -0.27620068 0.70535809 -0.07271573
v -0.25119898 0.72673994 -0.02701355
v -0.23047031 0.71534938 0.00356022
v -0.83475631 0.17275016 0.25863600
v -0.83817077 0.19612710 0.27029720
v -0.85386145 0.18934785 0.25783449
v -0.84991175 0.16242263 0.23603424
v -0.85967267 0.17160098 0.23635274
v -0.87357837 0.20628509 0.23913556
v -0.85156953 0.21907711 0.26604414
v -0.87128198 0.17910679 0.21515405
v -0.87149376 0.22548644 0.24120130
v -0.90320170 0.19202076 0.22815694
v -0.81802857 0.21766964 0.27632099
v -0.81832319 0.17306492 0.25954866
v -0.92081791 0.22012489 0.24091104
v -0.92396277 0.19408555 0.22099286
v -0.94463855 0.22314626 0.21897437
v -0.93735516 0.24372119 0.23630908
v -0.91961831 0.24233033 0.24343771
v -0.90941393 0.29070544 0.24285428
v -0.93219823 0.29829416 0.23152669
v -0.90737766 0.36143622 0.23231803
v -0.84682149 0.24029310 0.26192334
v -0.82241613 0.26570243 0.26067463
v -0.87876880 0.26205286 0.23829862
v -0.87090242 0.23731929 0.23919632
v -0.85492283 0.25219193 0.23641053
v -0.88030809 0.34618255 0.23204049
v -0.87113279 0.38111952 0.22669668
v -0.78879559 0.24632290 0.26776078
v -0.90308142 0.38966268 0.21709991
v -0.79076535 0.28887701 0.24901542
v -0.83520156 0.35693717 0.21907865
v -0.81427431 0.37915453 0.21044296
v -0.93266320 0.35803637 0.20678347
v -0.78470850 0.35054231 0.19799103
v -0.75116098 0.27763233 0.23981926
v -0.76112986 0.31477234 0.22417249
v -0.85429227 0.39494127 0.21263538
v -0.78134799 0.31609380 0.22621965
v -0.82818890 0.32315958 0.20728800
v -0.79847282 0.32436994 0.20264091
v -0.77776384 0.33864349 0.19955587
v -0.81315988 0.30448109 0.20176615
v -0.76089358 0.35107630 0.18714876
v -0.76665974 0.38704547 0.18156859
v -0.81720197 0.40135840 0.19471350
v -0.73099995 0.29356143 0.21912195
v -0.86110163 0.32827687 0.21943584
v -0.72685987 0.32583445 0.19694477
v -0.72961855 0.36251301 0.16315745
v -0.85998124 0.25625598 0.22698769
v -0.86242998 0.30384955 0.21295561
v -0.86451292 0.27060801 0.22358206
v -0.78595471 0.20356740 0.25506592
v -0.73365539 0.39174455 0.15062417
v -0.71620196 0.35284534 0.15768340
v -0.77876884 0.40484121 0.16692257
v -0.82654160 0.30283368 0.19420888
v -0.82118070 0.29100320 0.18782765
v -0.82173997 0.28316623 0.23614220
v -0.84258074 0.25085598 0.17569073
v -0.85189748 0.26255131 0.19248465
v -0.84145737 0.26105225 0.20626763
v -0.85998124 0.25625598 0.22698769
v -0.85492283 0.25219193 0.23641053
v -0.84469807 0.24292907 0.16812974
v -0.83346653 0.22607616 0.15210766
v 0.81764102 0.21214314 0.17528622
v 0.80986822 0.23871681 0.16984390
v 0.82214206 0.24100213 0.16459410
v 0.82793391 0.19962582 0.17347465
v 0.82173282 0.18293366 0.18618430
v 0.81692392 0.25638244 0.18722536
v 0.82755065 0.25849614 0.14441031
v 0.82485634 0.28262666 0.18008783
v 0.84451729 0.21076830 0.12801404
v 0.84554714 0.18450330 0.15366577
v 0.85220456 0.20483768 0.11135549
v 0.83500499 0.22798513 0.12462945
v 0.83301675 0.17733286 0.20029692
v 0.84942371 0.16847430 0.17304613
v 0.82071167 0.28532445 0.16859668
v 0.82751030 0.30211556 0.20395102
v 0.82375020 0.25921649 0.21271059
v 0.80986822 0.23871681 0.16984390
v 0.81692392 0.25638244 0.18722536
v 0.82214206 0.24100213 0.16459410
v -0.24396113 0.06130929 -0.10555670
v -0.28493392 0.18912022 -0.05087868
v -0.26375139 0.12482207 -0.13345061
v -0.28241295 0.18221764 -0.11148573
v -0.27627391 0.16629021 -0.17507434
v -0.24615315 0.06910280 -0.00430657
v -0.28587776 0.19625492 -0.00795828
v -0.28947297 0.20551002 -0.01395246
v -0.24747001 0.08683065 -0.15683183
v -0.22885346 0.03593371 -0.14237203
v -0.24220365 0.03962396 -0.02763204
v -0.24042395 0.03519683 -0.09831543
v -0.29169762 0.19598585 -0.14615546
v -0.30264282 0.19839551 -0.06755485
v -0.24636185 0.03304116 -0.03545779
v -0.30484933 0.20693912 -0.02877716
v -0.28050700 -0.16696206 -0.04287191
v -0.28840560 -0.22762816 -0.10611579
v -0.29990935 -0.24351157 -0.03543471
v -0.25503549 -0.07974477 -0.09302910
v -0.25920665 -0.08018237 -0.03760442
v -0.25716045 -0.07782935 0.01841686
v -0.26542133 -0.11420514 0.02333573
v -0.29625928 -0.24413346 0.02274311
v -0.29076123 -0.24761379 -0.10080992
v -0.26629096 -0.06194203 -0.03072951
v -0.26222262 -0.06265457 -0.09054898
v -0.26166615 0.01380144 -0.03439783
v -0.26491505 -0.06117163 0.00597017
v -0.25943255 0.01055803 -0.08516299
v -0.25808331 0.02354036 -0.03356373
v -0.25498351 0.02278191 -0.09578057
v -0.24636185 0.03304116 -0.03545779
v -0.24042395 0.03519683 -0.09831543
v -0.24140194 0.02447464 -0.13452667
v -0.22885346 0.03593371 -0.14237203
v -0.24996732 0.02532339 0.03295887
v -0.23912150 0.03983248 0.01595694
v -0.38700145 0.20342338 -0.04441148
v -0.43665713 0.19580416 -0.09314318
v -0.30264282 0.19839551 -0.06755485
v -0.30484933 0.20693912 -0.02877716
v -0.40622336 0.21564588 -0.01201274
v -0.51691461 0.19012675 -0.06779374
v -0.52342635 0.20460007 -0.01100147
v -0.59187859 0.19649835 -0.03760883
v -0.48850319 0.20517243 -0.01592911
v -0.48979545 0.19441921 -0.06296328
v -0.43995777 0.20529284 -0.03134423
v -0.46851337 0.19342078 -0.08406274
v -0.38700145 0.20342338 -0.04441148
v 0.66556448 0.29410779 0.09468421
v 0.66675860 0.25808039 0.07874640
v 0.68387198 0.26189613 0.19352609
v 0.67924511 0.28654584 0.18741618
v 0.67235518 0.33295938 0.13728313
v 0.66852576 0.33745584 0.08926149
v 0.66428071 0.34078526 0.07508149
v 0.65602523 0.30291048 0.07491420
v 0.65384656 0.27471942 0.07165582
v 0.65444309 0.33515495 0.07038888
v 0.35036835 -0.92872846 0.01428192
v 0.34520006 -0.98462600 -0.04251667
v 0.33282599 -0.91803885 -0.04453326
v 0.35250264 -0.98575991 0.00168502
v 0.36363339 -0.95763093 0.06303022
v 0.36572906 -0.98569757 0.06680803
v 0.37052113 -0.98569947 0.12334774
v 0.57990551 0.25983903 0.06220044
v 0.65384656 0.27471942 0.07165582
v 0.58667058 0.31043452 0.07110532
v 0.65602523 0.30291048 0.07491420
v 0.65444309 0.33515495 0.07038888
v 0.59436947 0.36005509 0.05914111
v -0.39959839 -0.98359340 0.15019444
v -0.39313835 -0.93150312 0.13600877
v -0.40176401 -0.98376203 0.09139789
v 0.26434481 0.21561565 -0.19089998
v 0.35418952 0.21575391 -0.17723592
v 0.27236581 0.20354377 -0.15799671
v 0.48747730 0.19558041 -0.14999421
v 0.49238759 0.20340930 -0.16883871
v 0.55977058 0.19707386 -0.14345548
v 0.56045991 0.20404539 -0.16319163
v 0.48542225 0.20905131 -0.17799333
v 0.46637127 0.20350376 -0.16255879
v 0.14527746 0.81300962 0.16262703
v 0.12932399 0.79880679 0.15408495
v 0.16299002 0.81067556 0.12516841
v 0.14797504 0.79937077 0.12388308
v 0.36720464 -0.98343945 0.15701056
v 0.37052113 -0.98569947 0.12334774
v 0.36703655 -0.95669621 0.14041272
v -0.84545541 0.19461721 0.17616951
v -0.85444009 0.20182630 0.17729034
v -0.84469807 0.24292907 0.16812974
v 0.19769885 0.70217687 0.02521717
v 0.18919303 0.65945452 0.05180738
v 0.18925147 0.56047362 0.03145556
v 0.18442667 0.76090217 0.07434845
v 0.17403980 0.61596483 0.09439993
v 0.18113250 0.67527241 0.06753709
v 0.18893658 0.78998303 0.06293855
v 0.16754366 0.52543259 0.08561253
v 0.15395735 0.59584028 0.14079550
v 0.12580377 0.53917974 0.18762124
v 0.13169906 0.58666736 0.19036545
v 0.18236816 0.51054883 0.03011518
v 0.16296853 0.49037665 0.06246296
v 0.18996429 0.59240371 0.00327710
v 0.18528229 0.56738526 0.00034308
v 0.16420086 0.72716147 0.08020707
v 0.19489865 0.68402213 -0.00178639
v 0.19908699 0.71812928 0.00523664
v 0.22265975 0.73226207 -0.03067060
v 0.21544813 0.69037521 -0.03862688
v 0.20682995 0.64269155 -0.02880580
v 0.16690713 0.62787032 0.10511948
v 0.13101372 0.47853056 0.15622245
v 0.19601467 0.78998649 0.01614948
v 0.11270431 0.47215149 0.19457072
v 0.15616475 0.48639545 0.08650632
v 0.17488116 0.80970997 0.11138803
v 0.16696823 0.83826321 0.14581832
v 0.16572556 0.82207328 0.14094180
v 0.16299002 0.81067556 0.12516841
v 0.17878748 0.87741816 0.11039882
v 0.19297457 0.87448120 0.04283190
v 0.16524565 0.89657563 0.14411968
v 0.16160202 0.92035520 0.11085762
v 0.15496778 0.84459388 0.16862237
v 0.14326389 0.47691759 0.11681721
v 0.17195010 0.92485684 0.05813253
v 0.18480919 0.51959014 0.01766863
v 0.14527746 0.81300962 0.16262703
v 0.10852513 0.45796010 0.19592255
v 0.12102491 0.45887637 0.16255733
v 0.10433442 0.44731778 0.18938728
v 0.18075281 0.65530145 0.07060387
v 0.24115853 0.70419085 -0.06664221
v 0.23019221 0.73192412 -0.05721647
v 0.20038305 0.74310517 -0.05058728
v 0.24354249 0.71011204 -0.07341501
v 0.24698225 0.64378208 -0.07963167
v 0.24178584 0.69045502 -0.08751639
v 0.24448885 0.66165113 -0.09041866
v 0.17719263 0.76425964 0.08716612
v 0.14697231 0.60057908 0.15222324
v 0.12399628 0.59763443 0.19295461
v 0.19835018 0.74291456 -0.01247314
v 0.13774040 0.47092807 0.10518601
v 0.13039888 0.46399903 0.13497500
v 0.14832662 0.82537502 0.17213903
v 0.14784296 0.90074193 0.16479754
v 0.20157155 0.85087067 -0.00391302
v 0.19943261 0.87529701 -0.01808502
v 0.20579325 0.84629178 -0.08916927
v 0.19386899 0.89229876 -0.07569139
v 0.20224890 0.85845661 -0.13644454
v 0.18262516 0.89057380 -0.17424117
v 0.19523066 0.84354365 -0.20889802
v 0.18129304 0.92867589 -0.05392534
v 0.20195691 0.83326566 -0.16905372
v 0.17464718 0.92553359 -0.14297301
v 0.16298921 0.90524435 -0.22828569
v 0.18421195 0.84802634 -0.23008303
v 0.17357393 0.93270487 -0.10667235
v 0.16760436 0.91304398 -0.20203850
v 0.19865566 0.78824681 -0.11713729
v 0.19131754 0.78407955 -0.19849887
v 0.19539917 0.75260097 -0.15308122
v 0.18524638 0.75941199 -0.21668059
v 0.19551326 0.66812843 -0.16554689
v 0.20208424 0.71158957 -0.09988422
v 0.18325104 0.65413707 -0.21605377
v 0.18443535 0.61347371 -0.20219705
v 0.17204860 0.62527895 -0.22689067
v 0.19739182 0.62351888 -0.13727361
v 0.20418596 0.63794702 -0.09559999
v 0.20326860 0.62069899 -0.08491320
v 0.19566569 0.60487652 -0.09199467
v 0.19678396 0.60292655 -0.07004641
v 0.17535374 0.56532872 -0.07195725
v 0.18891747 0.59773886 -0.15638925
v 0.15908328 0.56081998 -0.12988161
v 0.15715158 0.52381927 -0.11548331
v 0.13743913 0.54513150 -0.16141452
v 0.16568045 0.51202333 -0.06206843
v 0.17075393 0.54890603 -0.02874816
v 0.16344851 0.52286857 -0.00527181
v 0.17316721 0.55745763 -0.00865380
v 0.18128225 0.56795448 -0.02625220
v 0.16380407 0.48106319 -0.09592219
v 0.16314182 0.46736678 -0.03198622
v 0.15850341 0.47465247 -0.02179293
v 0.15562806 0.49937019 0.00819894
v 0.16341779 0.45886675 -0.01587136
v 0.16006081 0.49493670 -0.10143596
v 0.12197118 0.51725209 -0.16839537
v 0.17368087 0.64392936 -0.22756048
v 0.18513274 0.58636659 -0.05218782
v 0.17358214 0.58121103 -0.18850544
v 0.18090710 0.79389066 -0.22884326
v 0.19369219 0.82812899 -0.21404679
v 0.17828862 0.92889369 -0.00735489
v 0.23894443 0.63042861 -0.06788128
v 0.23666024 0.61438984 -0.07051897
v 0.20967446 0.58104229 -0.02373641
v 0.22299835 0.59698302 -0.04500527
v 0.15262033 0.49239948 -0.12610145
v 0.13724104 0.47983617 -0.15621509
v 0.16157272 0.47385976 -0.13555358
v 0.19997489 0.79192120 -0.05971762
v 0.20216192 0.73636544 -0.07151907
v 0.20579579 0.71225888 -0.08726857
v 0.21398988 0.58658630 -0.04627515
v 0.20038305 0.74310517 -0.05058728
v 0.20216192 0.73636544 -0.07151907
v 0.19997489 0.79192120 -0.05971762
v 0.20418596 0.63794702 -0.09559999
v 0.19551326 0.66812843 -0.16554689
v 0.20208424 0.71158957 -0.09988422
v 0.18421195 0.84802634 -0.23008303
v 0.19369219 0.82812899 -0.21404679
v 0.18090710 0.79389066 -0.22884326
v 0.22386868 0.61061525 -0.07553278
v 0.22299835 0.59698302 -0.04500527
v 0.21398988 0.58658630 -0.04627515
v -0.84258074 0.25085598 0.17569073
v -0.84145737 0.26105225 0.20626763
v -0.83127207 0.26991451 0.16311449
v -0.83346653 0.22607616 0.15210766
v -0.82485986 0.28155139 0.19793396
v -0.82118070 0.29100320 0.18782765
v -0.83264542 0.27054113 0.14395441
v -0.83447284 0.23647468 0.13200815
v -0.83196777 0.20969932 0.11336505
v -0.82769650 0.20595437 0.14559025
v -0.82173997 0.28316623 0.23614220
v -0.83800346 0.28593123 0.16011015
v -0.84545541 0.19461721 0.17616951
v -0.81315988 0.30448109 0.20176615
v -0.85492283 0.25219193 0.23641053
v -0.84382820 0.17596614 0.18286063
v -0.82654160 0.30283368 0.19420888
v -0.84373170 0.27230439 0.13797073
v -0.84867662 0.22670449 0.11851408
v -0.84469807 0.24292907 0.16812974
v -0.83346653 0.22607616 0.15210766
v -0.84545541 0.19461721 0.17616951
v 0.05942603 -0.06529018 0.18636641
v 0.05838979 0.01350763 0.18716133
v 0.04803224 0.01485143 0.19881253
v 0.04980038 -0.07024010 0.19625844
v 0.03451482 -0.04434378 0.20262706
v 0.04013967 0.01658211 0.20133244
v 0.08445017 -0.06223902 0.18254915
v 0.09131853 0.01612391 0.17902084
v 0.11621173 -0.06225920 0.17056201
v 0.13197079 0.01430154 0.15989149
v 0.16811268 -0.06214623 0.13934809
v 0.10569920 -0.07883197 0.16824354
v 0.17085603 -0.07863116 0.12878764
v 0.17200874 0.01638067 0.13034579
v 0.16553944 -0.10535198 0.13956949
v 0.09825446 -0.08724570 0.17424302
v 0.13685623 -0.20641670 0.17434344
v 0.19711471 -0.21089163 0.13706616
v 0.17865284 -0.25277993 0.15288156
v 0.21260616 -0.23999280 0.12892255
v 0.10336412 -0.16742817 0.18425694
v 0.04628091 -0.09482799 0.18549877
v 0.02542210 -0.00239534 0.20113558
v 0.01493004 -0.01668270 0.19250755
v 0.11481718 -0.25277916 0.18879400
v 0.08128119 -0.07791057 0.17753819
v 0.01565635 -0.04505089 0.19292846
v 0.02378798 -0.05500250 0.20029883
v -0.04651599 -0.04100239 0.19196801
v -0.04411892 -0.01688967 0.19249968
v 0.19627509 -0.06137368 0.11206628
v 0.07064324 -0.20104830 0.19070764
v 0.13221712 -0.25286743 0.18241812
v 0.03890308 -0.06868218 0.20219612
v 0.20512335 -0.25288907 0.13100685
v -0.06544711 -0.05605578 0.20285355
v 0.19310960 -0.15685907 0.12752995
v -0.01381976 -0.12048293 0.18763816
v -0.01644278 -0.08931983 0.18813452
v -0.02549394 -0.13451280 0.18885581
v -0.01631017 -0.14598158 0.18242531
v -0.03223317 -0.16930477 0.19024797
v -0.06701729 -0.09564187 0.18681681
v -0.00146532 -0.16009888 0.18970895
v -0.08027374 -0.21537700 0.19175765
v -0.09724925 -0.11836787 0.18595283
v -0.14058828 -0.23005459 0.18867622
v -0.15307863 -0.25239348 0.18798451
v -0.06649966 -0.25186470 0.19094932
v -0.14968203 -0.19959837 0.18291201
v -0.12460582 -0.07775541 0.17441039
v -0.18471079 -0.18828835 0.16039681
v -0.19348483 -0.25046542 0.16411014
v -0.23694746 -0.24113664 0.13544290
v -0.22564594 -0.25368938 0.14071037
v -0.22260593 -0.15901417 0.13084114
v -0.24438550 -0.22373657 0.12444453
v -0.24649853 -0.11527967 0.08091248
v -0.26743895 -0.22285794 0.09133294
v -0.29625928 -0.24413346 0.02274311
v -0.26542133 -0.11420514 0.02333573
v -0.23176520 -0.07795338 0.09289879
v -0.27433375 -0.24806991 0.08134459
v -0.18514971 -0.25927433 0.16234456
v -0.24127720 -0.25015128 0.12984411
v -0.25716045 -0.07782935 0.01841686
v -0.24122258 -0.06284061 0.08454475
v -0.22003931 -0.06148229 0.11973776
v -0.23011558 0.00777451 0.09809054
v -0.21078683 0.02320715 0.12034039
v -0.23179288 0.02537498 0.08221208
v -0.20292619 0.03204858 0.11571014
v -0.21140163 0.03910477 0.09854423
v -0.19900185 0.03734718 0.11613767
v -0.23026168 0.16091019 0.12633206
v -0.16710627 0.08885781 0.15978621
v -0.14130519 0.03205988 0.15995674
v -0.11347118 0.08447325 0.18309587
v -0.14011116 0.20681629 0.19446315
v -0.08082199 0.09789393 0.19599272
v -0.08014841 0.24239667 0.21594773
v -0.01580223 0.16683112 0.21700896
v -0.15388593 0.25123981 0.19857566
v -0.19242875 0.25767985 0.18831915
v -0.01615225 0.07394209 0.20480016
v -0.01885125 0.24450427 0.22612463
v 0.04980402 0.24278097 0.21507786
v -0.07300187 0.03236444 0.18094952
v -0.10138559 0.03199277 0.17356305
v -0.07970023 0.25641781 0.21304247
v -0.18469900 0.19554426 0.17260864
v -0.16771211 0.01526061 0.15563488
v -0.25734246 0.13065553 0.05659684
v -0.24391317 0.08054624 0.04951205
v -0.24615315 0.06910280 -0.00430657
v -0.28587776 0.19625492 -0.00795828
v -0.23912150 0.03983248 0.01595694
v -0.24220365 0.03962396 -0.02763204
v -0.28135133 0.20447633 0.05520702
v -0.28822488 0.22977261 0.02876919
v -0.28761524 0.24879943 0.05797182
v -0.32714939 0.26388532 0.03713090
v -0.28140378 0.24947143 0.08785509
v -0.28629655 0.26543278 0.06966334
v -0.31311253 0.24241506 0.02313879
v -0.30818710 0.22170419 0.00029450
v -0.28753540 0.31145200 0.08006071
v -0.38837153 0.23690054 0.01251986
v -0.40622336 0.21564588 -0.01201274
v -0.30484933 0.20693912 -0.02877716
v -0.28314602 0.29140642 0.11220585
v -0.27820310 0.33426908 0.09503745
v -0.27187073 0.28194407 0.13083670
v -0.27618435 0.26467034 0.12343151
v -0.45052058 0.22818071 0.00880238
v -0.44284576 0.26102677 0.02586392
v -0.43995777 0.20529284 -0.03134423
v -0.38700145 0.20342338 -0.04441148
v -0.48850319 0.20517243 -0.01592911
v -0.47896701 0.22916715 0.02000697
v -0.25129125 -0.00094064 0.05495640
v -0.24636185 0.03304116 -0.03545779
v -0.23170437 0.03677031 0.05794565
v -0.31369025 0.28288814 0.05510721
v -0.33323324 0.26291460 0.03063441
v -0.28947297 0.20551002 -0.01395246
v -0.19807367 -0.07784359 0.13238256
v -0.04191188 -0.22963877 0.19102171
v -0.05638726 -0.25196046 0.19039753
v -0.04100049 -0.24822146 0.18023849
v -0.08508334 -0.08478010 0.18411222
v -0.09459706 -0.06536280 0.18564270
v -0.11947408 -0.06138091 0.18180479
v -0.14946973 -0.26197794 0.18301561
v 0.02658266 -0.25217316 0.19116563
v 0.07394145 -0.26243612 0.18377756
v -0.23141819 0.25916749 0.16007651
v -0.20045853 0.26829153 0.18216458
v 0.12351145 -0.26151115 0.18156058
v -0.41790149 0.29785204 0.03032196
v -0.25538868 -0.06198074 0.05150020
v -0.15393260 -0.06253429 0.16610947
v 0.01989201 -0.21803400 0.19172996
v -0.09163077 0.01392357 0.18705674
v -0.06989951 -0.08688304 0.18904909
v -0.07039374 -0.06806288 0.20202473
v -0.26491505 -0.06117163 0.00597017
v -0.46368876 0.27413058 0.03419346
v 0.01398839 -0.23938634 0.19074772
v -0.51389909 0.22849643 0.01818332
v -0.52342635 0.20460007 -0.01100147
v -0.59357589 0.21483660 0.00088255
v -0.59242851 0.24244849 0.02788357
v -0.59187859 0.19649835 -0.03760883
v -0.45568267 0.31417662 0.02977969
v -0.50772727 0.30510861 0.04467463
v -0.37940720 0.32444701 0.02443795
v 0.03773567 -0.07969064 0.19889790
v -0.24003033 0.19836965 0.13107412
v -0.52510828 0.25744563 0.03662938
v -0.25914839 0.01095739 0.01076404
v -0.26166615 0.01380144 -0.03439783
v -0.29240060 0.31456277 0.07286980
v 0.00855547 -0.24678159 0.17982683
v -0.24964567 0.23966168 0.14241409
v -0.59048617 0.26052415 0.03484479
v -0.57058299 0.31464931 0.03828842
v -0.59132075 0.31956062 0.03679012
v -0.24996732 0.02532339 0.03295887
v -0.20089747 -0.06285462 0.13778155
v -0.32639104 0.32849818 0.05231242
v 0.04699486 -0.08822242 0.18515995
v -0.34591737 0.29867199 0.03427196
v -0.12880239 0.01694686 0.17661624
v -0.06169436 -0.00063970 0.20144229
v 0.02542210 -0.00239534 0.20113558
v 0.04013967 0.01658211 0.20133244
v -0.07407969 0.01623357 0.20125432
v 0.01493004 -0.01668270 0.19250755
v -0.01482285 0.03036919 0.19078940
v -0.04411892 -0.01688967 0.19249968
v -0.07300187 0.03236444 0.18094952
v -0.01615225 0.07394209 0.20480016
v 0.04507082 0.03245253 0.18004166
v 0.03974168 0.10066500 0.19901982
v -0.01580223 0.16683112 0.21700896
v 0.04980402 0.24278097 0.21507786
v 0.10252903 0.23762882 0.20154420
v 0.10123404 0.10573870 0.18091279
v 0.09252238 0.03343485 0.16874748
v -0.06544711 -0.05605578 0.20285355
v 0.12713949 0.19215921 0.18450269
v 0.16443686 0.26305017 0.18752155
v 0.15420923 0.19957046 0.17229220
v 0.14483187 0.10713395 0.15817964
v 0.08551111 0.25375447 0.20618352
v 0.17285711 0.26296568 0.18100441
v 0.22719938 0.25782886 0.14105903
v 0.23074464 0.28971308 0.13408567
v -0.07883003 0.01544375 0.19933519
v 0.24749108 0.26944363 0.12199527
v 0.25190526 0.29535010 0.11351630
v 0.18890084 0.17631723 0.14044286
v 0.18361223 0.08133006 0.11739390
v 0.14292145 0.03263928 0.13765894
v 0.17304340 0.03899048 0.11295677
v -0.07039374 -0.06806288 0.20202473
v -0.07879032 -0.07824304 0.19902514
v 0.03773567 -0.07969064 0.19889790
v -0.06989951 -0.08688304 0.18904909
v -0.08508334 -0.08478010 0.18411222
v -0.09459706 -0.06536280 0.18564270
v 0.11942734 0.03119316 0.15391995
v -0.09163077 0.01392357 0.18705674
v -0.15393260 -0.06253429 0.16610947
v -0.12880239 0.01694686 0.17661624
v -0.16771211 0.01526061 0.15563488
v -0.20089747 -0.06285462 0.13778155
v -0.10138559 0.03199277 0.17356305
v -0.12880239 0.01694686 0.17661624
v -0.09163077 0.01392357 0.18705674
v -0.23141819 0.25916749 0.16007651
v -0.20045853 0.26829153 0.18216458
v -0.27187073 0.28194407 0.13083670
v -0.24964567 0.23966168 0.14241409
v -0.32639104 0.32849818 0.05231242
v -0.37940720 0.32444701 0.02443795
v -0.34591737 0.29867199 0.03427196
v -0.24996732 0.02532339 0.03295887
v -0.25808331 0.02354036 -0.03356373
v -0.25914839 0.01095739 0.01076404
v -0.26166615 0.01380144 -0.03439783
v -0.85493827 0.28238827 0.16458876
v -0.84373170 0.27230439 0.13797073
v -0.83800346 0.28593123 0.16011015
v -0.85281426 0.30085191 0.19756795
v -0.85773981 0.28117752 0.18201353
v -0.82654160 0.30283368 0.19420888
v -0.82818890 0.32315958 0.20728800
v -0.85458153 0.25732228 0.16548286
v -0.85532492 0.25990134 0.13555384
v -0.86110163 0.32827687 0.21943584
v -0.85189748 0.26255131 0.19248465
v -0.84469807 0.24292907 0.16812974
v -0.86242998 0.30384955 0.21295561
v -0.84867662 0.22670449 0.11851408
v -0.86718601 0.22625211 0.13014181
v -0.87123162 0.21520296 0.11472977
v -0.88967127 0.20162721 0.10988833
v -0.87304157 0.20290950 0.08912656
v -0.87467009 0.18821374 0.14863478
v -0.88950652 0.16932642 0.16275340
v -0.86255938 0.17799109 0.19330572
v -0.85444009 0.20182630 0.17729034
v -0.86220855 0.25095612 0.14178656
v -0.86451292 0.27060801 0.22358206
v -0.85998124 0.25625598 0.22698769
v -0.84469807 0.24292907 0.16812974
v -0.85444009 0.20182630 0.17729034
v -0.86220855 0.25095612 0.14178656
v -0.88030809 0.34618255 0.23204049
v -0.86451292 0.27060801 0.22358206
v -0.86242998 0.30384955 0.21295561
vt 0.62753201 0.46180844
vt 0.64357001 0.45882511
vt 0.62846434 0.44647419
vt 0.64804107 0.42823851
vt 0.64196247 0.39756572
vt 0.62667078 0.40405774
vt 0.62449384 0.39251691
vt 0.64374393 0.38035786
vt 0.62509036 0.37473291
vt 0.64324749 0.34230185
vt 0.62482822 0.34349144
vt 0.65773696 0.35509717
vt 0.65764028 0.38376653
vt 0.65501946 0.45838320
vt 0.66253787 0.33979046
vt 0.65955430 0.39666307
vt 0.66325516 0.44484979
vt 0.66907549 0.45784879
vt 0.62276936 0.34408021
vt 0.60726494 0.39782858
vt 0.61056644 0.41173124
vt 0.61151725 0.45849985
vt 0.60254127 0.37662816
vt 0.60857606 0.34564722
vt 0.60946423 0.46488667
vt 0.64397770 0.33949727
vt 0.66671920 0.33561695
vt 0.67481220 0.33993995
vt 0.67284477 0.37696594
vt 0.67977923 0.43015754
vt 0.67601937 0.39685798
vt 0.60493410 0.41982234
vt 0.60561860 0.46229148
vt 0.64435136 0.46248686
vt 0.66870290 0.46182728
vt 0.68363345 0.45419496
vt 0.60754091 0.34258819
vt 0.68855703 0.33605719
vt 0.59585387 0.39856958
vt 0.59988946 0.34338194
vt 0.59200656 0.41460258
vt 0.68468475 0.46054274
vt 0.69093287 0.35955328
vt 0.59148586 0.44516051
vt 0.59166598 0.46233833
vt 0.59306049 0.46836668
vt 0.58930349 0.34788519
vt 0.62319458 0.34027594
vt 0.69004953 0.39580369
vt 0.69026560 0.42562783
vt 0.58474499 0.40122819
vt 0.65339869 0.32488704
vt 0.69093287 0.45963347
vt 0.58443034 0.34200692
vt 0.58132243 0.36732376
vt 0.63417625 0.32668638
vt 0.65274125 0.31922257
vt 0.66588986 0.31476164
vt 0.62735277 0.32488501
vt 0.63242072 0.31225789
vt 0.65634656 0.30918163
vt 0.63942802 0.30490375
vt 0.62541974 0.30664814
vt 0.63337028 0.27315950
vt 0.64863354 0.30070072
vt 0.64895165 0.27145439
vt 0.61415607 0.27663720
vt 0.65530598 0.30410779
vt 0.62210727 0.27159393
vt 0.61040652 0.27326018
vt 0.61103761 0.32505727
vt 0.59276974 0.32907748
vt 0.57332760 0.43902349
vt 0.57409412 0.41607332
vt 0.57047653 0.40622640
vt 0.57505673 0.46341658
vt 0.56817555 0.39995950
vt 0.56677026 0.34448409
vt 0.56822306 0.47018969
vt 0.56783760 0.41744685
vt 0.56710154 0.36509180
vt 0.56451613 0.46014726
vt 0.57000357 0.34073627
vt 0.52251518 0.87029278
vt 0.52138484 0.84456480
vt 0.50779873 0.87489456
vt 0.50403303 0.83633161
vt 0.49693531 0.86519414
vt 0.52544904 0.77275515
vt 0.50721097 0.77344900
vt 0.53393322 0.82128114
vt 0.53330112 0.77312607
vt 0.54464078 0.78123677
vt 0.56596386 0.78951448
vt 0.55394965 0.83482826
vt 0.54925770 0.86600572
vt 0.53223395 0.88065267
vt 0.55954820 0.77583683
vt 0.57049239 0.81204373
vt 0.57410711 0.79222631
vt 0.52341640 0.88557249
vt 0.55508256 0.88260895
vt 0.56820536 0.86024731
vt 0.56982386 0.77916628
vt 0.56796068 0.87633669
vt 0.52936578 0.89473534
vt 0.50748533 0.89272070
vt 0.57241571 0.85513848
vt 0.57613140 0.80056083
vt 0.57348210 0.83377385
vt 0.51818836 0.76655346
vt 0.48708981 0.79745370
vt 0.48765141 0.77116680
vt 0.48377916 0.84145242
vt 0.49013507 0.88996363
vt 0.49957532 0.76558268
vt 0.47864801 0.88654423
vt 0.47763565 0.87107497
vt 0.44716766 0.78565669
vt 0.46172059 0.81374228
vt 0.45388174 0.77289027
vt 0.45310828 0.83189207
vt 0.46158490 0.87219709
vt 0.44444397 0.79305255
vt 0.51884460 0.90108401
vt 0.44458464 0.86219436
vt 0.45543465 0.88494205
vt 0.44016725 0.86787105
vt 0.47540390 0.89546484
vt 0.48041680 0.76600480
vt 0.53991675 0.89831918
vt 0.55989146 0.89316279
vt 0.48881674 0.90088767
vt 0.43995357 0.86121559
vt 0.43985063 0.78970855
vt 0.56527358 0.89006722
vt 0.44557711 0.88485473
vt 0.54867554 0.76944286
vt 0.43984306 0.80886441
vt 0.44773954 0.76957691
vt 0.57592630 0.87183112
vt 0.57670838 0.85915262
vt 0.58282477 0.79727596
vt 0.57425636 0.77779800
vt 0.58091062 0.81969422
vt 0.58282477 0.83562380
vt 0.21345428 0.18283290
vt 0.18779470 0.20826888
vt 0.18657851 0.18478060
vt 0.21725659 0.20492017
vt 0.21071920 0.16127408
vt 0.18346588 0.16449451
vt 0.20004381 0.22974139
vt 0.19040453 0.22752714
vt 0.22374262 0.22435272
vt 0.22560632 0.24499154
vt 0.20687117 0.24814630
vt 0.22292806 0.20353687
vt 0.21864720 0.18113452
vt 0.21582015 0.16205186
vt 0.23141646 0.22069579
vt 0.23053138 0.20318460
vt 0.24638453 0.20070988
vt 0.25381973 0.20443928
vt 0.28178307 0.23685253
vt 0.27043486 0.20474821
vt 0.28080636 0.20642531
vt 0.25328705 0.19541812
vt 0.24858508 0.19069839
vt 0.27094862 0.18780768
vt 0.27061331 0.15300584
vt 0.22382788 0.18407434
vt 0.26146775 0.15528351
vt 0.27774936 0.18362248
vt 0.22201532 0.16255832
vt 0.28825957 0.24080229
vt 0.23564576 0.24329698
vt 0.27661940 0.15507919
vt 0.19361292 0.25080526
vt 0.26298726 0.20163727
vt 0.28236985 0.24774200
vt 0.27653587 0.18882114
vt 0.18207063 0.20954466
vt 0.18005387 0.19310689
vt 0.22370180 0.26235896
vt 0.19606155 0.26569903
vt 0.26721343 0.19260156
vt 0.17852084 0.16532153
vt 0.18681179 0.23295414
vt 0.18247257 0.22834784
vt 0.18592985 0.25746965
vt 0.14887409 0.21182233
vt 0.16194212 0.23492360
vt 0.14496723 0.25286388
vt 0.12350406 0.21215969
vt 0.13744281 0.17153043
vt 0.12977333 0.25147700
vt 0.10502467 0.21464413
vt 0.09683074 0.17337793
vt 0.10006496 0.21861655
vt 0.09280296 0.17020106
vt 0.10491998 0.26112258
vt 0.08766347 0.15528625
vt 0.09431691 0.15898681
vt 0.08413273 0.13704711
vt 0.11213340 0.17769527
vt 0.10620666 0.27544034
vt 0.10377822 0.27278137
vt 0.10162417 0.29226297
vt 0.09390572 0.29182041
vt 0.08447944 0.30583382
vt 0.13560608 0.27919328
vt 0.16116115 0.17381275
vt 0.06922856 0.13715947
vt 0.07191133 0.13098913
vt 0.12495165 0.15339947
vt 0.10999489 0.30466855
vt 0.09243125 0.12912309
vt 0.08411437 0.21841043
vt 0.07945688 0.24337029
vt 0.10633870 0.30555356
vt 0.16120073 0.25316620
vt 0.08509385 0.27333379
vt 0.27338850 0.14455980
vt 0.07537981 0.18123269
vt 0.07391162 0.22030139
vt 0.05128337 0.14531720
vt 0.06493343 0.29619247
vt 0.19156466 0.26747715
vt 0.17704861 0.26305550
vt 0.14185627 0.28426892
vt 0.16862291 0.15530401
vt 0.05287356 0.13514251
vt 0.23065731 0.26511419
vt 0.06464490 0.30557156
vt 0.07348177 0.30850607
vt 0.05197664 0.22198796
vt 0.05018803 0.17355943
vt 0.06383693 0.27586806
vt 0.28001007 0.20140707
vt 0.21537609 0.14541334
vt 0.20982625 0.14691937
vt 0.28551254 0.20657074
vt 0.18187818 0.14139837
vt 0.05580842 0.26930690
vt 0.10682536 0.12960237
vt 0.13540766 0.13357705
vt 0.28043211 0.18576062
vt 0.26479742 0.14149928
vt 0.17742980 0.14933240
vt 0.22578263 0.13652748
vt 0.14768919 0.29216892
vt 0.12753683 0.30499578
vt 0.18861192 0.27896720
vt 0.28962651 0.25880873
vt 0.27684137 0.14463651
vt 0.19811891 0.27760458
vt 0.16707435 0.14459908
vt 0.22628886 0.27551639
vt 0.28402102 0.27967381
vt 0.24980047 0.27699912
vt 0.29234323 0.27411902
vt 0.09321943 0.31188905
vt 0.17201969 0.28412837
vt 0.29250216 0.24595970
vt 0.27097628 0.13084614
vt 0.26360574 0.11891288
vt 0.28104201 0.17841494
vt 0.26835161 0.11608022
vt 0.20905486 0.13263929
vt 0.21265389 0.13470924
vt 0.10604450 0.12462246
vt 0.29173315 0.28451812
vt 0.24933489 0.12068820
vt 0.06588769 0.12517399
vt 0.23150581 0.28104877
vt 0.25384992 0.19890440
vt 0.17643549 0.13436586
vt 0.15068780 0.12947214
vt 0.18086563 0.12875468
vt 0.19377019 0.28643215
vt 0.19981480 0.28858620
vt 0.15930247 0.29650652
vt 0.19131067 0.29374814
vt 0.13749050 0.30800915
vt 0.22713880 0.29663861
vt 0.23281379 0.29619497
vt 0.29026994 0.29902470
vt 0.28136361 0.30030739
vt 0.19527067 0.29704249
vt 0.17942405 0.30261397
vt 0.20662747 0.30244517
vt 0.19924672 0.30080557
vt 0.15445150 0.31440771
vt 0.22698331 0.31612372
vt 0.23255281 0.31475168
vt 0.19989923 0.31409425
vt 0.29032457 0.31842816
vt 0.28344432 0.31609833
vt 0.20379205 0.31784332
vt 0.02414349 0.28187746
vt 0.01543320 0.29332441
vt 0.01428203 0.29145527
vt 0.01830375 0.27697062
vt 0.01023506 0.28874874
vt 0.02700169 0.26267827
vt 0.02927222 0.27265382
vt 0.03521778 0.26113749
vt 0.02373567 0.25887227
vt 0.03340371 0.25392771
vt 0.02080762 0.25195348
vt 0.01260251 0.25510728
vt 0.00776157 0.27000517
vt 0.00257909 0.28132743
vt 0.01482680 0.24160755
vt 0.02904969 0.23757797
vt 0.03897604 0.23223501
vt 0.02344910 0.23042321
vt 0.03026943 0.22605217
vt 0.01270244 0.22782707
vt 0.02036692 0.21247602
vt 0.03113996 0.21084321
vt 0.00931661 0.21375376
vt 0.02163806 0.19712400
vt 0.01109304 0.20324296
vt 0.01481925 0.18607855
vt 0.00278071 0.19315743
vt 0.00909905 0.17359102
vt 0.00043592 0.16751063
vt 0.00623181 0.16430032
vt 0.01531423 0.17427540
vt 0.02240451 0.18780971
vt 0.03039188 0.19489408
vt 0.03603519 0.20611268
vt 0.04141425 0.22555625
vt 0.02547970 0.18406260
vt 0.04108333 0.20348120
vt 0.04559090 0.22432548
vt 0.01674649 0.16572458
vt 0.03570221 0.19220698
vt 0.03933150 0.17228806
vt 0.02759005 0.17872936
vt 0.02627916 0.14672786
vt 0.03970195 0.15494394
vt 0.03776611 0.13747424
vt 0.01309953 0.13882017
vt 0.02321196 0.13661838
vt 0.04564138 0.20968771
vt 0.04522907 0.24034429
vt 0.03901587 0.24629247
vt 0.04252429 0.25325447
vt 0.04693377 0.26063371
vt 0.03971151 0.26668262
vt 0.05458805 0.29068804
vt 0.03643432 0.27442354
vt 0.05043659 0.29433113
vt 0.04677698 0.31134534
vt 0.02950375 0.28868139
vt 0.05750427 0.30985844
vt 0.03444701 0.31493235
vt 0.02258115 0.31842816
vt 0.00463096 0.13435763
vt 0.05756613 0.31652641
vt 0.02419597 0.13024396
vt 0.03614845 0.13047916
vt 0.02380984 0.10727227
vt 0.01841900 0.11359763
vt 0.02002428 0.09519958
vt 0.04217318 0.11958945
vt 0.00527424 0.10363460
vt 0.01024892 0.09252739
vt 0.03010070 0.09731299
vt 0.04994412 0.12863380
vt 0.01189219 0.07301927
vt 0.02699115 0.07982904
vt 0.02311931 0.07033074
vt 0.00834068 0.06072700
vt 0.00965439 0.02068692
vt 0.02106356 0.01843125
vt 0.00288647 0.02115732
vt 0.03358236 0.06690747
vt 0.03186770 0.02818549
vt 0.03731930 0.04192251
vt 0.04115530 0.08032846
vt 0.03519897 0.01475745
vt 0.04804114 0.05709493
vt 0.04980903 0.08499646
vt 0.04492877 0.01964521
vt 0.06115082 0.11145675
vt 0.05240392 0.03405154
vt 0.04179119 0.01277065
vt 0.06410756 0.08143997
vt 0.05480677 0.04900849
vt 0.06075763 0.09097207
vt 0.07723428 0.09200412
vt 0.06746621 0.06476003
vt 0.06593329 0.04393518
vt 0.06372662 0.03133214
vt 0.05608961 0.00905514
vt 0.08022542 0.08210260
vt 0.08379185 0.11856216
vt 0.00058927 0.18347007
vt 0.06492468 0.00587636
vt 0.09273656 0.09800392
vt 0.08662774 0.07921284
vt 0.07840651 0.03721941
vt 0.07467829 0.02870721
vt 0.09702335 0.11199951
vt 0.07240102 0.00385833
vt 0.09883709 0.07124400
vt 0.10971091 0.10031104
vt 0.08545953 0.02673078
vt 0.09255859 0.03144526
vt 0.08211888 0.00045168
vt 0.08810462 0.02324700
vt 0.80977082 0.74790388
vt 0.83181375 0.73703527
vt 0.83084559 0.72898078
vt 0.81537819 0.72954589
vt 0.78781277 0.75005388
vt 0.77652711 0.74011737
vt 0.83499646 0.75643682
vt 0.83754379 0.75007641
vt 0.77997667 0.76583964
vt 0.83724713 0.76688623
vt 0.84022397 0.74141288
vt 0.78895509 0.76353490
vt 0.83342564 0.76811045
vt 0.79308999 0.79004329
vt 0.83471406 0.79094231
vt 0.81322902 0.81052727
vt 0.84555930 0.80687153
vt 0.84528893 0.72705853
vt 0.78329390 0.77619529
vt 0.78424901 0.79217118
vt 0.84114957 0.81754768
vt 0.78576809 0.80765754
vt 0.84900105 0.81590360
vt 0.85032344 0.82834858
vt 0.86008322 0.82630998
vt 0.84030712 0.71534377
vt 0.85240632 0.71900719
vt 0.84964234 0.70163321
vt 0.85868758 0.70309418
vt 0.86534542 0.71516001
vt 0.80215305 0.72859150
vt 0.77582890 0.73608893
vt 0.84039307 0.79249209
vt 0.81771201 0.70472270
vt 0.82314992 0.72164237
vt 0.87848121 0.71244025
vt 0.85562634 0.83339298
vt 0.87307900 0.83317840
vt 0.78401470 0.71258360
vt 0.76993746 0.71654254
vt 0.83215916 0.82770330
vt 0.81200755 0.82281482
vt 0.86784166 0.84105098
vt 0.84260923 0.69421864
vt 0.85056800 0.81147480
vt 0.78499967 0.81937218
vt 0.81284916 0.69703209
vt 0.87191808 0.71622038
vt 0.89145595 0.71978229
vt 0.88757372 0.84236676
vt 0.89145595 0.83552575
vt 0.82519126 0.83227736
vt 0.76765478 0.71899992
vt 0.77528024 0.74466252
vt 0.84755492 0.79976290
vt 0.73082143 0.75700939
vt 0.71840405 0.78695291
vt 0.71577638 0.75693697
vt 0.73063582 0.78809440
vt 0.70684123 0.78634900
vt 0.70346367 0.75683612
vt 0.74811363 0.77826726
vt 0.74074340 0.75697094
vt 0.74868751 0.78638917
vt 0.75069708 0.75597173
vt 0.75951123 0.78436768
vt 0.70500982 0.78900516
vt 0.72281867 0.79164404
vt 0.73149270 0.74900180
vt 0.71804768 0.74932766
vt 0.71846563 0.72993588
vt 0.73093218 0.73489594
vt 0.73904443 0.73460692
vt 0.74619007 0.74875957
vt 0.73292679 0.70542753
vt 0.74209613 0.70265961
vt 0.73985016 0.68500286
vt 0.72864395 0.68397135
vt 0.72396618 0.70298749
vt 0.75074363 0.68496180
vt 0.74968070 0.73721075
vt 0.70167112 0.68589950
vt 0.75364810 0.71100837
vt 0.71055317 0.68252122
vt 0.69590271 0.68253547
vt 0.68348771 0.68487549
vt 0.67559808 0.70659477
vt 0.65978694 0.68290180
vt 0.70046777 0.69803834
vt 0.69667631 0.71777534
vt 0.69634467 0.73041797
vt 0.67522180 0.71866947
vt 0.70366257 0.74853861
vt 0.69519216 0.78499907
vt 0.67751485 0.68066126
vt 0.65743142 0.70177424
vt 0.64685309 0.68133396
vt 0.65354234 0.67894542
vt 0.66834974 0.71270907
vt 0.64191788 0.69895768
vt 0.69107306 0.75675690
vt 0.63356638 0.68160629
vt 0.61981803 0.68526345
vt 0.69480979 0.74817431
vt 0.61918747 0.70120835
vt 0.64666551 0.70560712
vt 0.62404662 0.67886180
vt 0.68534261 0.73050618
vt 0.69026470 0.73993391
vt 0.70730287 0.79402953
vt 0.72001755 0.79579866
vt 0.69816440 0.80211920
vt 0.69661707 0.79323494
vt 0.70738053 0.80802786
vt 0.72725618 0.80627716
vt 0.73821002 0.80434299
vt 0.73450625 0.79294223
vt 0.75138748 0.79171187
vt 0.75726908 0.80018038
vt 0.69191879 0.80803972
vt 0.68272287 0.79968584
vt 0.68392396 0.79186571
vt 0.68214023 0.75849873
vt 0.68071741 0.78401518
vt 0.68514490 0.78746635
vt 0.60955328 0.70066220
vt 0.60462075 0.68826252
vt 0.60925913 0.68263912
vt 0.68099242 0.80550784
vt 0.75984877 0.68550766
vt 0.76197755 0.75492626
vt 0.76300687 0.79081994
vt 0.76574516 0.78363276
vt 0.76050049 0.74629563
vt 0.75854123 0.73857957
vt 0.76245213 0.71674240
vt 0.77072215 0.79629368
vt 0.77986050 0.80803972
vt 0.06934161 0.71500736
vt 0.09019051 0.71968943
vt 0.06518320 0.72221828
vt 0.09223898 0.72866017
vt 0.04432754 0.71509296
vt 0.09829600 0.73069710
vt 0.04592674 0.72643131
vt 0.06527056 0.72948647
vt 0.02802873 0.72122854
vt 0.02606183 0.71204787
vt 0.10123134 0.71130097
vt 0.11833932 0.71102858
vt 0.11852189 0.73342574
vt 0.14404760 0.72777534
vt 0.13593271 0.76335752
vt 0.10328242 0.74044442
vt 0.11342266 0.76921576
vt 0.11392906 0.78364885
vt 0.13120268 0.78789312
vt 0.09776315 0.80112070
vt 0.11267269 0.80484653
vt 0.12897860 0.80073518
vt 0.08297894 0.77630359
vt 0.09257838 0.76065302
vt 0.09956224 0.75081551
vt 0.06188739 0.78521580
vt 0.06708239 0.76345640
vt 0.08657797 0.76159024
vt 0.14528160 0.70457917
vt 0.14023410 0.77884710
vt 0.14603764 0.68712586
vt 0.13024747 0.68486851
vt 0.13395128 0.80532974
vt 0.12041342 0.69563115
vt 0.15501526 0.75266677
vt 0.15750754 0.68861228
vt 0.05474593 0.68970722
vt 0.07715983 0.70537847
vt 0.15604624 0.68300384
vt 0.05279388 0.77389431
vt 0.05073639 0.78337306
vt 0.07482874 0.80532974
vt 0.06065884 0.75985473
vt 0.06287182 0.80444390
vt 0.07068296 0.70167065
vt 0.16259809 0.73849511
vt 0.14401318 0.67262375
vt 0.01540624 0.67485344
vt 0.04732753 0.66829854
vt 0.08152631 0.74344248
vt 0.05355670 0.80076838
vt 0.05562710 0.75642681
vt 0.16247727 0.71383899
vt 0.00876628 0.65633219
vt 0.10402726 0.70350134
vt 0.09093560 0.70641762
vt 0.06430949 0.69274241
vt 0.01485542 0.69645679
vt 0.02175354 0.71589839
vt 0.01730672 0.70502186
vt 0.13158131 0.66940093
vt 0.05514248 0.67450994
vt 0.05093493 0.65697533
vt 0.00828248 0.66808200
vt 0.07627092 0.76189399
vt 0.16246498 0.75683969
vt 0.16145207 0.78563017
vt 0.00906838 0.68156224
vt 0.06553099 0.74325490
vt 0.02652795 0.65266484
vt 0.35741916 0.73735023
vt 0.37060457 0.73238897
vt 0.35751036 0.72108757
vt 0.34273961 0.73619753
vt 0.34540445 0.71639425
vt 0.37760308 0.71670604
vt 0.37059462 0.71251601
vt 0.38244364 0.73239136
vt 0.37781250 0.73896760
vt 0.33264604 0.71788174
vt 0.32971478 0.73776436
vt 0.33585539 0.71207726
vt 0.34904313 0.71138209
vt 0.33890182 0.74006706
vt 0.35753337 0.74182469
vt 0.39218843 0.71638185
vt 0.39083168 0.71239895
vt 0.39059514 0.73868281
vt 0.39919281 0.73637319
vt 0.39798322 0.71697688
vt 0.31898549 0.71262425
vt 0.31923366 0.73637635
vt 0.37417465 0.74889338
vt 0.38999766 0.74701494
vt 0.39151889 0.76445562
vt 0.37845564 0.77077013
vt 0.36100057 0.74954242
vt 0.36289009 0.77882892
vt 0.38026527 0.81239742
vt 0.34532884 0.78616405
vt 0.33479488 0.81776571
vt 0.36343163 0.82930273
vt 0.38471362 0.82931274
vt 0.31116277 0.82881492
vt 0.39351457 0.82532507
vt 0.33205855 0.79615235
vt 0.35605961 0.76051682
vt 0.33764154 0.74871033
vt 0.31665808 0.77133465
vt 0.30059990 0.78284681
vt 0.30044097 0.76921940
vt 0.28442597 0.77252531
vt 0.27983388 0.78152478
vt 0.29458857 0.79124248
vt 0.31157660 0.80536586
vt 0.29508683 0.82146478
vt 0.29409987 0.83318901
vt 0.29673424 0.80470222
vt 0.28542078 0.82013059
vt 0.36361024 0.83668941
vt 0.38644618 0.79169977
vt 0.26556596 0.77049863
vt 0.28352195 0.82889360
vt 0.29000941 0.80973852
vt 0.32423797 0.84084731
vt 0.32467186 0.74645376
vt 0.31063610 0.75502408
vt 0.28838107 0.79117048
vt 0.28658351 0.76159865
vt 0.27425799 0.76513410
vt 0.39698038 0.83110166
vt 0.35729906 0.84133065
vt 0.40182343 0.79495209
vt 0.26927182 0.81727254
vt 0.26946169 0.80949223
vt 0.25797141 0.81175703
vt 0.26307231 0.82152528
vt 0.25866064 0.80017889
vt 0.25119725 0.80381161
vt 0.27151969 0.78216493
vt 0.28795344 0.80455440
vt 0.25409058 0.77566534
vt 0.25310323 0.79056782
vt 0.24411190 0.78618574
vt 0.24337782 0.79413944
vt 0.25316900 0.79553276
vt 0.24450785 0.77760422
vt 0.40507033 0.82618278
vt 0.27805224 0.79033744
vt 0.29469988 0.83856124
vt 0.40451434 0.77444887
vt 0.37172860 0.84146339
vt 0.31258225 0.74191582
vt 0.39869788 0.74719751
vt 0.40584618 0.79840934
vt 0.23496076 0.78829014
vt 0.24842772 0.82324696
vt 0.26236296 0.79332364
vt 0.30479407 0.74621248
vt 0.23507437 0.78223580
vt 0.24341321 0.79921937
vt 0.24586698 0.81571537
vt 0.40671316 0.83118755
vt 0.28442740 0.79734272
vt 0.40554672 0.74134851
vt 0.40671316 0.71396905
vt 0.30677176 0.71772277
vt 0.27908635 0.79365158
vt 0.29698563 0.73886460
vt 0.26914227 0.80098766
vt 0.29908127 0.72057623
vt 0.26849625 0.79682153
vt 0.21219878 0.69406497
vt 0.23387825 0.71170181
vt 0.23592302 0.69609058
vt 0.20896687 0.71747714
vt 0.22438434 0.67291158
vt 0.20856525 0.67571729
vt 0.24413866 0.66571414
vt 0.22704998 0.64046520
vt 0.27218056 0.65135473
vt 0.27038643 0.68674141
vt 0.27621746 0.72121638
vt 0.24910100 0.63246489
vt 0.26743755 0.64017552
vt 0.28186479 0.64067429
vt 0.27267689 0.62321877
vt 0.27776882 0.61734235
vt 0.23820372 0.62956631
vt 0.21249664 0.65216541
vt 0.28949186 0.70816177
vt 0.21931835 0.62070602
vt 0.29059780 0.72105145
vt 0.26905224 0.61601406
vt 0.25732374 0.62546599
vt 0.20456994 0.65781963
vt 0.20824820 0.64207929
vt 0.23986356 0.61064374
vt 0.22692952 0.60962057
vt 0.22239505 0.60287845
vt 0.23785566 0.72191060
vt 0.25683880 0.72588974
vt 0.28697255 0.65650159
vt 0.28849503 0.73510456
vt 0.27610099 0.73537630
vt 0.24825236 0.62458420
vt 0.24358617 0.62083894
vt 0.28617436 0.62376416
vt 0.28239390 0.61254394
vt 0.20664217 0.69229650
vt 0.20335318 0.66593963
vt 0.20793204 0.72831553
vt 0.19845091 0.65084404
vt 0.26164171 0.62065572
vt 0.23830429 0.73570645
vt 0.22868325 0.59050608
vt 0.23753576 0.60179156
vt 0.23211989 0.58385605
vt 0.24442239 0.58645368
vt 0.24332915 0.57946426
vt 0.23279636 0.57542127
vt 0.27087912 0.60522252
vt 0.25880113 0.59680140
vt 0.27477714 0.59766364
vt 0.26257420 0.58855498
vt 0.25563833 0.58026755
vt 0.25342593 0.58648300
vt 0.21309023 0.61648589
vt 0.24153553 0.56835026
vt 0.24351293 0.59859705
vt 0.29067656 0.66578990
vt 0.29584688 0.70243132
vt 0.29326388 0.66058320
vt 0.28849235 0.63614792
vt 0.29037264 0.62415749
vt 0.29791361 0.67169482
vt 0.29816478 0.71611649
vt 0.23412998 0.74469858
vt 0.25813606 0.60544789
vt 0.27519482 0.74614626
vt 0.28901574 0.61504686
vt 0.20815744 0.73806733
vt 0.29947689 0.64436948
vt 0.27075616 0.57732797
vt 0.29947689 0.69923377
vt 0.25086132 0.61575383
vt 0.19289698 0.65802020
vt 0.28990236 0.74841917
vt 0.23793869 0.56368494
vt 0.25039673 0.57037079
vt 0.19904132 0.71997303
vt 0.19994420 0.70601320
vt 0.19279012 0.71049345
vt 0.19526298 0.69130802
vt 0.17585988 0.70542240
vt 0.17584181 0.68510020
vt 0.17800446 0.72028375
vt 0.18991330 0.72126979
vt 0.18728583 0.67079538
vt 0.19631095 0.67149597
vt 0.17327306 0.66737390
vt 0.20002471 0.68571812
vt 0.17085467 0.67843139
vt 0.17242539 0.70460099
vt 0.19831344 0.72983426
vt 0.17824307 0.73546416
vt 0.17410892 0.72661364
vt 0.16916788 0.66470873
vt 0.19944328 0.74335206
vt 0.28134891 0.57952178
vt 0.18501619 0.64640325
vt 0.17035294 0.65269762
vt 0.25083178 0.59281522
vt 0.25553292 0.59910929
vt 0.19454131 0.64483315
vt 0.19777408 0.64073598
vt 0.20131186 0.63258147
vt 0.20619608 0.61461926
vt 0.21488911 0.58809841
vt 0.25878030 0.57157475
vt 0.17392226 0.74367762
vt 0.25408155 0.61484110
vt 0.24882586 0.60709625
vt 0.21086463 0.57479948
vt 0.20147707 0.58123463
vt 0.19313952 0.59314394
vt 0.18934485 0.63321733
vt 0.24704248 0.56233060
vt 0.16695727 0.63951612
vt 0.16703483 0.64963382
vt 0.19116466 0.63033819
vt 0.18609951 0.62926936
vt 0.70181841 0.09475446
vt 0.69861597 0.07107031
vt 0.72335619 0.08764738
vt 0.71554464 0.06763834
vt 0.71455759 0.11545813
vt 0.68406659 0.11423618
vt 0.67939198 0.09435165
vt 0.68716359 0.07251680
vt 0.69142860 0.13897443
vt 0.71871835 0.13569129
vt 0.67088461 0.13681483
vt 0.65326905 0.10676408
vt 0.65163136 0.08064699
vt 0.65659451 0.05815184
vt 0.64870799 0.13435441
vt 0.67408305 0.03045082
vt 0.69402683 0.01414275
vt 0.71150613 0.02549833
vt 0.64855367 0.03068286
vt 0.63890380 0.06138933
vt 0.69257379 0.00833231
vt 0.63850129 0.07759017
vt 0.63873267 0.10292977
vt 0.64283037 0.12173873
vt 0.63944834 0.03791618
vt 0.68084592 0.00963777
vt 0.73023868 0.06768739
vt 0.73662442 0.02935463
vt 0.74718994 0.09734631
vt 0.74257410 0.12693441
vt 0.75160116 0.08226681
vt 0.75509310 0.05433565
vt 0.70656091 0.00834644
vt 0.75919849 0.06414318
vt 0.76498747 0.08484572
vt 0.69585496 0.16235727
vt 0.70970756 0.16590953
vt 0.76648712 0.12074953
vt 0.72716963 0.15482461
vt 0.66597718 0.15242594
vt 0.76905650 0.10619408
vt 0.72804016 0.01183319
vt 0.74653721 0.01538229
vt 0.75658208 0.03063911
vt 0.76481324 0.13598859
vt 0.75121593 0.14996564
vt 0.72912306 0.16166741
vt 0.64992779 0.15598243
vt 0.76237261 0.04852784
vt 0.67282307 0.16745478
vt 0.76730287 0.07119673
vt 0.77175879 0.15040416
vt 0.74082810 0.16215652
vt 0.77143902 0.11903393
vt 0.70351475 0.17028004
vt 0.72219926 0.16743368
vt 0.64892501 0.02393156
vt 0.77201396 0.14055336
vt 0.64278841 0.13996571
vt 0.63941360 0.02535802
vt 0.77037704 0.08744162
vt 0.66051298 0.17008609
vt 0.64981776 0.16882706
vt 0.69368130 0.00316167
vt 0.63235378 0.04146880
vt 0.63448495 0.06763899
vt 0.64708602 0.16498309
vt 0.63636470 0.11132878
vt 0.63229418 0.03554344
vt 0.63454539 0.09277135
vt 0.75910676 0.01653814
vt 0.75188673 0.01059026
vt 0.62031388 0.14326227
vt 0.62698370 0.17028004
vt 0.51726466 0.31552815
vt 0.53057384 0.31416678
vt 0.52321881 0.31808817
vt 0.52141750 0.28864807
vt 0.51327193 0.28909206
vt 0.53534520 0.28676546
vt 0.54849106 0.31451714
vt 0.54484689 0.28632903
vt 0.54049581 0.32087874
vt 0.50861162 0.31845558
vt 0.50142300 0.29112178
vt 0.49919584 0.31893766
vt 0.51766407 0.32684612
vt 0.50682825 0.32615006
vt 0.53706712 0.33240116
vt 0.51509589 0.33589089
vt 0.49741551 0.33702815
vt 0.55189258 0.31972003
vt 0.54976875 0.33049953
vt 0.51966733 0.28461063
vt 0.49733734 0.32541317
vt 0.49000221 0.29006159
vt 0.48930719 0.31982946
vt 0.49896416 0.28689373
vt 0.48523259 0.33648807
vt 0.53643292 0.35107350
vt 0.55407161 0.34780562
vt 0.55056924 0.35330844
vt 0.53448778 0.38009536
vt 0.52156144 0.35215616
vt 0.52049112 0.39066112
vt 0.50296289 0.35347122
vt 0.49914435 0.40112334
vt 0.51726222 0.40923047
vt 0.50190294 0.41793072
vt 0.50322109 0.46980560
vt 0.52275336 0.44832748
vt 0.52003658 0.47519517
vt 0.50188386 0.47662747
vt 0.53463423 0.41308475
vt 0.53323627 0.39838398
vt 0.48722693 0.47477067
vt 0.53752655 0.43711168
vt 0.53728461 0.47461599
vt 0.48493236 0.41187048
vt 0.48320851 0.45218658
vt 0.48575780 0.42590737
vt 0.48046327 0.39867342
vt 0.48457688 0.37294507
vt 0.48654890 0.35251224
vt 0.55133563 0.38625085
vt 0.55174327 0.40951335
vt 0.48075083 0.41338742
vt 0.47508287 0.40934139
vt 0.55534065 0.45869207
vt 0.54654628 0.47247463
vt 0.47977245 0.37955797
vt 0.55987406 0.47934127
vt 0.47767949 0.47263068
vt 0.47091380 0.48161399
vt 0.47700647 0.35332394
vt 0.47766200 0.42580235
vt 0.48539600 0.48040903
vt 0.47057232 0.41240537
vt 0.46637818 0.38478971
vt 0.46670413 0.43325186
vt 0.46688494 0.42784858
vt 0.46449894 0.47387904
vt 0.52223337 0.48328084
vt 0.50317103 0.48483843
vt 0.50363678 0.48997325
vt 0.52587122 0.48954773
vt 0.50752270 0.51937205
vt 0.50353312 0.52741265
vt 0.50713342 0.54409945
vt 0.49205127 0.54646546
vt 0.52649313 0.54229575
vt 0.48428822 0.53784508
vt 0.48369250 0.49407220
vt 0.48224732 0.48713350
vt 0.54601240 0.54080278
vt 0.54139251 0.48222989
vt 0.54342306 0.48684180
vt 0.47935933 0.54817533
vt 0.46432620 0.49364650
vt 0.46647295 0.52266604
vt 0.55886567 0.48290992
vt 0.56053030 0.50124639
vt 0.56326044 0.54134434
vt 0.50776708 0.55012268
vt 0.47675666 0.55453652
vt 0.46667847 0.55008590
vt 0.49356008 0.55186188
vt 0.49393836 0.57182181
vt 0.51178938 0.57276976
vt 0.49713817 0.58041024
vt 0.52249169 0.54907602
vt 0.51051867 0.57952768
vt 0.52620089 0.57653940
vt 0.54506934 0.56962520
vt 0.54313612 0.54749751
vt 0.54548562 0.57655221
vt 0.48062247 0.58220416
vt 0.56208611 0.57466930
vt 0.56180543 0.54708415
vt 0.47109440 0.58127058
vt 0.57341343 0.48316610
vt 0.57706094 0.51056170
vt 0.57315886 0.57509583
vt 0.57735169 0.54223675
vt 0.55169553 0.58220416
vt 0.56648958 0.58133388
vt 0.58091116 0.50072664
vt 0.57651842 0.47966337
vt 0.57771766 0.58147478
vt 0.58024359 0.54598475
vt 0.46163905 0.48932332
vt 0.58369660 0.48572016
vt 0.58261210 0.54227078
vt 0.58210862 0.48008907
vt 0.54156744 0.28048778
vt 0.56731129 0.34044433
vt 0.47151595 0.34998274
vt 0.88465405 0.35868251
vt 0.89461011 0.36113369
vt 0.88224703 0.36487305
vt 0.87097561 0.36222422
vt 0.89691073 0.33214676
vt 0.88116628 0.33167732
vt 0.91626996 0.35732567
vt 0.91003430 0.33186060
vt 0.92425758 0.33537674
vt 0.92314607 0.35966676
vt 0.90053630 0.36247730
vt 0.93526965 0.36351800
vt 0.93503761 0.33515930
vt 0.93803298 0.33192539
vt 0.94716376 0.33539963
vt 0.95031875 0.36370611
vt 0.94769239 0.37262869
vt 0.87015676 0.36941147
vt 0.86094159 0.36699152
vt 0.86759275 0.37262869
vt 0.92856681 0.32471800
vt 0.92210722 0.36352098
vt 0.94728756 0.32384080
vt 0.95684391 0.32393581
vt 0.94849867 0.30849141
vt 0.19729047 0.37437665
vt 0.23666877 0.37319535
vt 0.22406389 0.38382792
vt 0.19888806 0.39487290
vt 0.23932545 0.36359537
vt 0.24321446 0.40122658
vt 0.19701870 0.41287118
vt 0.28554106 0.39914411
vt 0.29582995 0.37254441
vt 0.30677468 0.39939111
vt 0.32766739 0.38872099
vt 0.32903060 0.37187928
vt 0.32716542 0.40444499
vt 0.29679105 0.35453093
vt 0.26892143 0.35466921
vt 0.31753945 0.35665321
vt 0.32953727 0.35102546
vt 0.19348337 0.39053655
vt 0.19412997 0.34844148
vt 0.21224940 0.34740520
vt 0.25554734 0.34373456
vt 0.30409405 0.33540750
vt 0.32569540 0.33473516
vt 0.19342357 0.37053299
vt 0.26864213 0.33194220
vt 0.25728115 0.32828462
vt 0.24551202 0.32888234
vt 0.32342640 0.32531905
vt 0.21840444 0.32983816
vt 0.19237469 0.33320379
vt 0.19210513 0.40971124
vt 0.33618641 0.37489319
vt 0.33981213 0.35089773
vt 0.33993861 0.33941078
vt 0.35759366 0.33341610
vt 0.34747043 0.31308556
vt 0.37023780 0.31509441
vt 0.36638543 0.30074048
vt 0.37721297 0.30162299
vt 0.34286970 0.29968417
vt 0.36542839 0.32848454
vt 0.33606485 0.31768692
vt 0.33742777 0.39589226
vt 0.37298065 0.31635666
vt 0.38142982 0.30201334
vt 0.33974481 0.41757196
vt 0.34657946 0.40825987
vt 0.34851944 0.42517996
vt 0.34509563 0.45639223
vt 0.35473642 0.44300950
vt 0.36145765 0.45412970
vt 0.33868688 0.45670891
vt 0.35238993 0.46185231
vt 0.34194916 0.46296299
vt 0.31874111 0.42625624
vt 0.30541018 0.42302728
vt 0.26994330 0.42436671
vt 0.24202953 0.42468691
vt 0.32577738 0.42150712
vt 0.22688784 0.42916930
vt 0.19620827 0.43177587
vt 0.33128607 0.42421246
vt 0.36755562 0.46129131
vt 0.33697864 0.46267259
vt 0.35651132 0.43809485
vt 0.35124972 0.42273581
vt 0.34545287 0.29494131
vt 0.34236139 0.35507828
vt 0.32485053 0.43472081
vt 0.23871855 0.42789602
vt 0.24679595 0.43118602
vt 0.34040096 0.39212108
vt 0.32998925 0.32643223
vt 0.37508065 0.29712749
vt 0.28611732 0.43892646
vt 0.22680329 0.43721980
vt 0.19611205 0.44577229
vt 0.18983243 0.42795920
vt 0.19179703 0.44171894
vt 0.33913273 0.37563002
vt 0.30499080 0.44106531
vt 0.24248889 0.43785334
vt 0.31060347 0.43777382
vt 0.36834425 0.45665324
vt 0.26190579 0.44954157
vt 0.17980270 0.44443637
vt 0.17616601 0.43991518
vt 0.17049856 0.44941854
vt 0.16922224 0.43846357
vt 0.17554517 0.42717731
vt 0.16708824 0.42038161
vt 0.17653017 0.41802239
vt 0.16566373 0.40977770
vt 0.17216620 0.40250134
vt 0.16244866 0.39584327
vt 0.17640068 0.39873779
vt 0.16387038 0.39163613
vt 0.17038099 0.38508391
vt 0.15780003 0.38157976
vt 0.15956731 0.40512383
vt 0.16575374 0.37474990
vt 0.15874027 0.37749207
vt 0.16323921 0.43197095
vt 0.16127686 0.41593629
vt 0.13467476 0.41330075
vt 0.13734113 0.42750782
vt 0.14904697 0.42706501
vt 0.15692280 0.39810252
vt 0.13181974 0.40046555
vt 0.13909018 0.44103336
vt 0.15454754 0.39069235
vt 0.16344020 0.44185686
vt 0.13981651 0.44436479
vt 0.13183582 0.42450571
vt 0.15925552 0.39595556
vt 0.13310392 0.38844758
vt 0.13199648 0.43365341
vt 0.12925626 0.41950482
vt 0.13133901 0.41265410
vt 0.11609185 0.43438852
vt 0.11954862 0.42494106
vt 0.11917514 0.41583955
vt 0.11156130 0.42076707
vt 0.12730588 0.40805596
vt 0.11273993 0.41315889
vt 0.09769580 0.42786920
vt 0.09233757 0.42023456
vt 0.09214263 0.43695188
vt 0.07798167 0.43486404
vt 0.07771350 0.42488348
vt 0.07849481 0.44248533
vt 0.07668462 0.40444046
vt 0.11568043 0.39823341
vt 0.12950203 0.40353489
vt 0.10155619 0.40614176
vt 0.11148124 0.39309311
vt 0.08846784 0.40202546
vt 0.09799247 0.38021368
vt 0.07779802 0.39032531
vt 0.09472321 0.37020719
vt 0.07620701 0.37806791
vt 0.07384871 0.35614777
vt 0.08921426 0.35459781
vt 0.11789108 0.44754088
vt 0.13233986 0.44210547
vt 0.09795991 0.44752008
vt 0.07319615 0.34634352
vt 0.07618042 0.33356822
vt 0.07192677 0.33767116
vt 0.07410417 0.32673472
vt 0.07951700 0.45201105
vt 0.11893269 0.39019024
vt 0.12987074 0.39533299
vt 0.15392132 0.38404304
vt 0.11155816 0.38488102
vt 0.08938263 0.32835096
vt 0.07988103 0.32093960
vt 0.10438155 0.37303174
vt 0.12716827 0.38277423
vt 0.09485345 0.36347628
vt 0.14046052 0.45372558
vt 0.07616848 0.31724262
vt 0.13345036 0.45019609
vt 0.12595469 0.45506155
vt 0.16505699 0.45066774
vt 0.10566049 0.45446390
vt 0.19491571 0.45520294
vt 0.22700129 0.44945180
vt 0.08119037 0.46296299
vt 0.18813404 0.46196866
vt 0.08076402 0.31153142
vt 0.34360284 0.87256628
vt 0.36383870 0.89965016
vt 0.33197990 0.88989598
vt 0.35204798 0.91535521
vt 0.31663102 0.91286868
vt 0.30680567 0.89530665
vt 0.31295055 0.87287152
vt 0.37083736 0.87496597
vt 0.38310117 0.90964019
vt 0.38131455 0.91641128
vt 0.38910401 0.88016689
vt 0.39173642 0.90954554
vt 0.30834934 0.91467988
vt 0.32846284 0.91810375
vt 0.29392979 0.88423616
vt 0.29694125 0.90903401
vt 0.29329321 0.86980128
vt 0.39157662 0.87294960
vt 0.38934565 0.85811788
vt 0.38106754 0.85564154
vt 0.34991214 0.85272914
vt 0.30943373 0.85482043
vt 0.33235168 0.85214359
vt 0.28259403 0.87267351
vt 0.28277773 0.90826279
vt 0.39513484 0.91864324
vt 0.40290493 0.88327187
vt 0.40934226 0.89293420
vt 0.41195506 0.91441053
vt 0.42443517 0.90579045
vt 0.43396431 0.88509333
vt 0.42606249 0.86482948
vt 0.40275773 0.86919785
vt 0.40205309 0.84954506
vt 0.42368466 0.85018033
vt 0.43015236 0.85742426
vt 0.43635571 0.86546594
vt 0.29170009 0.85281104
vt 0.29137900 0.91186100
vt 0.27143320 0.89691496
vt 0.36123049 0.92005420
vt 0.27498749 0.85336119
vt 0.30869386 0.84856021
vt 0.27051449 0.85781199
vt 0.39348599 0.85140151
vt 0.38522276 0.84840816
vt 0.27041787 0.87814504
vt 0.26809067 0.86571270
vt 0.32283929 0.84687310
vt 0.35577011 0.84663481
vt 0.28182450 0.84683990
vt 0.41960165 0.83694673
vt 0.39886934 0.84304768
vt 0.43274859 0.84461397
vt 0.27320465 0.90486455
vt 0.43073106 0.92005420
vt 0.52878094 0.17640328
vt 0.53034389 0.15982169
vt 0.53754234 0.16149461
vt 0.53822911 0.17553818
vt 0.52731800 0.18939239
vt 0.51432145 0.19152665
vt 0.51261759 0.15469790
vt 0.50196689 0.20392585
vt 0.48898840 0.15959138
vt 0.49449682 0.14815062
vt 0.48674184 0.19450670
vt 0.48940989 0.21093619
vt 0.51416588 0.19666338
vt 0.48462340 0.14601040
vt 0.51062590 0.20958197
vt 0.47899991 0.21225941
vt 0.48235866 0.18342483
vt 0.51535821 0.20551819
vt 0.53441435 0.18922913
vt 0.52369267 0.21325660
vt 0.51109231 0.22312778
vt 0.48378801 0.22282106
vt 0.48482168 0.22758472
vt 0.48617753 0.23985898
vt 0.51900971 0.23803550
vt 0.49229243 0.26399577
vt 0.52103436 0.26307493
vt 0.51609302 0.27060664
vt 0.53082985 0.24166048
vt 0.52800560 0.22537977
vt 0.48503053 0.26886594
vt 0.48660967 0.27441430
vt 0.53227484 0.26882136
vt 0.48049781 0.22668409
vt 0.54667032 0.27048492
vt 0.54047769 0.23911518
vt 0.54094791 0.22533607
vt 0.54964113 0.16172779
vt 0.51728076 0.27813399
vt 0.48040494 0.24430490
vt 0.57369894 0.25578165
vt 0.57379216 0.23269880
vt 0.57128066 0.27349460
vt 0.55419695 0.18950891
vt 0.56525725 0.16064191
vt 0.56504565 0.21007204
vt 0.58693439 0.17137623
vt 0.58086711 0.15845102
vt 0.55958009 0.20705467
vt 0.54174441 0.18922842
vt 0.58075154 0.20501000
vt 0.57754952 0.21886426
vt 0.55572206 0.21985269
vt 0.57812285 0.22878170
vt 0.54757804 0.27864450
vt 0.59169918 0.15879285
vt 0.57938623 0.23214239
vt 0.55573708 0.21335977
vt 0.58386755 0.21397108
vt 0.54789585 0.21001405
vt 0.54244351 0.21421158
vt 0.53354627 0.21127421
vt 0.53385872 0.21401501
vt 0.52494031 0.20840406
vt 0.52092493 0.20213544
vt 0.53694558 0.20055544
vt 0.53421170 0.20034045
vt 0.53450835 0.20253009
vt 0.53106034 0.20019293
vt 0.52885532 0.20280397
vt 0.57062787 0.27958447
vt 0.48728457 0.27958447
vt 0.54519039 0.20474440
vt 0.53900635 0.15103817
vt 0.52810568 0.14818197
vt 0.54124057 0.12322140
vt 0.54927886 0.14572644
vt 0.55361414 0.11464310
vt 0.54347217 0.10671079
vt 0.52928603 0.10728419
vt 0.55792320 0.11202890
vt 0.50012743 0.12675881
vt 0.55049407 0.15160406
vt 0.50312167 0.14149189
vt 0.48329961 0.13286924
vt 0.48617741 0.10630345
vt 0.48172373 0.12575370
vt 0.57933754 0.11810005
vt 0.57736951 0.14750135
vt 0.60132515 0.13322067
vt 0.59744078 0.14529282
vt 0.59821349 0.11896026
vt 0.56609231 0.15148646
vt 0.55738819 0.10721415
vt 0.59039706 0.11424315
vt 0.50840747 0.10065198
vt 0.48952383 0.09981930
vt 0.53061825 0.10113257
vt 0.58985674 0.15210384
vt 0.59263271 0.17165542
vt 0.58897668 0.21931070
vt 0.57495284 0.27410209
vt 0.48209420 0.13838637
vt 0.58962822 0.20060170
vt 0.60969317 0.12015003
vt 0.47925088 0.15150917
vt 0.60236984 0.16010422
vt 0.47249854 0.14407176
vt 0.59308779 0.22574377
vt 0.60946459 0.21778721
vt 0.61531067 0.20433646
vt 0.61804420 0.21184081
vt 0.62209457 0.20555311
vt 0.62380123 0.19170314
vt 0.61558050 0.18317914
vt 0.61833858 0.17409801
vt 0.61242747 0.16105521
vt 0.60876715 0.16941768
vt 0.61672080 0.16187668
vt 0.62228149 0.17846394
vt 0.60984671 0.15042609
vt 0.60545379 0.15255439
vt 0.46987078 0.21654856
vt 0.46142185 0.20033222
vt 0.45449272 0.20392352
vt 0.44351366 0.19184166
vt 0.44996220 0.18690401
vt 0.44333044 0.18438369
vt 0.45330736 0.16708994
vt 0.47301054 0.18377036
vt 0.46742892 0.14905822
vt 0.46036205 0.15812445
vt 0.45412019 0.15280378
vt 0.46978739 0.13787144
vt 0.80798435 0.38865352
vt 0.78189212 0.38931841
vt 0.80139565 0.36804634
vt 0.78076130 0.36750531
vt 0.82007742 0.36831683
vt 0.82405400 0.38996160
vt 0.76919496 0.38692963
vt 0.79182363 0.39714313
vt 0.76717651 0.39578521
vt 0.79124153 0.40059698
vt 0.81251788 0.40166509
vt 0.82155973 0.39890563
vt 0.82274342 0.40548468
vt 0.75840253 0.39139068
vt 0.75512940 0.39607984
vt 0.75943798 0.36594462
vt 0.81397933 0.42501223
vt 0.79574966 0.42098212
vt 0.79907006 0.44697362
vt 0.77827489 0.44045633
vt 0.77211386 0.41827029
vt 0.76114470 0.42406940
vt 0.75063938 0.44963104
vt 0.72516906 0.43414891
vt 0.72336018 0.41591966
vt 0.74366945 0.40800643
vt 0.71290350 0.42455596
vt 0.71529019 0.45498252
vt 0.70342028 0.43807662
vt 0.77842683 0.47121394
vt 0.73423415 0.47233039
vt 0.79918885 0.47088063
vt 0.82354140 0.44459713
vt 0.72717011 0.40635574
vt 0.82571316 0.46717000
vt 0.71330941 0.47556508
vt 0.69701284 0.45118403
vt 0.82636815 0.42359459
vt 0.78294307 0.48242605
vt 0.81729156 0.48277164
vt 0.73658657 0.48388511
vt 0.69529206 0.46848071
vt 0.80312067 0.48503596
vt 0.75983113 0.48951805
vt 0.81323296 0.36347777
vt 0.72670388 0.48529112
vt 0.83107841 0.36630255
vt 0.76741165 0.36180669
vt 0.83474243 0.39031219
vt 0.83332545 0.40052712
vt 0.83456188 0.42365235
vt 0.83954674 0.44685239
vt 0.84397662 0.46766186
vt 0.79305965 0.49096656
vt 0.84004545 0.47773731
vt 0.71750474 0.40769202
vt 0.84203398 0.36752683
vt 0.73618829 0.40035605
vt 0.83059299 0.48616624
vt 0.84490132 0.39059782
vt 0.73949671 0.49096656
vt 0.74963623 0.39583737
vt 0.81386280 0.49072099
vt 0.77990204 0.35998189
vt 0.84960765 0.43063128
vt 0.84300530 0.40065771
vt 0.74911416 0.37158829
vt 0.74929994 0.39035070
vt 0.83981663 0.48434418
vt 0.84928548 0.47998774
vt 0.70960367 0.48236310
vt 0.84255677 0.36219835
vt 0.74935114 0.36108494
vt 0.73579693 0.38060105
vt 0.73546010 0.38713086
vt 0.73447198 0.36399686
vt 0.86525333 0.22188014
vt 0.87275952 0.23033041
vt 0.85713822 0.24002707
vt 0.86642438 0.21188843
vt 0.84082186 0.23803705
vt 0.83755308 0.22753823
vt 0.82928163 0.24254280
vt 0.82610643 0.22755176
vt 0.80819470 0.23188978
vt 0.87966669 0.23730373
vt 0.80775481 0.22129196
vt 0.80950457 0.24776602
vt 0.87844640 0.22497094
vt 0.83169430 0.24976015
vt 0.84139180 0.25085926
vt 0.88074738 0.24855334
vt 0.80867434 0.26104748
vt 0.89020497 0.24734187
vt 0.86904359 0.20238900
vt 0.85706437 0.21136034
vt 0.83875841 0.21416807
vt 0.89596951 0.21524143
vt 0.90067869 0.20626640
vt 0.90971434 0.20832229
vt 0.91342694 0.22910291
vt 0.89796752 0.22610497
vt 0.91452277 0.24457020
vt 0.90536433 0.19534171
vt 0.87840831 0.19453412
vt 0.91574508 0.20867926
vt 0.91154641 0.19286358
vt 0.91727751 0.19929248
vt 0.84030467 0.25816149
vt 0.83071309 0.26277375
vt 0.88197958 0.25754797
vt 0.90106952 0.26552570
vt 0.87765658 0.26197851
vt 0.83958673 0.26730788
vt 0.91406506 0.25607741
vt 0.80879182 0.27138877
vt 0.87990308 0.27210534
vt 0.91267097 0.26679331
vt 0.92119390 0.24137133
vt 0.83217984 0.27778399
vt 0.84087485 0.27521825
vt 0.87450504 0.28110480
vt 0.90595299 0.28109324
vt 0.91028738 0.27900797
vt 0.80825567 0.28186536
vt 0.92224079 0.24446678
vt 0.92284220 0.26162922
vt 0.83199477 0.28679788
vt 0.86655867 0.28491497
vt 0.84992123 0.28763944
vt 0.90436870 0.29294837
vt 0.84062833 0.29289401
vt 0.90766299 0.29155964
vt 0.92150390 0.27140927
vt 0.80777961 0.29313827
vt 0.86879581 0.29860824
vt 0.92085725 0.28915620
vt 0.83176702 0.29981434
vt 0.85866344 0.30623847
vt 0.84800267 0.30919176
vt 0.90552682 0.31062388
vt 0.84071225 0.31633335
vt 0.83152544 0.31445253
vt 0.80697590 0.30630779
vt 0.91222262 0.30356181
vt 0.90240610 0.31778204
vt 0.90858412 0.32384825
vt 0.87507379 0.32327402
vt 0.80601567 0.32384825
vt 0.67589259 0.87069893
vt 0.65078723 0.87007380
vt 0.66481614 0.84266311
vt 0.68670619 0.85916919
vt 0.67945588 0.82928377
vt 0.63189453 0.83981669
vt 0.62753683 0.86980486
vt 0.64846939 0.82702178
vt 0.70169860 0.83152395
vt 0.62613112 0.82987988
vt 0.61122781 0.85628611
vt 0.61604840 0.83361673
vt 0.70609069 0.86727399
vt 0.71245408 0.83310497
vt 0.70538282 0.82631582
vt 0.69737893 0.82339656
vt 0.60498810 0.87253016
vt 0.60360771 0.84306425
vt 0.60034013 0.85522383
vt 0.59721720 0.85239601
vt 0.61234903 0.87891996
vt 0.59265333 0.86846054
vt 0.62654769 0.88110685
vt 0.67473644 0.82432616
vt 0.66168696 0.88660574
vt 0.64802647 0.88722140
vt 0.69926655 0.88856363
vt 0.68123049 0.89159513
vt 0.70923024 0.87506050
vt 0.59590697 0.87647223
vt 0.71953124 0.86036026
vt 0.72085327 0.84100306
vt 0.72789162 0.85092884
vt 0.72842395 0.85800397
vt 0.73315245 0.87424958
vt 0.71979725 0.88026655
vt 0.73536950 0.85976541
vt 0.74093360 0.87360674
vt 0.73143488 0.88661450
vt 0.74518752 0.88860971
vt 0.74515444 0.85623211
vt 0.73917925 0.83032167
vt 0.72090226 0.83448350
vt 0.71598727 0.89817697
vt 0.72708958 0.82388675
vt 0.71302998 0.82374865
vt 0.65355730 0.89436269
vt 0.61402243 0.89660889
vt 0.62984711 0.89656609
vt 0.71056408 0.89370173
vt 0.60922587 0.89455736
vt 0.75273961 0.87006122
vt 0.59998906 0.89100575
vt 0.59509891 0.88538307
vt 0.73159873 0.90289068
vt 0.75544900 0.88104767
vt 0.74794900 0.83227533
vt 0.63652211 0.82357699
vt 0.70187885 0.89589185
vt 0.59011358 0.84423649
vt 0.60199744 0.83288395
vt 0.61275494 0.82617521
vt 0.58481532 0.88503003
vt 0.58727980 0.88950908
vt 0.59457767 0.89968437
vt 0.58375877 0.85715503
vt 0.60741472 0.90289068
vt 0.58282477 0.87320346
vt 0.65603000 0.89758146
vt 0.75429404 0.85091424
vt 0.74655437 0.82423246
vt 0.58626938 0.83759642
vt 0.75413156 0.89551955
vt 0.75009447 0.28543925
vt 0.73643857 0.28599477
vt 0.73815489 0.26795042
vt 0.76051289 0.27630138
vt 0.70361781 0.27222580
vt 0.70089328 0.29292583
vt 0.68115032 0.28305507
vt 0.68215835 0.29807746
vt 0.71301985 0.25786006
vt 0.66336250 0.26742959
vt 0.66954970 0.28574932
vt 0.68811154 0.24625015
vt 0.73263967 0.24935269
vt 0.66250885 0.23958164
vt 0.71175420 0.23794228
vt 0.68268591 0.22872066
vt 0.65377593 0.25686526
vt 0.73131907 0.22982424
vt 0.76437610 0.23744822
vt 0.74639535 0.22510618
vt 0.70941818 0.22474366
vt 0.71741956 0.21990687
vt 0.73037159 0.21969944
vt 0.69477665 0.21905410
vt 0.77866918 0.27109039
vt 0.75643188 0.21942961
vt 0.77800196 0.28679562
vt 0.78717643 0.24196875
vt 0.66669226 0.22779584
vt 0.76587915 0.22039944
vt 0.77929270 0.22424406
vt 0.67996937 0.22261274
vt 0.71770394 0.21597052
vt 0.64999765 0.23723871
vt 0.77520239 0.30716288
vt 0.75097078 0.30123913
vt 0.76069432 0.30826288
vt 0.74474120 0.30761373
vt 0.72762227 0.30894417
vt 0.71151388 0.30145979
vt 0.70046967 0.30354732
vt 0.79020196 0.27435672
vt 0.77170497 0.31759000
vt 0.75264418 0.31671655
vt 0.75238031 0.33837926
vt 0.73308283 0.32042915
vt 0.73571289 0.34095144
vt 0.73521954 0.31540632
vt 0.77201557 0.34223884
vt 0.72159171 0.33982682
vt 0.72184265 0.32134700
vt 0.78074610 0.31727850
vt 0.78689039 0.33753759
vt 0.71721053 0.31195724
vt 0.71052504 0.31329066
vt 0.78578067 0.30752289
vt 0.79367447 0.22906375
vt 0.65928519 0.27776539
vt 0.78958428 0.29015046
vt 0.78220749 0.34387970
vt 0.71214372 0.33382928
vt 0.80012840 0.23980576
vt 0.79584682 0.31583762
vt 0.74465477 0.21454382
vt 0.68632591 0.21743906
vt 0.64646906 0.24458492
vt 0.66818792 0.29369253
vt 0.67495471 0.30108064
vt 0.79822731 0.27547920
vt 0.73829877 0.34528440
vt 0.79700708 0.33824432
vt 0.79197913 0.22344857
vt 0.70796353 0.34185654
vt 0.68332630 0.30623150
vt 0.72240824 0.34526962
vt 0.80688751 0.23096877
vt 0.80068773 0.29468310
vt 0.79870278 0.30791283
vt 0.71363169 0.34549832
vt 0.76823241 0.21557534
vt 0.70485210 0.31671751
vt 0.79920667 0.34643179
vt 0.70256203 0.31270266
vt 0.65295643 0.22786164
vt 0.70174724 0.33923185
vt 0.70424920 0.34643179
vt 0.69093233 0.32054913
vt 0.69130230 0.31651670
vt 0.03572503 0.37372708
vt 0.02259058 0.37371111
vt 0.02426246 0.37898755
vt 0.02808919 0.39255428
vt 0.04288141 0.38087153
vt 0.04100913 0.40513211
vt 0.01816601 0.41215158
vt 0.01402481 0.39868867
vt 0.03464782 0.43202698
vt 0.05298851 0.42268836
vt 0.04691542 0.45161271
vt 0.03163860 0.45218861
vt 0.02045910 0.44627082
vt 0.05820698 0.45186543
vt 0.05303313 0.39903700
vt 0.04678377 0.37209225
vt 0.01197776 0.41935343
vt 0.01197575 0.37882960
vt 0.05495324 0.38687778
vt 0.01342080 0.44966161
vt 0.06408021 0.43815041
vt 0.00624794 0.37485301
vt 0.00589965 0.38824338
vt 0.06296181 0.45235956
vt 0.01812510 0.45573622
vt 0.03278704 0.36431777
vt 0.01595931 0.36469662
vt 0.02127954 0.34332073
vt 0.03457391 0.34084576
vt 0.04213103 0.36262155
vt 0.01170143 0.34062350
vt 0.05061549 0.33803308
vt 0.02483742 0.33583629
vt 0.03962309 0.33545572
vt 0.05664294 0.35976148
vt 0.00130776 0.34524113
vt 0.00131345 0.36788929
vt 0.00136718 0.40707588
vt 0.00537329 0.44232905
vt 0.05982788 0.39734423
vt 0.05504895 0.33378500
vt 0.06044805 0.36985141
vt 0.06408021 0.33667004
vt 0.00443655 0.33729684
vt 0.61411464 0.93752658
vt 0.64390981 0.93478292
vt 0.64595801 0.94543779
vt 0.61532742 0.94888341
vt 0.58943880 0.94593203
vt 0.58839947 0.93910700
vt 0.59200656 0.95967323
vt 0.62815648 0.95514768
vt 0.64952254 0.95719641
vt 0.66028798 0.95430368
vt 0.58679038 0.94993937
vt 0.61493754 0.97335082
vt 0.59122366 0.97696477
vt 0.58889341 0.96457922
vt 0.63964909 0.97169554
vt 0.65054470 0.97103548
vt 0.66001248 0.96404779
vt 0.69718993 0.95422685
vt 0.70096850 0.96361309
vt 0.70932817 0.94485849
vt 0.66004843 0.94626963
vt 0.70062417 0.94144022
vt 0.71487623 0.96218711
vt 0.66135192 0.97349298
vt 0.65563613 0.93971455
vt 0.66239661 0.93627357
vt 0.71346378 0.96962303
vt 0.69460702 0.97696477
vt 0.70651346 0.92958564
vt 0.71883172 0.97284979
vt 0.65451652 0.93036544
vt 0.69683713 0.92986834
vt 0.58714139 0.92341626
vt 0.71753287 0.95679033
vt 0.71481174 0.94295943
vt 0.71083862 0.92464840
vt 0.69993389 0.91363668
vt 0.66077888 0.91233194
vt 0.61403006 0.91820031
vt 0.64195937 0.91891509
vt 0.58616155 0.91843939
vt 0.58378208 0.92383325
vt 0.65556043 0.91223526
vt 0.70585012 0.90561503
vt 0.61472940 0.91171837
vt 0.64105356 0.90710682
vt 0.58500159 0.90198737
vt 0.58282477 0.90803164
vt 0.19805975 0.06602526
vt 0.19791825 0.07571501
vt 0.18268079 0.07279617
vt 0.17860737 0.06101650
vt 0.20858373 0.06307447
vt 0.17075205 0.08498114
vt 0.14727283 0.07481712
vt 0.14288455 0.06647557
vt 0.16648702 0.08067316
vt 0.13541730 0.08978921
vt 0.13255505 0.07685000
vt 0.13083413 0.06344241
vt 0.19853228 0.08756715
vt 0.22543636 0.06824356
vt 0.23319809 0.08415067
vt 0.21188068 0.08841157
vt 0.25318709 0.06922585
vt 0.25239944 0.08444351
vt 0.24897964 0.05227447
vt 0.19461505 0.09125125
vt 0.15880395 0.09461540
vt 0.23181562 0.09289449
vt 0.25104105 0.10064960
vt 0.13899060 0.10632026
vt 0.20018443 0.05340415
vt 0.22658025 0.04852420
vt 0.16638599 0.10583317
vt 0.19452345 0.10566884
vt 0.22903317 0.10886574
vt 0.25483653 0.09148723
vt 0.15835184 0.05109757
vt 0.14261423 0.04995459
vt 0.17845751 0.04841810
vt 0.24285822 0.03899169
vt 0.12481483 0.04888886
vt 0.12249346 0.06185007
vt 0.25100726 0.11427283
vt 0.14034717 0.11427283
vt 0.21048480 0.03958243
vt 0.25675675 0.07630390
vt 0.24546722 0.03704411
vt 0.25378025 0.10652637
vt 0.12685151 0.07998061
vt 0.13158312 0.09929609
vt 0.13390337 0.10885638
vt 0.19599424 0.03387535
vt 0.17242388 0.03747451
vt 0.13995987 0.03894985
vt 0.12281319 0.04101735
vt 0.25277665 0.05038220
vt 0.43646291 0.39096099
vt 0.43318900 0.37789309
vt 0.42666611 0.38754821
vt 0.42437372 0.37063420
vt 0.43093631 0.33715439
vt 0.42215559 0.32551610
vt 0.43519998 0.32290995
vt 0.41327870 0.37707967
vt 0.41331342 0.39303440
vt 0.43057713 0.39435941
vt 0.41419142 0.34404403
vt 0.40662226 0.32672560
vt 0.40240070 0.35431612
vt 0.40251842 0.38774180
vt 0.41624781 0.42219055
vt 0.43622196 0.43599075
vt 0.39716035 0.41941571
vt 0.39629278 0.43968725
vt 0.43317214 0.44593418
vt 0.41927877 0.44648558
vt 0.40506861 0.44573200
vt 0.42398575 0.44941282
vt 0.43881875 0.41459328
vt 0.40858912 0.44900090
vt 0.44027629 0.33361328
vt 0.39495534 0.32786453
vt 0.44794807 0.44461596
vt 0.44844568 0.37430054
vt 0.45500132 0.43917662
vt 0.44895566 0.39365453
vt 0.44742346 0.31818014
vt 0.43786520 0.44877207
vt 0.45728502 0.40803927
vt 0.45640185 0.35045898
vt 0.45394644 0.33248401
vt 0.46251088 0.43926144
vt 0.39194068 0.33835423
vt 0.38666859 0.38524711
vt 0.38308063 0.40739429
vt 0.37794247 0.43922865
vt 0.38156316 0.44401562
vt 0.39582333 0.44785655
vt 0.38335443 0.32592458
vt 0.41000801 0.32038695
vt 0.42413095 0.31782532
vt 0.43689257 0.31828421
vt 0.40262529 0.32136881
vt 0.45735547 0.32714981
vt 0.46251088 0.31391144
vt 0.46206221 0.39038914
vt 0.45609248 0.44542921
vt 0.50119209 0.94568056
vt 0.51373285 0.92465717
vt 0.48597452 0.93503851
vt 0.48563650 0.94969201
vt 0.53467041 0.94617736
vt 0.51636428 0.95790458
vt 0.53195155 0.92480135
vt 0.52662760 0.95990634
vt 0.55938345 0.93513072
vt 0.56221789 0.95785886
vt 0.55028290 0.91955423
vt 0.48593733 0.92280644
vt 0.56249291 0.92640728
vt 0.51533920 0.91461313
vt 0.54095578 0.96575946
vt 0.56294006 0.96619338
vt 0.56131482 0.91801757
vt 0.56451613 0.94538474
vt 0.49722251 0.96549720
vt 0.48386699 0.95704627
vt 0.48575062 0.91362178
vt 0.47567630 0.94426018
vt 0.47539592 0.92954171
vt 0.45478034 0.93070829
vt 0.45503849 0.94977504
vt 0.45589527 0.92056179
vt 0.45081472 0.94871038
vt 0.47237155 0.95952648
vt 0.47813588 0.95507503
vt 0.45226544 0.96471232
vt 0.47624609 0.91374344
vt 0.45045498 0.92781729
vt 0.47645032 0.96488160
vt 0.55082107 0.90981632
vt 0.53081602 0.90379405
vt 0.45448747 0.91134000
vt 0.56000477 0.97425473
vt 0.47275612 0.97199702
vt 0.50994051 0.96994865
vt 0.48292294 0.97115040
vt 0.45418134 0.97368836
vt 0.53324449 0.97147822
vt 0.56451613 0.97229457
vt 0.44943330 0.91302019
vt 0.86575317 0.88253802
vt 0.87859678 0.89458233
vt 0.86773199 0.89872712
vt 0.87464607 0.87751275
vt 0.88052768 0.91593528
vt 0.87664860 0.93171537
vt 0.88605255 0.92267781
vt 0.85482615 0.85085154
vt 0.86608064 0.85010701
vt 0.87736022 0.84867662
vt 0.85820621 0.90476662
vt 0.85400021 0.89663726
vt 0.87019932 0.93646920
vt 0.86097163 0.94527358
vt 0.85617203 0.88476431
vt 0.86852860 0.94154608
vt 0.89028436 0.93297249
vt 0.85108137 0.88915128
vt 0.84665781 0.87531114
vt 0.84499800 0.85144877
vt 0.84815890 0.92729330
vt 0.85294598 0.95180923
vt 0.84336674 0.90055943
vt 0.83785862 0.88166678
vt 0.83162785 0.85284084
vt 0.88218242 0.94827020
vt 0.87526816 0.96070462
vt 0.89306206 0.95381033
vt 0.88758343 0.95696330
vt 0.86524117 0.96021634
vt 0.89069420 0.91194862
vt 0.90802091 0.92563051
vt 0.84300780 0.95224071
vt 0.83852822 0.92047447
vt 0.84802479 0.84507680
vt 0.83005005 0.89398563
vt 0.83000672 0.88213718
vt 0.85183150 0.95797861
vt 0.84386092 0.95803010
vt 0.83082163 0.95425761
vt 0.82725626 0.92565763
vt 0.81845629 0.85411608
vt 0.81941366 0.88024753
vt 0.82827371 0.95808905
vt 0.81417745 0.89170325
vt 0.81886637 0.95541984
vt 0.81413788 0.92066586
vt 0.80367255 0.96070462
vt 0.80568337 0.88138324
vt 0.80600941 0.85462356
vt 0.80356175 0.89063209
vt 0.80225408 0.95690817
vt 0.79830575 0.91852802
vt 0.78961056 0.85730493
vt 0.78986281 0.88223577
vt 0.78606123 0.89021766
vt 0.79423779 0.95714527
vt 0.78421968 0.92962730
vt 0.40359446 0.65026182
vt 0.42017010 0.64426094
vt 0.41349524 0.65722376
vt 0.39286688 0.66073912
vt 0.43179575 0.66454762
vt 0.45646107 0.65035659
vt 0.44272828 0.67142630
vt 0.44895998 0.68196845
vt 0.39409271 0.65066653
vt 0.38492516 0.65446538
vt 0.38345215 0.66521215
vt 0.43779925 0.67677659
vt 0.44252506 0.68309331
vt 0.42517772 0.64001805
vt 0.45577595 0.67587495
vt 0.45439371 0.70054203
vt 0.46338275 0.65150332
vt 0.44444597 0.68907225
vt 0.40758592 0.64444005
vt 0.37329444 0.66245222
vt 0.37807894 0.66868836
vt 0.36102775 0.67698616
vt 0.36580333 0.67969459
vt 0.35123724 0.70054203
vt 0.34655625 0.69494009
vt 0.80203998 0.57868946
vt 0.80728209 0.56340152
vt 0.81069815 0.58260828
vt 0.78928918 0.56123209
vt 0.79329234 0.57119048
vt 0.83696109 0.56569171
vt 0.83375865 0.58303630
vt 0.82646376 0.59253150
vt 0.85110265 0.57839209
vt 0.85496044 0.56623524
vt 0.84576476 0.59296876
vt 0.80421668 0.59575486
vt 0.80951005 0.60173213
vt 0.83843768 0.60139489
vt 0.79682428 0.58746809
vt 0.82405818 0.60406816
vt 0.81492263 0.61830479
vt 0.82388842 0.62279832
vt 0.83995956 0.62525189
vt 0.82190758 0.63894874
vt 0.80550998 0.61959887
vt 0.80617875 0.64063257
vt 0.81250691 0.67006844
vt 0.83168697 0.67307281
vt 0.80019659 0.66855830
vt 0.79202425 0.64993185
vt 0.79760122 0.62056345
vt 0.78458256 0.63891852
vt 0.78371692 0.67371494
vt 0.79897076 0.60858732
vt 0.84175730 0.61557829
vt 0.84380627 0.67475945
vt 0.80240446 0.67337811
vt 0.81825763 0.67376918
vt 0.79147673 0.67436832
vt 0.78059608 0.64871502
vt 0.78796691 0.61681020
vt 0.81887621 0.55662709
vt 0.79865670 0.55435562
vt 0.80282539 0.53278351
vt 0.82297647 0.54055887
vt 0.81052768 0.52936089
vt 0.82604355 0.53124893
vt 0.83677167 0.52993172
vt 0.83540523 0.55762076
vt 0.79870582 0.52748400
vt 0.84807783 0.55816489
vt 0.78342670 0.55588627
vt 0.78270948 0.58066559
vt 0.78889978 0.60052675
vt 0.83686012 0.52691853
vt 0.82142329 0.52564919
vt 0.85027945 0.64019120
vt 0.85108995 0.62077880
vt 0.86102486 0.55915874
vt 0.85285658 0.59105617
vt 0.85233909 0.60362548
vt 0.86878812 0.56877059
vt 0.85388029 0.67524844
vt 0.85635203 0.61266160
vt 0.77377933 0.56341010
vt 0.77250624 0.55708736
vt 0.78969097 0.60951132
vt 0.77630508 0.63270223
vt 0.77329397 0.64824080
vt 0.77525806 0.67524844
vt 0.77294815 0.61416918
vt 0.80482602 0.52354974
vt 0.79442906 0.52404976
vt 0.77598816 0.60622048
vt 0.77418733 0.58174211
vt 0.75898045 0.55919713
vt 0.83653980 0.52077687
vt 0.76505643 0.67455870
vt 0.76208007 0.60085541
vt 0.76209301 0.62703133
vt 0.75239152 0.57032168
vt 0.75526232 0.58208287
vt 0.74585879 0.57232481
vt 0.74657136 0.56166720
vt 0.75803900 0.64566076
vt 0.76293737 0.66736889
vt 0.01232735 0.53062695
vt 0.00596974 0.54197121
vt 0.00212115 0.53092402
vt 0.00440562 0.52462614
vt 0.01743768 0.54301697
vt 0.02191977 0.53352714
vt 0.00684206 0.58508962
vt 0.01931649 0.58678353
vt 0.01862220 0.49443877
vt 0.00928015 0.48975241
vt 0.01185689 0.46941996
vt 0.02860072 0.47095549
vt 0.02206214 0.50936472
vt 0.02526237 0.54547447
vt 0.01483584 0.59760875
vt 0.00130776 0.59421158
vt 0.03058366 0.58449942
vt 0.03204640 0.60224646
vt 0.03229989 0.52912009
vt 0.04266427 0.49820673
vt 0.04183251 0.47463942
vt 0.04002750 0.54820651
vt 0.04047213 0.53833193
vt 0.05009150 0.47962260
vt 0.05241145 0.51247078
vt 0.04183572 0.58533120
vt 0.05757226 0.48075283
vt 0.05815224 0.47784781
vt 0.04234888 0.60337210
vt 0.05568216 0.53466922
vt 0.06015816 0.55172735
vt 0.06057291 0.51644605
vt 0.07773606 0.48248661
vt 0.06075607 0.59011477
vt 0.05665636 0.60711223
vt 0.07386775 0.52005088
vt 0.07842812 0.47914958
vt 0.08317222 0.48293185
vt 0.07920900 0.52136779
vt 0.07692554 0.57365119
vt 0.07275679 0.60387886
vt 0.06963161 0.61072195
vt 0.05341936 0.61728948
vt 0.08997720 0.59979177
vt 0.09888384 0.60894239
vt 0.08860571 0.51698118
vt 0.09779005 0.48485017
vt 0.09689448 0.47959709
vt 0.10003234 0.54471081
vt 0.10100223 0.58627081
vt 0.11115024 0.48359036
vt 0.10768756 0.51136392
vt 0.10380938 0.52310276
vt 0.03736908 0.60898519
vt 0.09259687 0.61957210
vt 0.05818407 0.61926281
vt 0.03723858 0.63370419
vt 0.04707455 0.61991018
vt 0.02422056 0.61934733
vt 0.01884236 0.62773252
vt 0.01980250 0.64474905
vt 0.00995262 0.61678779
vt 0.01007380 0.64651549
vt 0.00624392 0.62299603
vt 0.03390580 0.63954061
vt 0.01033522 0.65266484
vt 0.00642047 0.64369255
vt 0.02315089 0.64595318
vt 0.02363928 0.61315000
vt 0.07710718 0.61739010
vt 0.10990880 0.61604559
vt 0.10786566 0.62658042
vt 0.12261482 0.63202280
vt 0.13274631 0.62122589
vt 0.13869692 0.63816780
vt 0.15063815 0.63991851
vt 0.15808097 0.63738167
vt 0.15528171 0.64537728
vt 0.16434176 0.62199038
vt 0.13682896 0.61584586
vt 0.12108812 0.60495722
vt 0.11357049 0.47949153
vt 0.12922305 0.48141646
vt 0.11269297 0.55102986
vt 0.11882825 0.58005309
vt 0.11872117 0.59439427
vt 0.12765975 0.52571929
vt 0.12900889 0.51223546
vt 0.12968451 0.49713808
vt 0.16340330 0.64169943
vt 0.15915236 0.65266484
vt 0.12639208 0.55081636
vt 0.12429909 0.58534175
vt 0.12739582 0.60360926
vt 0.13207333 0.47706467
vt 0.13176861 0.46305746
vt 0.06209657 0.46765018
vt 0.11207671 0.46657413
vt 0.14440301 0.47741139
vt 0.14607622 0.48065174
vt 0.10026617 0.46796519
vt 0.07922147 0.46867239
vt 0.13753662 0.51287669
vt 0.04989455 0.46429533
vt 0.03965836 0.45754290
vt 0.05150959 0.45776415
vt 0.15546514 0.46729124
vt 0.61036670 0.78726017
vt 0.62764168 0.77046889
vt 0.59950131 0.76438850
vt 0.63487017 0.79175431
vt 0.62094718 0.80322284
vt 0.60942405 0.80352539
vt 0.59687048 0.78476828
vt 0.63815409 0.78147686
vt 0.63654131 0.76109898
vt 0.62554276 0.80552530
vt 0.60573912 0.74517411
vt 0.63845265 0.79673171
vt 0.64932001 0.75856727
vt 0.64751345 0.78087968
vt 0.60016346 0.80425912
vt 0.62062788 0.80806088
vt 0.64099526 0.74777710
vt 0.62091500 0.74815983
vt 0.60829282 0.80819798
vt 0.65013701 0.74021930
vt 0.59619141 0.74640334
vt 0.63187581 0.72586298
vt 0.61231744 0.73030043
vt 0.60105371 0.72865283
vt 0.63939208 0.72178143
vt 0.59012377 0.76118213
vt 0.59432358 0.73000467
vt 0.65406609 0.76145315
vt 0.64965081 0.78670019
vt 0.63747877 0.80407387
vt 0.64262384 0.79663026
vt 0.65536410 0.72991580
vt 0.64470792 0.71502203
vt 0.65604627 0.74089354
vt 0.59544086 0.80303401
vt 0.58631212 0.77294558
vt 0.62502182 0.82071346
vt 0.63883382 0.81689328
vt 0.60541654 0.82158989
vt 0.65863150 0.71228546
vt 0.59495926 0.81830180
vt 0.65844858 0.76573795
vt 0.65213984 0.80898601
vt 0.65823364 0.78913802
vt 0.66627014 0.74271065
vt 0.67000872 0.72015715
vt 0.66209757 0.79930174
vt 0.66944760 0.76366287
vt 0.67000872 0.78781384
vt 0.95159012 0.80408865
vt 0.96289957 0.80275285
vt 0.96742958 0.78533739
vt 0.94888407 0.77128482
vt 0.96979076 0.76900941
vt 0.94926357 0.76402116
vt 0.97661483 0.77894723
vt 0.94376636 0.79492670
vt 0.94631046 0.80486923
vt 0.95990419 0.81673223
vt 0.95324433 0.82019442
vt 0.96433109 0.83193964
vt 0.98474282 0.77014279
vt 0.96912885 0.79325318
vt 0.95464402 0.76196927
vt 0.95536417 0.83356458
vt 0.96818370 0.83946759
vt 0.95873898 0.83808905
vt 0.94892758 0.81973976
vt 0.97034413 0.85003310
vt 0.98474282 0.85230350
vt 0.57169288 0.68047571
vt 0.55943716 0.67716414
vt 0.57079762 0.65366268
vt 0.58066964 0.65535074
vt 0.55864453 0.65113044
vt 0.55199659 0.67696065
vt 0.54629022 0.67402118
vt 0.54951328 0.64998609
vt 0.53811151 0.67330223
vt 0.55960500 0.64490741
vt 0.57167858 0.64606977
vt 0.58205026 0.64947683
vt 0.55840456 0.63635695
vt 0.54443806 0.63609815
vt 0.54329610 0.64377552
vt 0.54016834 0.64824581
vt 0.53896713 0.67740524
vt 0.53102946 0.67297649
vt 0.53002113 0.64890218
vt 0.54803860 0.68443382
vt 0.55847508 0.68711680
vt 0.55003917 0.70035374
vt 0.54189855 0.69966596
vt 0.54801273 0.73857284
vt 0.53893268 0.72531188
vt 0.53979856 0.74366349
vt 0.55081928 0.75429726
vt 0.55774635 0.71099299
vt 0.53541785 0.75155073
vt 0.55926210 0.74936247
vt 0.55557907 0.71861535
vt 0.53108168 0.73442996
vt 0.53756106 0.68415189
vt 0.52631986 0.75399315
vt 0.56323797 0.73508120
vt 0.56527382 0.75419772
vt 0.53964162 0.75564587
vt 0.52284545 0.73956478
vt 0.56954682 0.71254647
vt 0.56917542 0.68960649
vt 0.57332009 0.75351900
vt 0.52392662 0.72105199
vt 0.58058023 0.64125115
vt 0.56711984 0.63593102
vt 0.52744871 0.68261153
vt 0.53534091 0.63672483
vt 0.52811122 0.64231843
vt 0.50994885 0.74978048
vt 0.51998061 0.66947436
vt 0.52597648 0.67929190
vt 0.52633917 0.64555424
vt 0.51018214 0.73704243
vt 0.55119514 0.61955619
vt 0.52455318 0.63511896
vt 0.52074599 0.64710736
vt 0.51819783 0.68628991
vt 0.54475814 0.61743450
vt 0.51051289 0.75411928
vt 0.52702552 0.62179601
vt 0.56358153 0.62071872
vt 0.57503474 0.62586993
vt 0.51128072 0.67751604
vt 0.58889544 0.64601153
vt 0.58098590 0.69907922
vt 0.57987005 0.69099611
vt 0.57941490 0.72104061
vt 0.58286399 0.68347347
vt 0.58811414 0.65814745
vt 0.59104735 0.65290052
vt 0.58798641 0.75144637
vt 0.58135563 0.62490678
vt 0.59328681 0.63475180
vt 0.47927034 0.75104225
vt 0.48190913 0.72504354
vt 0.45123997 0.74354178
vt 0.45643234 0.72162247
vt 0.47079059 0.70557678
vt 0.44707695 0.75469857
vt 0.42507577 0.75564587
vt 0.43868166 0.72630286
vt 0.42153445 0.72942281
vt 0.48444614 0.70631981
vt 0.89829606 0.63831145
vt 0.91970712 0.61085421
vt 0.90032738 0.60927612
vt 0.92070860 0.63260919
vt 0.91135782 0.64953429
vt 0.93205422 0.64006281
vt 0.88927662 0.65522796
vt 0.93739462 0.61823159
vt 0.93982553 0.63113242
vt 0.93621790 0.60353154
vt 0.94214845 0.62208873
vt 0.94247049 0.60966742
vt 0.92490846 0.59694332
vt 0.89700216 0.59878469
vt 0.88006526 0.64020467
vt 0.88066012 0.61212695
vt 0.87709808 0.60393512
vt 0.87938440 0.65838665
vt 0.86513776 0.62801814
vt 0.86342293 0.64649719
vt 0.86742520 0.61093444
vt 0.92085779 0.65603977
vt 0.90756512 0.65958154
vt 0.93560040 0.64303243
vt 0.86094159 0.60271960
vt 0.86323965 0.66166228
vt 0.94189924 0.59855586
vt 0.89416748 0.66385096
vt 0.93279481 0.59427559
vt 0.90524876 0.59394759
vt 0.88342655 0.59595400
vt 0.87534189 0.59882826
vt 0.95493245 0.62388790
vt 0.95597208 0.63269871
vt 0.95597208 0.60938638
vt 0.95122719 0.64279300
vt 0.95482630 0.59612954
vt 0.87974757 0.66771305
vt 0.94466519 0.65524542
vt 0.93566650 0.66676903
vt 0.91465944 0.67976511
vt 0.89522654 0.76087713
vt 0.90986371 0.76717710
vt 0.90605921 0.76160049
vt 0.89419997 0.75675023
vt 0.88578320 0.75193000
vt 0.88393599 0.74681795
vt 0.87794536 0.74771047
vt 0.89044034 0.76176894
vt 0.89670587 0.76582688
vt 0.90692496 0.77234852
vt 0.87095141 0.76035213
vt 0.88291645 0.78253555
vt 0.87037754 0.77350694
vt 0.88567394 0.79173130
vt 0.89480615 0.80047482
vt 0.88810521 0.80379730
vt 0.89923143 0.80779088
vt 0.87685245 0.78489959
vt 0.90887278 0.78896654
vt 0.91988641 0.76869816
vt 0.88022816 0.80170703
vt 0.88827604 0.81310242
vt 0.90035784 0.81424594
vt 0.92340106 0.78653151
vt 0.93097353 0.77234781
vt 0.91518444 0.80908936
vt 0.89103723 0.82440060
vt 0.90581697 0.82777071
vt 0.91790235 0.76470345
vt 0.86355710 0.77883798
vt 0.93404704 0.76362163
vt 0.91908896 0.82966644
vt 0.91361755 0.84143287
vt 0.93417609 0.83399808
vt 0.92956245 0.84286505
vt 0.93247950 0.82070601
vt 0.92825800 0.80195421
vt 0.93102837 0.81002432
vt 0.92472517 0.85230350
vt 0.93390983 0.79671663
vt 0.89849293 0.84242058
vt 0.86430585 0.76892102
vt 0.92560488 0.74751568
vt 0.90924984 0.74186087
vt 0.91668367 0.73980933
vt 0.92631626 0.73837340
vt 0.93417609 0.74679953
vt 0.89644915 0.75097042
vt 0.90486974 0.73667568
vt 0.33489954 0.25971091
vt 0.34120077 0.27184510
vt 0.32041857 0.26574552
vt 0.32848588 0.27732909
vt 0.30766660 0.27108419
vt 0.31930828 0.28835869
vt 0.35765672 0.26846683
vt 0.34863177 0.26158279
vt 0.36406410 0.26272368
vt 0.36859480 0.27239728
vt 0.30544779 0.28657836
vt 0.31170976 0.29996860
vt 0.34343418 0.27403295
vt 0.30454516 0.26765895
vt 0.30034873 0.27277017
vt 0.37050861 0.26353657
vt 0.38787624 0.27344930
vt 0.33153069 0.28114247
vt 0.31984535 0.29460227
vt 0.31731421 0.30487806
vt 0.30761039 0.26609612
vt 0.38412958 0.28053689
vt 0.39827037 0.29331350
vt 0.40502408 0.28657180
vt 0.41141433 0.30487806
vt 0.41804707 0.30210042
vt 0.36515185 0.59521681
vt 0.36966929 0.58521259
vt 0.38382271 0.60208768
vt 0.35459676 0.58056980
vt 0.35876879 0.59622449
vt 0.35559762 0.57547235
vt 0.38231155 0.58893287
vt 0.36832121 0.57822204
vt 0.39043409 0.59418041
vt 0.33449113 0.57594287
vt 0.34137928 0.56790495
vt 0.32931986 0.56805497
vt 0.32597449 0.57350808
vt 0.33036351 0.58215618
vt 0.31501782 0.59939843
vt 0.30800217 0.58844751
vt 0.34002197 0.59065378
vt 0.34399650 0.59622538
vt 0.30717298 0.60496116
vt 0.31570527 0.57353479
vt 0.29494393 0.59295923
vt 0.33907351 0.56191754
vt 0.30017200 0.61201447
vt 0.30004045 0.58319867
vt 0.35234782 0.56492323
vt 0.38256401 0.61201447
vt 0.34383053 0.60059935
vt 0.28814298 0.60543424
vt 0.32811525 0.55895156
vt 0.33492199 0.55510390
vt 0.39886659 0.59885454
vt 0.33240154 0.59246129
vt 0.32199025 0.60334200
vt 0.96537822 0.05869430
vt 0.96638489 0.04387707
vt 0.98048663 0.04729724
vt 0.97684729 0.07184863
vt 0.96599370 0.07336855
vt 0.95468169 0.07208502
vt 0.95400268 0.04571384
vt 0.95076376 0.06005597
vt 0.97395360 0.04245061
vt 0.94524425 0.07296115
vt 0.98758620 0.04326087
vt 0.94003975 0.04391921
vt 0.97490036 0.03611141
vt 0.93696797 0.07401168
vt 0.95154041 0.03776008
vt 0.95048755 0.07633245
vt 0.98098981 0.03917873
vt 0.96526074 0.03127664
vt 0.95169240 0.02964211
vt 0.97850305 0.02862883
vt 0.93330425 0.03711808
vt 0.95982569 0.02303523
vt 0.94222921 0.02361923
vt 0.98625642 0.07376981
vt 0.97981912 0.07633245
vt 0.99274254 0.03587896
vt 0.99476874 0.02687234
vt 0.99536997 0.06997913
vt 0.99695295 0.03845876
vt 0.99956405 0.04369557
vt 0.54158974 0.06214720
vt 0.52864534 0.05394524
vt 0.54159325 0.04817694
vt 0.51401645 0.06430918
vt 0.51447463 0.05549687
vt 0.52583158 0.04279476
vt 0.51479334 0.04016358
vt 0.54200381 0.03286421
vt 0.52673417 0.02584827
vt 0.51622915 0.01948053
vt 0.54140651 0.01874793
vt 0.50927269 0.03648973
vt 0.51173872 0.02291721
vt 0.50217390 0.02737856
vt 0.50003600 0.03935045
vt 0.50652879 0.05311501
vt 0.50914550 0.06288338
vt 0.50521016 0.06894416
vt 0.49890652 0.05546969
vt 0.50505775 0.01616067
vt 0.54974586 0.04127717
vt 0.49961144 0.06480521
vt 0.51459384 0.07463968
vt 0.54197347 0.07285327
vt 0.49988437 0.07599288
vt 0.50888014 0.07422572
vt 0.55161524 0.05054247
vt 0.57065308 0.04416144
vt 0.57760108 0.05676651
vt 0.56899369 0.03516424
vt 0.59064400 0.03771245
vt 0.59999049 0.05207944
vt 0.60917610 0.04567498
vt 0.61371088 0.05263144
vt 0.61075282 0.06464398
vt 0.61939830 0.03844917
vt 0.61720610 0.06339729
vt 0.60323846 0.03040200
vt 0.55200541 0.02905393
vt 0.61933964 0.05411351
vt 0.57445592 0.06729466
vt 0.55133033 0.06270272
vt 0.60878116 0.07435739
vt 0.61227590 0.08265579
vt 0.61878866 0.02347642
vt 0.62166971 0.02664930
vt 0.54920560 0.03275716
vt 0.54720724 0.01712799
vt 0.60651654 0.02146792
vt 0.58070058 0.01875228
vt 0.55546260 0.02211982
vt 0.55963653 0.07106042
vt 0.58189756 0.07987100
vt 0.55054134 0.07507777
vt 0.50310236 0.08265585
vt 0.55222905 0.01301503
vt 0.48403168 0.03220630
vt 0.48256320 0.04677522
vt 0.48422292 0.05983138
vt 0.48781642 0.02092224
vt 0.48924345 0.07596594
vt 0.48426458 0.07010269
vt 0.55748194 0.01172638
vt 0.61802751 0.00496840
vt 0.62205756 0.01352131
vt 0.58607578 0.00721157
vt 0.98941576 0.54769093
vt 0.97652268 0.54710191
vt 0.97266102 0.55874467
vt 0.98397481 0.56766659
vt 0.98183483 0.53024036
vt 0.98925197 0.52937007
vt 0.99175900 0.55786532
vt 0.99956405 0.54370958
vt 0.98844218 0.57462710
vt 0.99880534 0.53331047
vt 0.96848702 0.57217246
vt 0.98045695 0.58107466
vt 0.99249935 0.58811563
vt 0.98283172 0.52258354
vt 0.96455663 0.58094621
vt 0.98630154 0.59712690
vt 0.96977156 0.55931693
vt 0.96422583 0.57372874
vt 0.97898233 0.53056008
vt 0.95684391 0.58768761
vt 0.95744246 0.59851122
vt 0.99516147 0.62827462
vt 0.99956405 0.60337317
vt 0.96845800 0.69885492
vt 0.96838081 0.71314973
vt 0.99613506 0.69931650
vt 0.98550761 0.71618950
vt 0.97089171 0.68912089
vt 0.99562323 0.69243318
vt 0.99405998 0.71025670
vt 0.99512506 0.72396761
vt 0.99737203 0.71323133
vt 0.98488140 0.73223758
vt 0.96844518 0.73076999
vt 0.99712330 0.73644376
vt 0.96478885 0.69859189
vt 0.96032047 0.70603013
vt 0.96145529 0.69477719
vt 0.95265788 0.69198614
vt 0.99956405 0.73005331
vt 0.96936846 0.74739790
vt 0.96176046 0.72543103
vt 0.95266682 0.71630257
vt 0.95288861 0.72881806
vt 0.99680555 0.75073916
vt 0.96284467 0.74716628
vt 0.95294809 0.74162948
vt 0.99933571 0.74728245
vt 0.94590878 0.70111936
vt 0.99956405 0.69884616
vt 0.94447172 0.72455275
vt 0.95381230 0.75823814
vt 0.97094065 0.75781757
vt 0.96539068 0.76287264
vt 0.96909523 0.68453318
vt 0.96524614 0.68608069
vt 0.95867050 0.68337852
vt 0.93649322 0.68717867
vt 0.93051082 0.70623964
vt 0.92720139 0.70210123
vt 0.92925096 0.72182035
vt 0.81796759 0.12332422
vt 0.81590474 0.11145103
vt 0.80697381 0.11547518
vt 0.80975181 0.14082110
vt 0.82184601 0.13395351
vt 0.81580555 0.15606970
vt 0.82661992 0.13775212
vt 0.81748945 0.10136682
vt 0.80579036 0.08156157
vt 0.79991066 0.10295713
vt 0.81915969 0.09006619
vt 0.79978943 0.07505590
vt 0.82667017 0.07825762
vt 0.81234097 0.06902093
vt 0.84079963 0.15192848
vt 0.82652640 0.05802941
vt 0.82218605 0.12934256
vt 0.81150043 0.15616751
vt 0.83706576 0.16465110
vt 0.85433030 0.15992874
vt 0.83366984 0.06911242
vt 0.84020281 0.06045407
vt 0.85131526 0.17084169
vt 0.86618561 0.16590726
vt 0.85964847 0.17296672
vt 0.87200558 0.16683793
vt 0.81683648 0.06233996
vt 0.87036484 0.17658174
vt 0.83220303 0.04928303
vt 0.83995664 0.04570472
vt 0.84974974 0.05133343
vt 0.85858768 0.04459321
vt 0.85026342 0.03538978
vt 0.80063307 0.13447547
vt 0.84019607 0.14760661
vt 0.88273758 0.17217040
vt 0.80794960 0.06697786
vt 0.85469985 0.03252560
vt 0.87700957 0.18112016
vt 0.86441940 0.03689516
vt 0.82409072 0.16354448
vt 0.79468179 0.10382283
vt 0.81268799 0.16314775
vt 0.86912417 0.02537441
vt 0.86646622 0.01974618
vt 0.87540603 0.02129418
vt 0.87498492 0.01043212
vt 0.88273758 0.00858176
vt 0.96658278 0.46595252
vt 0.96687967 0.44637573
vt 0.95370096 0.46141374
vt 0.95580417 0.47842550
vt 0.97296447 0.47906995
vt 0.98423684 0.49046695
vt 0.95938659 0.49396288
vt 0.97627312 0.49725151
vt 0.96399456 0.43958938
vt 0.97441888 0.42781562
vt 0.96473944 0.43000185
vt 0.95905930 0.44034803
vt 0.95161289 0.45775318
vt 0.95539546 0.49559242
vt 0.99520487 0.50100631
vt 0.95999223 0.50180668
vt 0.97822762 0.41316652
vt 0.98374796 0.41574371
vt 0.99520487 0.39972901
vt 0.25064710 0.53375602
vt 0.24634768 0.51470250
vt 0.26131397 0.52324641
vt 0.26234910 0.50414747
vt 0.24329433 0.50101078
vt 0.27385461 0.50955975
vt 0.28068843 0.51352370
vt 0.27326292 0.53292453
vt 0.29249176 0.51987046
vt 0.28853968 0.53338021
vt 0.29903319 0.52326411
vt 0.30224484 0.53783774
vt 0.25976548 0.53661770
vt 0.30506989 0.52822369
vt 0.31228673 0.54120862
vt 0.31443638 0.53386241
vt 0.32137790 0.53827572
vt 0.32287359 0.55157506
vt 0.31900153 0.53388017
vt 0.30874920 0.52792585
vt 0.33023614 0.53748918
vt 0.33158624 0.54290307
vt 0.29280403 0.54079604
vt 0.30202946 0.54416680
vt 0.28242740 0.53967172
vt 0.31345108 0.54776251
vt 0.26981568 0.53884971
vt 0.25072652 0.53798765
vt 0.23797259 0.52047354
vt 0.23838326 0.53626561
vt 0.23527329 0.50974911
vt 0.22704104 0.51254982
vt 0.23997225 0.53707010
vt 0.22876413 0.52130312
vt 0.23098034 0.53685755
vt 0.21902819 0.53409994
vt 0.21365117 0.54533130
vt 0.28783482 0.46804750
vt 0.29775897 0.45517349
vt 0.30675414 0.46413291
vt 0.29748365 0.48342955
vt 0.32818449 0.49751353
vt 0.32566670 0.51259720
vt 0.30175000 0.51087624
vt 0.34040710 0.51041007
vt 0.28415325 0.50617951
vt 0.27024657 0.49244595
vt 0.30680719 0.52026695
vt 0.24956225 0.47285861
vt 0.25285327 0.48823804
vt 0.26170850 0.49489290
vt 0.29612592 0.51386100
vt 0.33575603 0.48984665
vt 0.32503048 0.46638930
vt 0.27081668 0.45542622
vt 0.27176040 0.50158846
vt 0.34469765 0.52404416
vt 0.31475431 0.52769715
vt 0.30120134 0.45553839
vt 0.23467235 0.45991540
vt 0.23913455 0.48555839
vt 0.22702758 0.49405551
vt 0.23067407 0.49457741
vt 0.25833446 0.45302618
vt 0.23558548 0.45634288
vt 0.21624389 0.46502334
vt 0.18867281 0.48231697
vt 0.21050733 0.51126629
vt 0.21937081 0.50955915
vt 0.17853954 0.47433418
vt 0.17639233 0.47889972
vt 0.16939662 0.49926293
vt 0.20112380 0.52421343
vt 0.20868862 0.52056301
vt 0.19761476 0.53327149
vt 0.18977275 0.53933901
vt 0.21769516 0.51908046
vt 0.18781340 0.54918993
vt 0.17677160 0.52747339
vt 0.17035447 0.54133177
vt 0.15557541 0.54619324
vt 0.15631248 0.55835813
vt 0.21419950 0.52430367
vt 0.15396893 0.53124785
vt 0.22998534 0.50502104
vt 0.18370122 0.56328720
vt 0.15650326 0.57517171
vt 0.18847145 0.56055748
vt 0.18393266 0.57543248
vt 0.19453222 0.55089569
vt 0.19420646 0.54733831
vt 0.20143998 0.53671068
vt 0.20789558 0.52954900
vt 0.20290594 0.53869289
vt 0.15148440 0.51770169
vt 0.15126416 0.49557918
vt 0.19109097 0.46899819
vt 0.17819370 0.57949412
vt 0.22601816 0.51007640
vt 0.22110601 0.51542264
vt 0.23738439 0.49674046
vt 0.24996744 0.49568564
vt 0.24190207 0.49134529
vt 0.34927920 0.51994455
vt 0.35483050 0.53310752
vt 0.36935040 0.53083676
vt 0.37971482 0.51960164
vt 0.36652261 0.50689000
vt 0.34635365 0.50518769
vt 0.38451788 0.53229886
vt 0.38548294 0.51183337
vt 0.39010176 0.52243835
vt 0.35995820 0.54048526
vt 0.37477806 0.54606938
vt 0.38552609 0.54711634
vt 0.35029539 0.53833264
vt 0.35590702 0.54990304
vt 0.40051997 0.51250947
vt 0.37031576 0.56274134
vt 0.34320170 0.48506910
vt 0.40869975 0.51785582
vt 0.40460104 0.50822288
vt 0.39559987 0.50120687
vt 0.42146608 0.49127162
vt 0.43055603 0.50587922
vt 0.45023713 0.48576498
vt 0.44869247 0.47748375
vt 0.42087165 0.48271155
vt 0.44671983 0.47196233
vt 0.45554385 0.50090122
vt 0.40708375 0.48579693
vt 0.38498068 0.49481380
vt 0.41451806 0.53417230
vt 0.46016777 0.51491934
vt 0.42596033 0.52750582
vt 0.38162753 0.48194945
vt 0.37535554 0.48830867
vt 0.41539159 0.46715206
vt 0.44360480 0.46531820
vt 0.40124458 0.47672212
vt 0.39631084 0.53736341
vt 0.38397619 0.56664562
vt 0.46512643 0.52761447
vt 0.43005231 0.53873020
vt 0.41966271 0.54525626
vt 0.39322537 0.55954021
vt 0.37845963 0.57949412
vt 0.40464789 0.55666685
vt 0.33445507 0.46955884
vt 0.39242268 0.57621932
vt 0.34052247 0.49109387
vt 0.19133386 0.55962896
vt 0.18861535 0.57202345
vt 0.20699295 0.54482883
vt 0.23407046 0.88297319
vt 0.22526172 0.87160665
vt 0.22611240 0.88333720
vt 0.23462459 0.87133312
vt 0.23835059 0.90063071
vt 0.22805443 0.89990759
vt 0.22101134 0.88719285
vt 0.23672797 0.85251927
vt 0.24196798 0.85772151
vt 0.22900359 0.85823816
vt 0.25877118 0.84861541
vt 0.24440221 0.90748906
vt 0.22926864 0.90685880
vt 0.25485054 0.84163338
vt 0.24790825 0.91892833
vt 0.25283358 0.91148984
vt 0.26248747 0.91626090
vt 0.27593723 0.83951956
vt 0.26888415 0.83423668
vt 0.26328915 0.92276424
vt 0.27593723 0.91722977
vt 0.27207202 0.84512222
vt 0.02754026 0.86912078
vt 0.03462228 0.86472869
vt 0.02797627 0.84927344
vt 0.02869500 0.88049823
vt 0.01264167 0.87861818
vt 0.01449719 0.86604476
vt 0.01850773 0.85179818
vt 0.01389163 0.89284003
vt 0.02930600 0.89409810
vt 0.02235931 0.91134220
vt 0.03335221 0.91157025
vt 0.03191019 0.92685419
vt 0.04419082 0.93889892
vt 0.05029568 0.92658085
vt 0.05847937 0.94625115
vt 0.04378762 0.84598398
vt 0.03477608 0.83376729
vt 0.02092145 0.84110600
vt 0.04864105 0.82681471
vt 0.06054534 0.83783323
vt 0.06281754 0.82158989
vt 0.07279860 0.83730119
vt 0.05989117 0.93125480
vt 0.07279860 0.93788421
vt 0.36647156 0.98648834
vt 0.38435349 0.97975487
vt 0.38104260 0.99601084
vt 0.36375555 0.99712753
vt 0.39214873 0.99606311
vt 0.35939392 0.98538488
vt 0.39837280 0.98021060
vt 0.39493069 0.97527319
vt 0.37632242 0.97521639
vt 0.36582032 0.97731453
vt 0.40256488 0.97514451
vt 0.40468332 0.99272704
vt 0.40672609 0.99633074
vt 0.35985416 0.97497380
vt 0.35527462 0.99864501
vt 0.41017473 0.97575819
vt 0.42236057 0.99245125
vt 0.41955128 0.96666354
vt 0.42506683 0.99700958
vt 0.43990442 0.96451163
vt 0.41942808 0.95330739
vt 0.43820485 0.99296767
vt 0.44245860 0.93370879
vt 0.43841764 0.99864501
vt 0.42167848 0.92999095
vt 0.40480882 0.96089470
vt 0.76238644 0.95752198
vt 0.77405047 0.94546878
vt 0.75993162 0.94146216
vt 0.77276033 0.93109024
vt 0.75549567 0.95445120
vt 0.76601845 0.91860479
vt 0.77643949 0.91220707
vt 0.77561200 0.96161139
vt 0.76376051 0.96663070
vt 0.78480381 0.96952069
vt 0.75887465 0.92301196
vt 0.76306432 0.90941441
vt 0.78042531 0.95609480
vt 0.77883542 0.89591235
vt 0.76915336 0.97897744
vt 0.78596336 0.99322492
vt 0.78071606 0.93712002
vt 0.78223288 0.92274094
vt 0.75292414 0.97266740
vt 0.75273329 0.94471252
vt 0.78596336 0.94654787
vt 0.76626158 0.87940377
vt 0.78358465 0.88056564
vt 0.74411505 0.96760243
vt 0.09971786 0.67104357
vt 0.10629117 0.67566580
vt 0.11253189 0.67040461
vt 0.11660684 0.67784262
vt 0.11694340 0.68841439
vt 0.10612191 0.68288642
vt 0.10851140 0.66157317
vt 0.08701876 0.66339797
vt 0.09972840 0.65217727
vt 0.10820155 0.65407097
vt 0.10138310 0.67608422
vt 0.08565314 0.65279269
vt 0.07322761 0.66854912
vt 0.07710353 0.67484349
vt 0.10319173 0.64092141
vt 0.11900610 0.64198595
vt 0.09377695 0.67254531
vt 0.08617628 0.67294580
vt 0.10822958 0.69333076
vt 0.11900610 0.69350392
vt 0.09958670 0.68968379
vt 0.06910270 0.68054879
vt 0.09991237 0.70144534
vt 0.09187829 0.69680083
vt 0.06059285 0.67702669
vt 0.06169581 0.66815639
vt 0.70337254 0.19041163
vt 0.69529206 0.19179815
vt 0.69961828 0.18070865
vt 0.71888071 0.18095863
vt 0.71530867 0.19292736
vt 0.72987026 0.18325901
vt 0.73074341 0.19656456
vt 0.73966342 0.18202990
vt 0.75439829 0.19120491
vt 0.75355548 0.17524052
vt 0.76011598 0.17614770
vt 0.77113634 0.19148439
vt 0.77712917 0.18688893
vt 0.75027418 0.19983417
vt 0.73139745 0.17389339
vt 0.69879138 0.20085257
vt 0.72215754 0.20706463
vt 0.73424548 0.20906729
vt 0.77485132 0.19675136
vt 0.75635433 0.20827657
vt 0.74893034 0.21364045
vt 0.69965333 0.21364045
vt 0.77950853 0.20245105
vt 0.79529512 0.18511659
vt 0.79674810 0.20937884
vt 0.81449360 0.19885701
vt 0.80231410 0.21113420
vt 0.81734961 0.20444119
vt 0.93451041 0.21144080
vt 0.93831849 0.20739639
vt 0.93050081 0.20969170
vt 0.93384004 0.22158921
vt 0.92627358 0.21830511
vt 0.93839198 0.23693430
vt 0.92856079 0.23511332
vt 0.92757273 0.20057487
vt 0.93764621 0.18945915
vt 0.94575471 0.19202203
vt 0.94966364 0.17994946
vt 0.95433038 0.18877232
vt 0.96294683 0.17841011
vt 0.93432236 0.24419916
vt 0.94923884 0.24879986
vt 0.92371404 0.22485143
vt 0.94623178 0.25563478
vt 0.95959556 0.26012439
vt 0.93630123 0.21972227
vt 0.96136308 0.26874435
vt 0.93826520 0.25393295
vt 0.94884235 0.26351213
vt 0.96294683 0.25773257
vt 0.94008011 0.18197799
vt 0.73440349 0.58182478
vt 0.73934889 0.57210934
vt 0.73156667 0.57218146
vt 0.74213248 0.57821321
vt 0.74318451 0.58645695
vt 0.72883892 0.56318796
vt 0.74118292 0.56089526
vt 0.74293453 0.57149506
vt 0.74585879 0.54607636
vt 0.72948629 0.55328673
vt 0.74155807 0.54516715
vt 0.72954714 0.58093208
vt 0.72667831 0.57013392
vt 0.73559296 0.59530950
vt 0.74585879 0.59545034
vt 0.74525303 0.60659438
vt 0.73017466 0.59257877
vt 0.37067243 0.35888553
vt 0.36869118 0.34790558
vt 0.37798664 0.34605020
vt 0.38055798 0.35664684
vt 0.35966441 0.35663939
vt 0.35403034 0.34671974
vt 0.35068649 0.35980153
vt 0.36005381 0.34281844
vt 0.34394071 0.35998189
vt 0.37287468 0.34284323
vt 0.37679616 0.35998189
vt 0.97615457 0.30648178
vt 0.97734165 0.29173625
vt 0.97309536 0.30180067
vt 0.97450465 0.28937739
vt 0.98567700 0.30361313
vt 0.98823017 0.31571817
vt 0.98027247 0.27866131
vt 0.97433478 0.27034730
vt 0.98473501 0.26529002
vt 0.97553241 0.25919443
vt 0.98823017 0.25519419
vt 0.96904969 0.26172984
vt 0.98288345 0.29112506
vt 0.96356869 0.51206529
vt 0.95118421 0.50459492
vt 0.95226240 0.50861824
vt 0.96992153 0.52167535
vt 0.95138335 0.51556116
vt 0.95584875 0.52258354
vt 0.93766409 0.50382280
vt 0.94210750 0.49862015
vt 0.94084477 0.48968267
vt 0.93129104 0.49500811
vt 0.93684685 0.47634983
vt 0.92507225 0.45924056
vt 0.93449014 0.46143121
vt 0.93223268 0.44521546
vt 0.92458588 0.44270957
vt 0.92630500 0.43378502
vt 0.93698746 0.43691707
vt 0.93051815 0.42492998
vt 0.93946195 0.43162870
vt 0.94389671 0.42054617
vt 0.93541449 0.44519186
vt 0.94988829 0.41237742
vt 0.94947994 0.42232209
vt 0.96992153 0.40910137
vt 0.94480324 0.42673051
vt 0.95884389 0.40695572
vt 0.94417244 0.49542832
vt 0.95519829 0.42144161
vt 0.94196028 0.41042382
vt 0.92661458 0.41832584
vt 0.44600639 0.59555656
vt 0.43698442 0.59730458
vt 0.44404960 0.58602488
vt 0.45173529 0.59070081
vt 0.45011193 0.58065641
vt 0.43324900 0.60190856
vt 0.43629241 0.59027797
vt 0.43277621 0.59379709
vt 0.42422441 0.59810156
vt 0.44574890 0.58178711
vt 0.45625296 0.57341528
vt 0.45550442 0.58729756
vt 0.45072457 0.57588154
vt 0.45468631 0.56703585
vt 0.42045483 0.61569524
vt 0.41261619 0.60842401
vt 0.45006078 0.60129678
vt 0.46701095 0.59656954
vt 0.46015117 0.60699844
vt 0.47535318 0.59989774
vt 0.47428659 0.61406332
vt 0.46882939 0.61673349
vt 0.48295107 0.62768799
vt 0.48899993 0.60905004
vt 0.49179915 0.60051757
vt 0.49838632 0.61897820
vt 0.49680707 0.61319613
vt 0.48951483 0.63679510
vt 0.45387700 0.61859787
vt 0.44110897 0.61251169
vt 0.46740317 0.62568641
vt 0.47828868 0.63365442
vt 0.49629495 0.64876914
vt 0.50474679 0.63789636
vt 0.48853785 0.64678186
vt 0.49812168 0.59285307
vt 0.43960047 0.58375669
vt 0.42381039 0.59309721
vt 0.42483693 0.59539348
vt 0.43174595 0.58954430
vt 0.51133394 0.65710723
vt 0.49510846 0.66079491
vt 0.44304579 0.63416892
vt 0.45921320 0.63482922
vt 0.42541918 0.63204819
vt 0.40953198 0.62227684
vt 0.40328762 0.62798500
vt 0.40307167 0.62240380
vt 0.38805208 0.62522835
vt 0.38547373 0.63087904
vt 0.36598679 0.63105541
vt 0.36591110 0.63680065
vt 0.33514166 0.64620274
vt 0.33981827 0.63352650
vt 0.32614714 0.64000773
vt 0.32168269 0.64833981
vt 0.31394506 0.64266956
vt 0.30122057 0.66079491
vt 0.40160102 0.64081949
vt 0.41423154 0.63510537
vt 0.39205754 0.64557099
vt 0.37529278 0.64336646
vt 0.35554019 0.64896762
vt 0.43874758 0.56094450
vt 0.43669617 0.57454711
vt 0.45290077 0.55643147
vt 0.43956193 0.54787713
vt 0.42890087 0.54938602
vt 0.42506936 0.57524586
vt 0.89459682 0.14461321
vt 0.88673270 0.15040648
vt 0.90770292 0.15007502
vt 0.90558058 0.14133918
vt 0.88165069 0.14175582
vt 0.87127727 0.14494634
vt 0.86928827 0.13231379
vt 0.86210608 0.13092816
vt 0.86266428 0.11732244
vt 0.92055935 0.14268661
vt 0.91501755 0.13665390
vt 0.92124057 0.12900656
vt 0.89005303 0.14010561
vt 0.87784189 0.13613975
vt 0.92677838 0.12509704
vt 0.92514366 0.11740452
vt 0.93136936 0.13576734
vt 0.93591976 0.11704034
vt 0.92870635 0.10420728
vt 0.93576270 0.08122957
vt 0.92871362 0.08779246
vt 0.92677474 0.07671571
vt 0.93556750 0.06792843
vt 0.92569017 0.06749529
vt 0.92555022 0.05274266
vt 0.91886622 0.06257814
vt 0.91464424 0.05510479
vt 0.91018927 0.05758363
vt 0.91205359 0.04534215
vt 0.89114147 0.04760659
vt 0.88678402 0.05420721
vt 0.87068558 0.05715305
vt 0.85658240 0.10994637
vt 0.86198413 0.09469974
vt 0.85838670 0.08672345
vt 0.86403465 0.08050770
vt 0.86129230 0.07272995
vt 0.92342424 0.06973696
vt 0.88435489 0.05874175
vt 0.87433028 0.06687725
vt 0.86732352 0.07943237
vt 0.89045507 0.05746239
vt 0.93591976 0.05838555
vt 0.89988768 0.04258531
vt 0.87106097 0.12891996
vt 0.86451447 0.09603387
vt 0.86672306 0.11975765
vt 0.86511606 0.10895211
vt 0.87965679 0.04580671
vt 0.91277295 0.04247701
vt 0.90681106 0.03839207
vt 0.01103866 0.84419549
vt 0.00371097 0.84479743
vt 0.00318549 0.86021948
vt 0.01468606 0.83424401
vt 0.00916874 0.85387290
vt 0.00910150 0.83029693
vt 0.00559162 0.86908251
vt 0.00176546 0.87212074
vt 0.00043592 0.86169851
vt 0.01307238 0.81928182
vt 0.02120444 0.81878716
vt 0.00853193 0.86748755
vt 0.01388292 0.81394374
vt 0.01549484 0.81153512
vt 0.03182214 0.80081302
vt 0.00359676 0.89017093
vt 0.00859666 0.89587778
vt 0.00786756 0.90407234
vt 0.01906499 0.91616189
vt 0.02006592 0.92298669
vt 0.01277970 0.92067516
vt 0.02525720 0.92518115
vt 0.01103143 0.89130646
vt 0.02336462 0.93848163
vt 0.03182214 0.93992776
vt 0.00988503 0.88734353
vt 0.86755842 0.67365927
vt 0.87116718 0.68102211
vt 0.86394238 0.68879855
vt 0.85863173 0.68007964
vt 0.87837839 0.68879855
vt 0.87545347 0.68074882
vt 0.85658240 0.67344171
vt 0.88251758 0.38535511
vt 0.89808333 0.38249850
vt 0.89774221 0.37818789
vt 0.88387024 0.37804878
vt 0.87704307 0.38274646
vt 0.90943819 0.38349986
vt 0.91086954 0.39030898
vt 0.87022120 0.39159214
vt 0.86779284 0.38890177
vt 0.85951072 0.40053523
vt 0.87023884 0.47849077
vt 0.90450174 0.48150837
vt 0.90382624 0.42851907
vt 0.90694964 0.53470629
vt 0.92137992 0.51042044
vt 0.86073732 0.51902676
vt 0.86699766 0.53160304
vt 0.86156780 0.42774230
vt 0.85749030 0.48269624
vt 0.85675544 0.46314228
vt 0.91811574 0.43359554
vt 0.91671652 0.47011518
vt 0.92174721 0.48925573
vt 0.87622947 0.41599149
vt 0.85491371 0.43667227
vt 0.91928089 0.41735047
vt 0.91721058 0.40375185
vt 0.90239888 0.39411402
vt 0.88902551 0.54245710
vt 0.86425984 0.40496171
vt 0.85815209 0.41143262
vt 0.92150313 0.43136722
vt 0.91951436 0.45552790
vt 0.92032725 0.47429490
vt 0.89714658 0.54219460
vt 0.85606402 0.50659597
vt 0.87503499 0.53935117
vt 0.91746283 0.52920800
vt 0.85817826 0.52190143
vt 0.92458588 0.50758994
vt 0.92296726 0.51924831
vt 0.91090232 0.53606325
vt 0.92458588 0.42488909
vt 0.92213583 0.41170967
vt 0.85427070 0.41481423
vt 0.85214520 0.45336616
vt 0.85047948 0.43514168
vt 0.85296494 0.48017830
vt 0.24118258 0.94337755
vt 0.24542284 0.93372649
vt 0.24517681 0.95453900
vt 0.23896001 0.96063161
vt 0.23842907 0.92806351
vt 0.23769650 0.92071390
vt 0.23170103 0.91963118
vt 0.22536121 0.91053444
vt 0.21974993 0.91271573
vt 0.21254630 0.90490687
vt 0.19286540 0.96109641
vt 0.15312332 0.95336187
vt 0.17435557 0.92236584
vt 0.09200520 0.95248717
vt 0.12803027 0.97405750
vt 0.10503820 0.97038698
vt 0.10900158 0.91118896
vt 0.09007951 0.92861348
vt 0.20592251 0.92769599
vt 0.19337776 0.90520430
vt 0.20242026 0.90670478
vt 0.17655432 0.90776998
vt 0.15675285 0.90672088
vt 0.12979998 0.90869117
vt 0.14964251 0.97283679
vt 0.16391054 0.97160208
vt 0.19024579 0.97349572
vt 0.20759556 0.96816427
vt 0.22694568 0.96306616
vt 0.22604972 0.93256104
vt 0.08761988 0.93699032
vt 0.20386381 0.97400886
vt 0.11210297 0.97672194
vt 0.21909934 0.97181916
vt 0.09590334 0.96673334
vt 0.17453751 0.90536052
vt 0.11670130 0.90670627
vt 0.16630930 0.90641427
vt 0.14082649 0.90665704
vt 0.10416454 0.97363359
vt 0.23101898 0.96853352
vt 0.10555321 0.90968919
vt 0.09654824 0.91573960
vt 0.12306787 0.97786814
vt 0.08921946 0.95603615
vt 0.14545552 0.97533041
vt 0.17463790 0.97610694
vt 0.21009085 0.97557747
vt 0.16096452 0.97678822
vt 0.20122755 0.90191942
vt 0.19912133 0.97786814
vt 0.18205073 0.90108401
vt 0.15989049 0.90278631
vt 0.14499189 0.90292197
vt 0.12391725 0.90221214
vt 0.96442568 0.10269225
vt 0.97092450 0.09570223
vt 0.95665491 0.09911430
vt 0.96693414 0.08698690
vt 0.98336738 0.08734637
vt 0.98011178 0.07994580
vt 0.98997384 0.08529508
vt 0.95817989 0.11136693
vt 0.95161289 0.11631542
vt 0.95619529 0.12767816
vt 0.95387667 0.13985610
vt 0.96158630 0.14484102
vt 0.96164089 0.16718864
vt 0.96584338 0.15718323
vt 0.97162211 0.16985953
vt 0.96942174 0.17362344
vt 0.96942610 0.18010372
vt 0.98111123 0.18029797
vt 0.98237419 0.19064558
vt 0.98997384 0.18545401
vt 0.95960039 0.12753618
vt 0.95956600 0.12035906
vt 0.96132350 0.10996968
vt 0.97714180 0.19105691
vt 0.95317364 0.22383678
vt 0.94972777 0.23235130
vt 0.95552957 0.23369735
vt 0.94725370 0.21343714
vt 0.95245785 0.21490455
vt 0.95597208 0.20460701
vt 0.95597208 0.24112618
vt 0.95168006 0.24164408
vt 0.95532578 0.86434811
vt 0.94860351 0.85910887
vt 0.95688099 0.85449415
vt 0.95898467 0.86547542
vt 0.96605092 0.86551559
vt 0.96434420 0.85453564
vt 0.96904969 0.85230350
vt 0.94632363 0.85684741
vt 0.93876380 0.86477500
vt 0.96824992 0.87127370
vt 0.94972044 0.86799437
vt 0.93679166 0.87127370
vt 0.35415587 0.97692519
vt 0.34677032 0.97468346
vt 0.35055456 0.96979976
vt 0.36111951 0.97090471
vt 0.35880807 0.96719217
vt 0.34879163 0.95884192
vt 0.34149352 0.96897727
vt 0.36137751 0.95947629
vt 0.34101492 0.95776027
vt 0.35578355 0.94841599
vt 0.33970305 0.97879428
vt 0.35275331 0.98228997
vt 0.34655744 0.94019616
vt 0.35794786 0.94049847
vt 0.35103786 0.92931944
vt 0.34099263 0.93143827
vt 0.33930066 0.93838394
vt 0.32233515 0.93683487
vt 0.32183963 0.92726338
vt 0.29916462 0.93056959
vt 0.33521655 0.96856111
vt 0.32646108 0.97396177
vt 0.32864404 0.95057809
vt 0.33630747 0.95637119
vt 0.33004057 0.96084785
vt 0.30101621 0.94088292
vt 0.28920925 0.93975240
vt 0.32969514 0.98567808
vt 0.28880239 0.92779833
vt 0.31606424 0.98062664
vt 0.29223362 0.95408094
vt 0.28297132 0.95863259
vt 0.30129373 0.91824752
vt 0.28834087 0.97307605
vt 0.31377009 0.99436975
vt 0.30227524 0.98661351
vt 0.28155431 0.94372845
vt 0.30436558 0.97994375
vt 0.30158159 0.96118450
vt 0.29900521 0.97071737
vt 0.29204533 0.97721595
vt 0.30582726 0.96653616
vt 0.28419253 0.98243952
vt 0.27286002 0.97545868
vt 0.27403542 0.95619780
vt 0.30392715 0.99954832
vt 0.30390626 0.94990528
vt 0.29050463 0.99729526
vt 0.27319086 0.99301511
vt 0.32773960 0.95846844
vt 0.31120464 0.95322084
vt 0.32325280 0.95611060
vt 0.34220353 0.99059439
vt 0.26285964 0.98822975
vt 0.27324793 0.99954832
vt 0.26524237 0.97046834
vt 0.30797753 0.96279699
vt 0.31131810 0.96494651
vt 0.31824341 0.96984243
vt 0.41061738 0.70194775
vt 0.40758500 0.70932466
vt 0.41281605 0.71307307
vt 0.40803149 0.72193551
vt 0.41094112 0.72493225
vt 0.40940359 0.69819778
vt 0.41281605 0.68970191
vt 0.02488099 0.77114445
vt 0.03049799 0.76315171
vt 0.03415695 0.76600617
vt 0.02416014 0.77680928
vt 0.01693727 0.77846867
vt 0.03074121 0.75693136
vt 0.04331950 0.76520056
vt 0.03840035 0.75092262
vt 0.03970305 0.78352338
vt 0.02766864 0.78683311
vt 0.04344352 0.78906953
vt 0.04402790 0.77813762
vt 0.01264167 0.77986419
vt 0.01935989 0.78906953
vt 0.04235215 0.75249839
vt 0.03626345 0.74028909
vt 0.02480932 0.75003374
vt 0.98299915 0.80532974
vt 0.98299915 0.81436312
vt 0.97776806 0.80581576
vt 0.30810833 0.21799397
vt 0.34932134 0.24467599
vt 0.33176565 0.21252990
vt 0.35042185 0.22362840
vt 0.34850985 0.20099366
vt 0.30490166 0.25295323
vt 0.34916043 0.25971091
vt 0.35279071 0.25826108
vt 0.31955129 0.20203251
vt 0.30082503 0.20350379
vt 0.29644310 0.24325585
vt 0.29898310 0.21902055
vt 0.35789016 0.21281564
vt 0.35639691 0.23939395
vt 0.29424587 0.24020368
vt 0.35789016 0.25304866
vt 0.92869347 0.90105230
vt 0.90739024 0.88009560
vt 0.93101591 0.87365556
vt 0.91208130 0.93260813
vt 0.93061757 0.93209970
vt 0.94933254 0.93284875
vt 0.95088166 0.91991347
vt 0.95042241 0.87362939
vt 0.90900141 0.87308037
vt 0.93299353 0.93888235
vt 0.91315514 0.93893880
vt 0.93201727 0.96501392
vt 0.94512647 0.93908870
vt 0.91520602 0.96412480
vt 0.93227226 0.96858782
vt 0.91167486 0.96858329
vt 0.93148929 0.97375906
vt 0.91064590 0.97513777
vt 0.89850932 0.97207016
vt 0.89581519 0.97786814
vt 0.95422840 0.97187841
vt 0.94835895 0.97786814
vt 0.57730550 0.29722118
vt 0.59067130 0.27687442
vt 0.59067130 0.32471263
vt 0.57717150 0.32655823
vt 0.56451613 0.29281950
vt 0.52204651 0.97481579
vt 0.52931792 0.99422264
vt 0.54882300 0.97826213
vt 0.51768005 0.99593496
vt 0.51380306 0.97932941
vt 0.50072396 0.99541634
vt 0.50506580 0.97425473
vt 0.48256320 0.99593496
vt 0.90649593 0.10885978
vt 0.91848302 0.11454844
vt 0.91848302 0.07452571
vt 0.91011059 0.07656062
vt 0.89405030 0.09344423
vt 0.89187473 0.10992193
vt 0.89058411 0.11489707
vt 0.90331256 0.11634195
vt 0.91240436 0.11878955
vt 0.89273667 0.11844409
vt 0.19020906 0.75908542
vt 0.17153151 0.77913278
vt 0.16957280 0.75564587
vt 0.18661766 0.77913278
vt 0.20738797 0.76885307
vt 0.20898588 0.77861059
vt 0.22798605 0.77796096
vt 0.91673934 0.68066847
vt 0.89232779 0.68937379
vt 0.91667163 0.69834501
vt 0.89286619 0.69915777
vt 0.89505041 0.71021277
vt 0.91673934 0.71589881
vt 0.15911072 0.33197832
vt 0.17741935 0.33197832
vt 0.16413504 0.31210482
vt 0.28204012 0.19738030
vt 0.31255448 0.19738030
vt 0.28635770 0.18563688
vt 0.84514117 0.98509485
vt 0.84492224 0.99267620
vt 0.82083696 0.98849696
vt 0.82205886 0.99593496
vt 0.84793562 0.99593496
vt 0.85309505 0.98874551
vt 0.80601567 0.01400179
vt 0.80658674 0.00587171
vt 0.81996512 0.01400179
vt 0.81841522 0.00752926
vt 0.73278117 0.91824752
vt 0.72752506 0.90740740
vt 0.72231907 0.91824752
vt 0.48343503 0.32746160
vt 0.47994769 0.32508326
vt 0.48343503 0.31029809
vt 0.67295599 0.56664670
vt 0.68240404 0.58126462
vt 0.67631334 0.61555684
vt 0.68958861 0.54615033
vt 0.69755870 0.59610963
vt 0.68825054 0.57578278
vt 0.68540597 0.53616393
vt 0.69575244 0.62752211
vt 0.71435630 0.60300970
vt 0.73232979 0.62272376
vt 0.73239100 0.60618341
vt 0.67676014 0.63294828
vt 0.68905294 0.64033401
vt 0.66666555 0.60481340
vt 0.66581845 0.61361110
vt 0.69594580 0.55817914
vt 0.66414428 0.57321137
vt 0.66619205 0.56129652
vt 0.65228444 0.55542862
vt 0.65028292 0.57020497
vt 0.65405113 0.58724320
vt 0.70177454 0.59193695
vt 0.72207630 0.64381969
vt 0.66952729 0.53638762
vt 0.73617357 0.64607435
vt 0.69738197 0.64145482
vt 0.70206368 0.52912968
vt 0.71362847 0.51907223
vt 0.71229106 0.52475530
vt 0.70806557 0.52992159
vt 0.70106184 0.50573391
vt 0.67816359 0.50711793
vt 0.71302980 0.49894154
vt 0.70257944 0.48985142
vt 0.72218460 0.51690793
vt 0.70835507 0.64469117
vt 0.68450683 0.48834139
vt 0.67229354 0.62992829
vt 0.72180939 0.52895635
vt 0.73714036 0.65110135
vt 0.72531062 0.65098596
vt 0.73564970 0.65537488
vt 0.68930751 0.58258939
vt 0.63821727 0.56407654
vt 0.64316076 0.55458558
vt 0.64885759 0.54505348
vt 0.63596582 0.56187761
vt 0.63222140 0.58456677
vt 0.63070112 0.56821030
vt 0.62906313 0.57809842
vt 0.69387895 0.54455930
vt 0.71877801 0.60130560
vt 0.73432052 0.60192132
vt 0.66115612 0.55111277
vt 0.70511413 0.64826626
vt 0.71553665 0.64958537
vt 0.72420418 0.52390188
vt 0.72202694 0.49715197
vt 0.66241270 0.51537406
vt 0.65780240 0.50684148
vt 0.63402963 0.51673234
vt 0.63874114 0.50037879
vt 0.61837935 0.51211596
vt 0.60578924 0.49913812
vt 0.59392405 0.51570189
vt 0.64615649 0.48718607
vt 0.60722184 0.52037156
vt 0.61645186 0.48697782
vt 0.58742243 0.49166143
vt 0.58637083 0.51273108
vt 0.62855214 0.48464322
vt 0.59645927 0.48988771
vt 0.62400097 0.53665566
vt 0.59671873 0.53739518
vt 0.61166698 0.54870492
vt 0.59023088 0.54587632
vt 0.60697711 0.57792002
vt 0.62927759 0.56330085
vt 0.58954221 0.58239424
vt 0.59384686 0.59661400
vt 0.58461565 0.59255314
vt 0.61600739 0.59366536
vt 0.63021487 0.58904094
vt 0.63355213 0.59517282
vt 0.63073212 0.60104793
vt 0.63802272 0.60210508
vt 0.63613737 0.61700302
vt 0.60903621 0.60261226
vt 0.61614054 0.61940968
vt 0.62110341 0.63219655
vt 0.60394579 0.62610912
vt 0.63924092 0.63583153
vt 0.65050220 0.62305307
vt 0.65827733 0.63248527
vt 0.65722531 0.62001532
vt 0.65129256 0.61549854
vt 0.62777609 0.64639485
vt 0.64901954 0.65156132
vt 0.65294200 0.64935970
vt 0.66307926 0.64089417
vt 0.65386766 0.65537488
vt 0.62598234 0.64177054
vt 0.60024703 0.63675755
vt 0.58456844 0.58596319
vt 0.64288819 0.60931689
vt 0.59736693 0.60881901
vt 0.58614904 0.53380346
vt 0.59195054 0.52147669
vt 0.66203308 0.48681307
vt 0.63638175 0.58991796
vt 0.63521791 0.59557617
vt 0.65528411 0.60819566
vt 0.64535004 0.60286963
vt 0.61801487 0.64285499
vt 0.60774750 0.64861846
vt 0.61596549 0.64966512
vt 0.64537209 0.53468388
vt 0.63990492 0.55487174
vt 0.63394171 0.56360435
vt 0.64640915 0.60815573
vt 0.97776806 0.90265703
vt 0.98474282 0.90650409
vt 0.98474282 0.88663054
vt 0.04003992 0.94083107
vt 0.05448997 0.96341461
vt 0.02746295 0.96341461
vt 0.84786397 0.69421864
vt 0.85449356 0.68699187
vt 0.86617261 0.69421864
vt 0.68483001 0.18834686
vt 0.68047076 0.19922715
vt 0.68483001 0.20189703
vt 0.48099226 0.67971510
vt 0.48947406 0.67262131
vt 0.48486531 0.68765521
vt 0.46986815 0.68434358
vt 0.49523282 0.68023151
vt 0.49613360 0.68513650
vt 0.48216420 0.69375253
vt 0.47000039 0.69223964
vt 0.45902354 0.69387746
vt 0.46254244 0.68305904
vt 0.50348735 0.66989440
vt 0.48878497 0.69215685
vt 0.46577162 0.67054605
vt 0.50314939 0.68423438
vt 0.49089846 0.66079491
vt 0.46113205 0.66551888
vt 0.49999729 0.68735021
vt 0.48212463 0.69783199
vt 0.46446279 0.69783199
vt 0.82693982 0.10794944
vt 0.81909329 0.11279160
vt 0.82693982 0.12511289
vt 0.31884143 0.07867724
vt 0.31663027 0.10608995
vt 0.32180649 0.10709846
vt 0.32362995 0.07743740
vt 0.32836041 0.08697951
vt 0.32452908 0.10796839
vt 0.31026143 0.07887280
vt 0.30518147 0.10584861
vt 0.29888710 0.07773852
vt 0.29018191 0.10375386
vt 0.27858198 0.07586265
vt 0.30205896 0.07167518
vt 0.27652225 0.06930119
vt 0.27343589 0.10296535
vt 0.28076828 0.06007016
vt 0.30550092 0.06902504
vt 0.29823601 0.02595401
vt 0.27462336 0.02213937
vt 0.28397107 0.00828958
vt 0.26965979 0.01146197
vt 0.30834675 0.04091781
vt 0.32358146 0.06902099
vt 0.33007109 0.10186547
vt 0.33498338 0.09723914
vt 0.30868632 0.01081908
vt 0.31103158 0.07296282
vt 0.33549348 0.08734691
vt 0.33222112 0.08344495
vt 0.35624927 0.09047353
vt 0.35480198 0.09879953
vt 0.26547515 0.07437891
vt 0.32105389 0.03093910
vt 0.30245915 0.01000810
vt 0.32753536 0.07839102
vt 0.27247068 0.00708956
vt 0.36302847 0.08301324
vt 0.27217716 0.04121047
vt 0.34496540 0.06340587
vt 0.34421983 0.07432151
vt 0.34961236 0.05919439
vt 0.34673235 0.05444390
vt 0.35421181 0.04773915
vt 0.36104685 0.07518476
vt 0.34209296 0.04920536
vt 0.37292263 0.03511852
vt 0.37244293 0.06941271
vt 0.39373469 0.03408492
vt 0.39927098 0.02728295
vt 0.37072244 0.02174997
vt 0.39501679 0.04523635
vt 0.37926474 0.08542168
vt 0.40765962 0.05254525
vt 0.41445935 0.03177577
vt 0.43070546 0.03928202
vt 0.42771181 0.03395057
vt 0.42090055 0.06656200
vt 0.43332589 0.04641384
vt 0.43385524 0.08716774
vt 0.44616637 0.05096447
vt 0.47210112 0.05313551
vt 0.45273027 0.09514397
vt 0.42414534 0.09774470
vt 0.45288906 0.04413849
vt 0.41333088 0.02766645
vt 0.43402404 0.03678584
vt 0.44882593 0.10762000
vt 0.42561260 0.10443753
vt 0.41289791 0.09883130
vt 0.41031691 0.12422925
vt 0.39915082 0.12488669
vt 0.41191599 0.13234603
vt 0.39726299 0.12885940
vt 0.40210745 0.13389468
vt 0.39565361 0.13044703
vt 0.38209170 0.17274517
vt 0.37193471 0.13897002
vt 0.37471542 0.11741412
vt 0.35562834 0.12747926
vt 0.34057543 0.16843474
vt 0.34317321 0.12528265
vt 0.31606001 0.16765738
vt 0.31149110 0.13338119
vt 0.33622819 0.18407547
vt 0.34658176 0.19319081
vt 0.32885140 0.10612953
vt 0.29797608 0.15679103
vt 0.27895913 0.14267981
vt 0.35379434 0.10441411
vt 0.36244512 0.10972619
vt 0.31355989 0.17192566
vt 0.35710600 0.17361480
vt 0.38275430 0.11701614
vt 0.40920287 0.17177391
vt 0.41555306 0.15475005
vt 0.43404830 0.15556836
vt 0.42504048 0.20107704
vt 0.42982334 0.14370084
vt 0.44406044 0.14745492
vt 0.40374783 0.19824243
vt 0.41030374 0.20929843
vt 0.39918754 0.21314502
vt 0.40725654 0.22730047
vt 0.38925263 0.21047503
vt 0.39387321 0.21762574
vt 0.41279113 0.21888489
vt 0.42171478 0.21315205
vt 0.38644168 0.23216224
vt 0.42615485 0.24154973
vt 0.43853700 0.24292803
vt 0.43142140 0.20774460
vt 0.37770972 0.22242773
vt 0.37896389 0.23856401
vt 0.37099975 0.21794462
vt 0.37550512 0.21231532
vt 0.43684816 0.26045400
vt 0.42433518 0.26275027
vt 0.44975635 0.25076282
vt 0.44668135 0.23200560
vt 0.45214790 0.26834518
vt 0.43805236 0.27102947
vt 0.42606968 0.12900507
vt 0.44732803 0.14563060
vt 0.41628867 0.13935572
vt 0.39884347 0.22806013
vt 0.40940973 0.22832799
vt 0.42587861 0.20437026
vt 0.40758142 0.09173167
vt 0.36119324 0.02773184
vt 0.36738786 0.02104211
vt 0.36111289 0.02023774
vt 0.36636192 0.08013612
vt 0.36790213 0.08751667
vt 0.37582910 0.09086931
vt 0.39941373 0.02335989
vt 0.33821031 0.01533616
vt 0.32286161 0.00885326
vt 0.36079076 0.20109856
vt 0.34803012 0.19805449
vt 0.30586454 0.00677508
vt 0.40977940 0.25982904
vt 0.43659690 0.10990983
vt 0.38819802 0.09299499
vt 0.33871618 0.02791989
vt 0.36160010 0.10757577
vt 0.36132342 0.07844824
vt 0.36412802 0.07986403
vt 0.45128459 0.11614853
vt 0.42226973 0.27135301
vt 0.34197447 0.02079749
vt 0.44300967 0.28159547
vt 0.45547333 0.27967906
vt 0.45951959 0.30345362
vt 0.44784036 0.30811155
vt 0.47210112 0.29752499
vt 0.40917027 0.27361417
vt 0.41843578 0.28930825
vt 0.39717361 0.25093758
vt 0.32723513 0.07491243
vt 0.37733045 0.18539530
vt 0.43416801 0.28909063
vt 0.43899289 0.13973147
vt 0.45326537 0.14758146
vt 0.38799444 0.23322761
vt 0.34589207 0.01734138
vt 0.36959738 0.19920176
vt 0.44105729 0.30943817
vt 0.42283940 0.30970025
vt 0.42376226 0.31662154
vt 0.42743528 0.13933706
vt 0.40459916 0.09590346
vt 0.39510581 0.24145472
vt 0.32348716 0.07063168
vt 0.40329763 0.23772323
vt 0.37287271 0.11235803
vt 0.08865917 0.87897778
vt 0.10579112 0.85492158
vt 0.11372611 0.85490459
vt 0.09057105 0.88588816
vt 0.09930705 0.85427743
vt 0.10714813 0.87348604
vt 0.08734965 0.87030602
vt 0.09751409 0.89112127
vt 0.12022930 0.88138819
vt 0.11637148 0.85489804
vt 0.13620162 0.86793059
vt 0.14797221 0.89566398
vt 0.17999770 0.88669991
vt 0.18597953 0.86897629
vt 0.14646819 0.84859103
vt 0.12349506 0.83972192
vt 0.07222391 0.87047535
vt 0.17592941 0.85346675
vt 0.20240782 0.85285199
vt 0.18192403 0.84499902
vt 0.15303604 0.83333659
vt 0.18837680 0.87679875
vt 0.20353775 0.84938788
vt 0.20946193 0.82698315
vt 0.22021818 0.82843852
vt 0.08982161 0.88713837
vt 0.21624945 0.81939393
vt 0.22537053 0.81961662
vt 0.17987843 0.82710052
vt 0.15111244 0.81233430
vt 0.13081491 0.82069159
vt 0.13711169 0.80894309
vt 0.06802031 0.86980414
vt 0.06366274 0.87059140
vt 0.08142127 0.83555925
vt 0.06124289 0.86580503
vt 0.05797733 0.87009674
vt 0.05908047 0.87737298
vt 0.12688699 0.82963020
vt 0.08176079 0.89566398
vt 0.76852661 0.52000231
vt 0.76852661 0.49096656
vt 0.75463438 0.49644649
vt 0.75108981 0.52619696
vt 0.37009591 0.43638802
vt 0.37707061 0.44489610
vt 0.37707061 0.43134594
vt 0.99186504 0.64830858
vt 0.99694854 0.66079491
vt 0.99694854 0.63008130
vt 0.98387098 0.64075315
vt 0.33173496 0.46476966
vt 0.33173496 0.44399273
vt 0.32214472 0.45520639
vt 0.59241498 0.26874435
vt 0.59241498 0.24490035
vt 0.58718395 0.26037997
vt 0.58886516 0.24435413
vt 0.91760033 0.56373978
vt 0.92495006 0.57136405
vt 0.91601115 0.56980723
vt 0.90541625 0.55939174
vt 0.91409272 0.55868161
vt 0.90256011 0.56825513
vt 0.89494336 0.56498206
vt 0.92400551 0.55790299
vt 0.92952871 0.56762075
vt 0.89510679 0.55251384
vt 0.91695046 0.55147147
vt 0.92777056 0.55306023
vt 0.90268290 0.55369163
vt 0.94191611 0.57136405
vt 0.94121885 0.56370854
vt 0.94775456 0.56467837
vt 0.95380807 0.55932432
vt 0.95684391 0.56815022
vt 0.94305384 0.54872143
vt 0.94555843 0.53927070
vt 0.93154162 0.53703701
vt 0.93030018 0.54745382
vt 0.93170786 0.56538945
vt 0.90838897 0.54517537
vt 0.91157383 0.54160666
vt 0.86094159 0.33416355
vt 0.86878812 0.34733510
vt 0.86878812 0.32565492
vt 0.77550131 0.16847336
vt 0.74934614 0.16847336
vt 0.75970590 0.16214997
f 1239/1239 1258/1258 1246/1246
f 1261/1261 1239/1239 1260/1260
f 1259/1259 1239/1239 1261/1261
f 1258/1258 1239/1239 1259/1259
f 1257/1257 1246/1246 1258/1258
f 1239/1239 1245/1245 1260/1260
f 1241/1241 1245/1245 1239/1239
f 1239/1239 1240/1240 1241/1241
f 1246/1246 1240/1240 1239/1239
f 1249/1249 1247/1247 1246/1246
f 1245/1245 1241/1241 1244/1244
f 1247/1247 1240/1240 1246/1246
f 1261/1261 1287/1287 1259/1259
f 1281/1281 1261/1261 1260/1260
f 1245/1245 1255/1255 1260/1260
f 1256/1256 1246/1246 1257/1257
f 1245/1245 1253/1253 1255/1255
f 1246/1246 1256/1256 1249/1249
f 1245/1245 1244/1244 1253/1253
f 1249/1249 1250/1250 1247/1247
f 1241/1241 1243/1243 1244/1244
f 1240/1240 1242/1242 1241/1241
f 1287/1287 1288/1288 1259/1259
f 1261/1261 1281/1281 1287/1287
f 1258/1258 1259/1259 1288/1288
f 1284/1284 1258/1258 1288/1288
f 1258/1258 1283/1283 1257/1257
f 1260/1260 1255/1255 1276/1276
f 1265/1265 1256/1256 1271/1271
f 1262/1262 1255/1255 1253/1253
f 1249/1249 1256/1256 1265/1265
f 1241/1241 1242/1242 1243/1243
f 1242/1242 1240/1240 1247/1247
f 1247/1247 1248/1248 1242/1242
f 705/705 673/673 685/685
f 678/678 685/685 673/673
f 703/703 678/678 670/670
f 1258/1258 1284/1284 1283/1283
f 1281/1281 1260/1260 1276/1276
f 1255/1255 1280/1280 1276/1276
f 1271/1271 1257/1257 1283/1283
f 1257/1257 1271/1271 1256/1256
f 1265/1265 1250/1250 1249/1249
f 1253/1253 1244/1244 1254/1254
f 1244/1244 1251/1251 1254/1254
f 1244/1244 1243/1243 1251/1251
f 1252/1252 1251/1251 1243/1243
f 1243/1243 1242/1242 1252/1252
f 1242/1242 1248/1248 1279/1279
f 1242/1242 1279/1279 1252/1252
f 670/670 676/676 703/703
f 684/684 656/656 705/705
f 656/656 673/673 705/705
f 678/678 673/673 657/657
f 670/670 678/678 657/657
f 1283/1283 1284/1284 1291/1291
f 1281/1281 1276/1276 1289/1289
f 1271/1271 1283/1283 1272/1272
f 1255/1255 1262/1262 1280/1280
f 1272/1272 1270/1270 1271/1271
f 1266/1266 1271/1271 1270/1270
f 1271/1271 1266/1266 1265/1265
f 1253/1253 1278/1278 1262/1262
f 1263/1263 1278/1278 1253/1253
f 1250/1250 1265/1265 1266/1266
f 1254/1254 1263/1263 1253/1253
f 1277/1277 1263/1263 1254/1254
f 1266/1266 1267/1267 1250/1250
f 1277/1277 1254/1254 1251/1251
f 1248/1248 1247/1247 1264/1264
f 1264/1264 1247/1247 1250/1250
f 1468/1468 1487/1487 1491/1491
f 1469/1469 1472/1472 1489/1489
f 1474/1474 1469/1469 1489/1489
f 1491/1491 1471/1471 1468/1468
f 1482/1482 1471/1471 1491/1491
f 1467/1467 1482/1482 1472/1472
f 1467/1467 1471/1471 1482/1482
f 673/673 655/655 657/657
f 1291/1291 1272/1272 1283/1283
f 1289/1289 1276/1276 1280/1280
f 1270/1270 1272/1272 1273/1273
f 1274/1274 1270/1270 1273/1273
f 1280/1280 1262/1262 1282/1282
f 1285/1285 1282/1282 1262/1262
f 1269/1269 1266/1266 1270/1270
f 1278/1278 1285/1285 1262/1262
f 1268/1268 1266/1266 1269/1269
f 1267/1267 1266/1266 1268/1268
f 1264/1264 1250/1250 1267/1267
f 673/673 656/656 655/655
f 670/670 657/657 669/669
f 1292/1292 1274/1274 1273/1273
f 1275/1275 1270/1270 1274/1274
f 1269/1269 1270/1270 1275/1275
f 1285/1285 1286/1286 1282/1282
f 1278/1278 1263/1263 1293/1293
f 1487/1487 1483/1483 1497/1497
f 1487/1487 1468/1468 1483/1483
f 1468/1468 1471/1471 1460/1460
f 1472/1472 1458/1458 1467/1467
f 1469/1469 1458/1458 1472/1472
f 1291/1291 1290/1290 1272/1272
f 676/676 670/670 672/672
f 1273/1273 1272/1272 1290/1290
f 656/656 684/684 658/658
f 684/684 701/701 658/658
f 701/701 684/684 716/716
f 3486/3486 3485/3485 3484/3484
f 1974/1974 1947/1947 1968/1968
f 3486/3486 3484/3484 3487/3487
f 3489/3489 3490/3490 3487/3487
f 1949/1949 1940/1940 1941/1941
f 1949/1949 1944/1944 1940/1940
f 1497/1497 1483/1483 1498/1498
f 1474/1474 1499/1499 1464/1464
f 1467/1467 1460/1460 1471/1471
f 676/676 672/672 687/687
f 687/687 690/690 676/676
f 1290/1290 1292/1292 1273/1273
f 670/670 669/669 672/672
f 3484/3484 3488/3488 3487/3487
f 3488/3488 3489/3489 3487/3487
f 3504/3504 3490/3490 3491/3491
f 1499/1499 1470/1470 1464/1464
f 1474/1474 1459/1459 1469/1469
f 1464/1464 1459/1459 1474/1474
f 1458/1458 1469/1469 1459/1459
f 655/655 652/652 654/654
f 657/657 655/655 654/654
f 1946/1946 1968/1968 1947/1947
f 1941/1941 1940/1940 1936/1936
f 1940/1940 1944/1944 1942/1942
f 1942/1942 1944/1944 1948/1948
f 1483/1483 1481/1481 1498/1498
f 3500/3500 3504/3504 3491/3491
f 1268/1268 1294/1294 1267/1267
f 1483/1483 1468/1468 1463/1463
f 1468/1468 1460/1460 1463/1463
f 1467/1467 1458/1458 1460/1460
f 690/690 689/689 710/710
f 687/687 672/672 688/688
f 710/710 689/689 715/715
f 656/656 658/658 652/652
f 655/655 656/656 652/652
f 669/669 657/657 668/668
f 3481/3481 3484/3484 3485/3485
f 701/701 686/686 658/658
f 1947/1947 1941/1941 1946/1946
f 3490/3490 3489/3489 3491/3491
f 1965/1965 1942/1942 1948/1948
f 690/690 687/687 689/689
f 677/677 672/672 669/669
f 686/686 701/701 708/708
f 1968/1968 1946/1946 1973/1973
f 1946/1946 1941/1941 1939/1939
f 1483/1483 1463/1463 1481/1481
f 1464/1464 1456/1456 1459/1459
f 1464/1464 1470/1470 1456/1456
f 1460/1460 1447/1447 1463/1463
f 687/687 688/688 689/689
f 692/692 715/715 689/689
f 654/654 659/659 657/657
f 688/688 672/672 677/677
f 669/669 671/671 677/677
f 3488/3488 3494/3494 3489/3489
f 3491/3491 3489/3489 3497/3497
f 1940/1940 1942/1942 1938/1938
f 1459/1459 1456/1456 1451/1451
f 657/657 659/659 668/668
f 4059/4059 4056/4056 4058/4058
f 3484/3484 3481/3481 3480/3480
f 3484/3484 3480/3480 3488/3488
f 3488/3488 3495/3495 3494/3494
f 1941/1941 1936/1936 1939/1939
f 3497/3497 3489/3489 3494/3494
f 1940/1940 1938/1938 1936/1936
f 3497/3497 3498/3498 3491/3491
f 3498/3498 3500/3500 3491/3491
f 1459/1459 1451/1451 1458/1458
f 689/689 688/688 691/691
f 4060/4060 4059/4059 4058/4058
f 674/674 652/652 658/658
f 654/654 652/652 653/653
f 3477/3477 3481/3481 3479/3479
f 4054/4054 4056/4056 4055/4055
f 3480/3480 3481/3481 3477/3477
f 3480/3480 3495/3495 3488/3488
f 3500/3500 3498/3498 3508/3508
f 1480/1480 1481/1481 1463/1463
f 1470/1470 1465/1465 1456/1456
f 1451/1451 1448/1448 1458/1458
f 691/691 692/692 689/689
f 652/652 651/651 653/653
f 654/654 653/653 659/659
f 669/669 668/668 671/671
f 4056/4056 4057/4057 4055/4055
f 4058/4058 4056/4056 4054/4054
f 3494/3494 3495/3495 3521/3521
f 3494/3494 3521/3521 3523/3523
f 4068/4068 4069/4069 4070/4070
f 3523/3523 3497/3497 3494/3494
f 1966/1966 1942/1942 1965/1965
f 1463/1463 1447/1447 1461/1461
f 4058/4058 4061/4061 4060/4060
f 3476/3476 3477/3477 3479/3479
f 3477/3477 3476/3476 3474/3474
f 3478/3478 3477/3477 3474/3474
f 4061/4061 4058/4058 4062/4062
f 4054/4054 4055/4055 4053/4053
f 4054/4054 4053/4053 4048/4048
f 4054/4054 4062/4062 4058/4058
f 3480/3480 3477/3477 3478/3478
f 4062/4062 4054/4054 4048/4048
f 3495/3495 3480/3480 3496/3496
f 3495/3495 3496/3496 3521/3521
f 1939/1939 1936/1936 1937/1937
f 4043/4043 4049/4049 4052/4052
f 3522/3522 3518/3518 3497/3497
f 3497/3497 3502/3502 3498/3498
f 1945/1945 1942/1942 1966/1966
f 1463/1463 1461/1461 1480/1480
f 1458/1458 1447/1447 1460/1460
f 691/691 711/711 699/699
f 699/699 692/692 691/691
f 714/714 692/692 699/699
f 698/698 714/714 699/699
f 691/691 723/723 711/711
f 4065/4065 4066/4066 4067/4067
f 3478/3478 3492/3492 3480/3480
f 3480/3480 3492/3492 3496/3496
f 4047/4047 4062/4062 4040/4040
f 3533/3533 3534/3534 3535/3535
f 4050/4050 4047/4047 4044/4044
f 4050/4050 4063/4063 4064/4064
f 4048/4048 4040/4040 4062/4062
f 4044/4044 4047/4047 4040/4040
f 4063/4063 4050/4050 4044/4044
f 4052/4052 4063/4063 4044/4044
f 4040/4040 4043/4043 4044/4044
f 4052/4052 4044/4044 4043/4043
f 3502/3502 3497/3497 3518/3518
f 1942/1942 1945/1945 1938/1938
f 3508/3508 3498/3498 3503/3503
f 1456/1456 1465/1465 1457/1457
f 1458/1458 1448/1448 1447/1447
f 699/699 696/696 698/698
f 696/696 699/699 711/711
f 3476/3476 3475/3475 3474/3474
f 3475/3475 3472/3472 3474/3474
f 725/725 711/711 723/723
f 3472/3472 3473/3473 3474/3474
f 668/668 659/659 667/667
f 671/671 668/668 667/667
f 3473/3473 3478/3478 3474/3474
f 694/694 671/671 667/667
f 694/694 667/667 717/717
f 3651/3651 3652/3652 3653/3653
f 3478/3478 3482/3482 3492/3492
f 4062/4062 4047/4047 4051/4051
f 4053/4053 4041/4041 4048/4048
f 4050/4050 4051/4051 4047/4047
f 3532/3532 3531/3531 3536/3536
f 3531/3531 3532/3532 3533/3533
f 3532/3532 3534/3534 3533/3533
f 4041/4041 4040/4040 4048/4048
f 4040/4040 4041/4041 4042/4042
f 4043/4043 4040/4040 4042/4042
f 3502/3502 3518/3518 3510/3510
f 3502/3502 3503/3503 3498/3498
f 696/696 697/697 698/698
f 697/697 709/709 698/698
f 658/658 686/686 674/674
f 3473/3473 3482/3482 3478/3478
f 667/667 681/681 717/717
f 3789/3789 3795/3795 3798/3798
f 681/681 721/721 717/717
f 1970/1970 1973/1973 1946/1946
f 3805/3805 3806/3806 3807/3807
f 3531/3531 3537/3537 3536/3536
f 3793/3793 3792/3792 3803/3803
f 3804/3804 3793/3793 3803/3803
f 3492/3492 3493/3493 3496/3496
f 3787/3787 3800/3800 3796/3796
f 3493/3493 3530/3530 3496/3496
f 3797/3797 3803/3803 3792/3792
f 4043/4043 4042/4042 4045/4045
f 4046/4046 4043/4043 4045/4045
f 4046/4046 4049/4049 4043/4043
f 696/696 711/711 693/693
f 667/667 659/659 663/663
f 711/711 702/702 693/693
f 3801/3801 3798/3798 3795/3795
f 3795/3795 3789/3789 3794/3794
f 3789/3789 3793/3793 3794/3794
f 3789/3789 3786/3786 3788/3788
f 3789/3789 3792/3792 3793/3793
f 3788/3788 3792/3792 3789/3789
f 3786/3786 3787/3787 3788/3788
f 3787/3787 3790/3790 3788/3788
f 3796/3796 3790/3790 3787/3787
f 3797/3797 3792/3792 3788/3788
f 3797/3797 3791/3791 3802/3802
f 1466/1466 1480/1480 1461/1461
f 1447/1447 1445/1445 1461/1461
f 713/713 709/709 697/697
f 3483/3483 3473/3473 3472/3472
f 3483/3483 3482/3482 3473/3473
f 3482/3482 3493/3493 3492/3492
f 3788/3788 3791/3791 3797/3797
f 3788/3788 3790/3790 3791/3791
f 3790/3790 3799/3799 3791/3791
f 3796/3796 3799/3799 3790/3790
f 3528/3528 3513/3513 3510/3510
f 1938/1938 1945/1945 1933/1933
f 3508/3508 3503/3503 3516/3516
f 1456/1456 1457/1457 1452/1452
f 666/666 693/693 702/702
f 681/681 667/667 663/663
f 702/702 681/681 663/663
f 666/666 702/702 663/663
f 648/648 674/674 686/686
f 1970/1970 1946/1946 1939/1939
f 3529/3529 3513/3513 3528/3528
f 3509/3509 3513/3513 3530/3530
f 1933/1933 1936/1936 1938/1938
f 1451/1451 1456/1456 1452/1452
f 1451/1451 1450/1450 1448/1448
f 696/696 695/695 697/697
f 697/697 695/695 700/700
f 713/713 697/697 700/700
f 696/696 693/693 695/695
f 3482/3482 3483/3483 3524/3524
f 704/704 686/686 708/708
f 3493/3493 3482/3482 3499/3499
f 3501/3501 3493/3493 3499/3499
f 3501/3501 3530/3530 3493/3493
f 3513/3513 3511/3511 3510/3510
f 3505/3505 3510/3510 3511/3511
f 3505/3505 3502/3502 3510/3510
f 3505/3505 3503/3503 3502/3502
f 1493/1493 1480/1480 1479/1479
f 1455/1455 1452/1452 1457/1457
f 1451/1451 1452/1452 1450/1450
f 2473/2473 2479/2479 2475/2475
f 674/674 649/649 652/652
f 651/651 652/652 649/649
f 663/663 659/659 662/662
f 666/666 663/663 665/665
f 674/674 648/648 649/649
f 648/648 686/686 704/704
f 3530/3530 3501/3501 3509/3509
f 1936/1936 1933/1933 1932/1932
f 3513/3513 3509/3509 3511/3511
f 1480/1480 1466/1466 1479/1479
f 1447/1447 1448/1448 1446/1446
f 675/675 695/695 693/693
f 2473/2473 2475/2475 2474/2474
f 666/666 665/665 675/675
f 666/666 675/675 693/693
f 659/659 653/653 662/662
f 663/663 662/662 664/664
f 663/663 664/664 665/665
f 3482/3482 3524/3524 3499/3499
f 1939/1939 1937/1937 1970/1970
f 1937/1937 1936/1936 1932/1932
f 3509/3509 3512/3512 3511/3511
f 3511/3511 3512/3512 3505/3505
f 3505/3505 3515/3515 3503/3503
f 1445/1445 1466/1466 1461/1461
f 1447/1447 1446/1446 1445/1445
f 1448/1448 1450/1450 1449/1449
f 2473/2473 2474/2474 2472/2472
f 2473/2473 2472/2472 2468/2468
f 2481/2481 2473/2473 2468/2468
f 1970/1970 1937/1937 1950/1950
f 1937/1937 1932/1932 1935/1935
f 3503/3503 3515/3515 3516/3516
f 3515/3515 3527/3527 3516/3516
f 1452/1452 1453/1453 1450/1450
f 1452/1452 1455/1455 1453/1453
f 1448/1448 1449/1449 1446/1446
f 2476/2476 2472/2472 2474/2474
f 653/653 660/660 662/662
f 3499/3499 3506/3506 3501/3501
f 3505/3505 3512/3512 3514/3514
f 653/653 651/651 660/660
f 665/665 664/664 682/682
f 665/665 682/682 683/683
f 675/675 665/665 683/683
f 707/707 648/648 704/704
f 2467/2467 2481/2481 2468/2468
f 3507/3507 3509/3509 3501/3501
f 3509/3509 3507/3507 3512/3512
f 2480/2480 2477/2477 2478/2478
f 2478/2478 2466/2466 2476/2476
f 662/662 680/680 664/664
f 2476/2476 2466/2466 2472/2472
f 3501/3501 3506/3506 3507/3507
f 3505/3505 3514/3514 3515/3515
f 3525/3525 3527/3527 3515/3515
f 1450/1450 1453/1453 1454/1454
f 662/662 679/679 680/680
f 682/682 664/664 680/680
f 2477/2477 2466/2466 2478/2478
f 1970/1970 1950/1950 1971/1971
f 3514/3514 3512/3512 3507/3507
f 1934/1934 1933/1933 1943/1943
f 1933/1933 1945/1945 1943/1943
f 3520/3520 3515/3515 3514/3514
f 1453/1453 1455/1455 1484/1484
f 651/651 649/649 650/650
f 651/651 650/650 660/660
f 662/662 660/660 661/661
f 662/662 661/661 679/679
f 2466/2466 2468/2468 2472/2472
f 3517/3517 3507/3507 3506/3506
f 3507/3507 3517/3517 3519/3519
f 3519/3519 3514/3514 3507/3507
f 1494/1494 1479/1479 1478/1478
f 1462/1462 1453/1453 1484/1484
f 1441/1441 1466/1466 1445/1445
f 1449/1449 1450/1450 1454/1454
f 682/682 680/680 712/712
f 2463/2463 2468/2468 2466/2466
f 2467/2467 2468/2468 2463/2463
f 2462/2462 2467/2467 2463/2463
f 1932/1932 1933/1933 1934/1934
f 3519/3519 3520/3520 3514/3514
f 1952/1952 1943/1943 1945/1945
f 1479/1479 1494/1494 1493/1493
f 3515/3515 3520/3520 3525/3525
f 1479/1479 1466/1466 1441/1441
f 1453/1453 1462/1462 1454/1454
f 1439/1439 1441/1441 1445/1445
f 1445/1445 1446/1446 1439/1439
f 649/649 646/646 650/650
f 646/646 649/649 648/648
f 648/648 707/707 647/647
f 2464/2464 2480/2480 2465/2465
f 2477/2477 2480/2480 2464/2464
f 2464/2464 2466/2466 2477/2477
f 1950/1950 1937/1937 1935/1935
f 2457/2457 2462/2462 2463/2463
f 1935/1935 1932/1932 1934/1934
f 1441/1441 1478/1478 1479/1479
f 1462/1462 1486/1486 1454/1454
f 660/660 650/650 661/661
f 2464/2464 2463/2463 2466/2466
f 2464/2464 2457/2457 2463/2463
f 1935/1935 1951/1951 1950/1950
f 2457/2457 2456/2456 2462/2462
f 2462/2462 2456/2456 2461/2461
f 3519/3519 3526/3526 3520/3520
f 2458/2458 2453/2453 2470/2470
f 3520/3520 3526/3526 3525/3525
f 2470/2470 2453/2453 2482/2482
f 1446/1446 1438/1438 1439/1439
f 1449/1449 1438/1438 1446/1446
f 648/648 647/647 646/646
f 1951/1951 1971/1971 1950/1950
f 2464/2464 2465/2465 2459/2459
f 2459/2459 2457/2457 2464/2464
f 2459/2459 2455/2455 2457/2457
f 2457/2457 2455/2455 2456/2456
f 2456/2456 2455/2455 2454/2454
f 2456/2456 2454/2454 2461/2461
f 2461/2461 2454/2454 2458/2458
f 2458/2458 2454/2454 2452/2452
f 2458/2458 2452/2452 2453/2453
f 2452/2452 2451/2451 2453/2453
f 2453/2453 2451/2451 2482/2482
f 1441/1441 1440/1440 1478/1478
f 1440/1440 1441/1441 1439/1439
f 1449/1449 1437/1437 1438/1438
f 1490/1490 1454/1454 1486/1486
f 632/632 638/638 646/646
f 646/646 638/638 650/650
f 650/650 638/638 661/661
f 638/638 637/637 661/661
f 646/646 647/647 632/632
f 661/661 637/637 679/679
f 680/680 679/679 706/706
f 712/712 680/680 706/706
f 2459/2459 2465/2465 2460/2460
f 1951/1951 1935/1935 1960/1960
f 2459/2459 2460/2460 2450/2450
f 2455/2455 2459/2459 2450/2450
f 2452/2452 2450/2450 2449/2449
f 2455/2455 2450/2450 2454/2454
f 2454/2454 2450/2450 2452/2452
f 2447/2447 2451/2451 2448/2448
f 2452/2452 2448/2448 2451/2451
f 1449/1449 1443/1443 1437/1437
f 1443/1443 1449/1449 1454/1454
f 1490/1490 1443/1443 1454/1454
f 1439/1439 1436/1436 1440/1440
f 1438/1438 1436/1436 1439/1439
f 1438/1438 1437/1437 1436/1436
f 641/641 632/632 647/647
f 679/679 637/637 634/634
f 641/641 647/647 707/707
f 679/679 634/634 706/706
f 1971/1971 1951/1951 1964/1964
f 1951/1951 1960/1960 1964/1964
f 2465/2465 2471/2471 2460/2460
f 2450/2450 2460/2460 2442/2442
f 1960/1960 1935/1935 1953/1953
f 2450/2450 2442/2442 2449/2449
f 1934/1934 1953/1953 1935/1935
f 2449/2449 2442/2442 2441/2441
f 2452/2452 2449/2449 2448/2448
f 2449/2449 2441/2441 2448/2448
f 2448/2448 2441/2441 2445/2445
f 2448/2448 2445/2445 2447/2447
f 1952/1952 1962/1962 1943/1943
f 1478/1478 1488/1488 1494/1494
f 2446/2446 2447/2447 2445/2445
f 1443/1443 1496/1496 1442/1442
f 1496/1496 1443/1443 1490/1490
f 1478/1478 1477/1477 1488/1488
f 1478/1478 1440/1440 1434/1434
f 1443/1443 1442/1442 1437/1437
f 1436/1436 1429/1429 1440/1440
f 1437/1437 1430/1430 1436/1436
f 638/638 632/632 624/624
f 637/637 638/638 627/627
f 638/638 624/624 627/627
f 634/634 645/645 706/706
f 641/641 718/718 642/642
f 641/641 707/707 718/718
f 2469/2469 2460/2460 2471/2471
f 2460/2460 2469/2469 2442/2442
f 2443/2443 2442/2442 2469/2469
f 1954/1954 1953/1953 1934/1934
f 2441/2441 2442/2442 2443/2443
f 2441/2441 2443/2443 2444/2444
f 1934/1934 1943/1943 1954/1954
f 2441/2441 2444/2444 2445/2445
f 1962/1962 1954/1954 1943/1943
f 2445/2445 2444/2444 2446/2446
f 1478/1478 1434/1434 1477/1477
f 1435/1435 1437/1437 1442/1442
f 1434/1434 1440/1440 1429/1429
f 1437/1437 1435/1435 1430/1430
f 1436/1436 1430/1430 1429/1429
f 624/624 632/632 625/625
f 637/637 627/627 634/634
f 641/641 631/631 632/632
f 720/720 706/706 645/645
f 1964/1964 1959/1959 1969/1969
f 720/720 722/722 706/706
f 1960/1960 1959/1959 1964/1964
f 1960/1960 1953/1953 1959/1959
f 627/627 624/624 626/626
f 632/632 631/631 625/625
f 641/641 642/642 631/631
f 2484/2484 2488/2488 2443/2443
f 2443/2443 2488/2488 2444/2444
f 1496/1496 1503/1503 1502/1502
f 1502/1502 1495/1495 1496/1496
f 1496/1496 1495/1495 1442/1442
f 624/624 625/625 626/626
f 627/627 626/626 628/628
f 634/634 627/627 633/633
f 642/642 639/639 631/631
f 1959/1959 1953/1953 1956/1956
f 2469/2469 2483/2483 2443/2443
f 1957/1957 1954/1954 1962/1962
f 625/625 631/631 629/629
f 633/633 645/645 634/634
f 642/642 643/643 639/639
f 1959/1959 1961/1961 1969/1969
f 1959/1959 1956/1956 1961/1961
f 2483/2483 2484/2484 2443/2443
f 1969/1969 1961/1961 1972/1972
f 1955/1955 1954/1954 1957/1957
f 1477/1477 1434/1434 1475/1475
f 1429/1429 1433/1433 1434/1434
f 1429/1429 1431/1431 1433/1433
f 1429/1429 1430/1430 1431/1431
f 633/633 627/627 628/628
f 2483/2483 2485/2485 2484/2484
f 2484/2484 2489/2489 2488/2488
f 1504/1504 1495/1495 1502/1502
f 1957/1957 1962/1962 1967/1967
f 1442/1442 1495/1495 1444/1444
f 1488/1488 1477/1477 1485/1485
f 1435/1435 1442/1442 1444/1444
f 1435/1435 1432/1432 1430/1430
f 625/625 629/629 626/626
f 645/645 633/633 644/644
f 720/720 645/645 644/644
f 724/724 722/722 720/720
f 1955/1955 1956/1956 1953/1953
f 1953/1953 1954/1954 1955/1955
f 1485/1485 1477/1477 1475/1475
f 1434/1434 1433/1433 1475/1475
f 1430/1430 1432/1432 1431/1431
f 631/631 639/639 629/629
f 3269/3269 3290/3290 3291/3291
f 1432/1432 1435/1435 1444/1444
f 626/626 629/629 630/630
f 626/626 630/630 628/628
f 633/633 628/628 635/635
f 2487/2487 2486/2486 2483/2483
f 2485/2485 2483/2483 2486/2486
f 1956/1956 1955/1955 1958/1958
f 3284/3284 3269/3269 3291/3291
f 1504/1504 1501/1501 1495/1495
f 1495/1495 1501/1501 1444/1444
f 630/630 636/636 628/628
f 635/635 628/628 636/636
f 639/639 640/640 629/629
f 630/630 629/629 640/640
f 639/639 643/643 640/640
f 640/640 643/643 719/719
f 3289/3289 3272/3272 3270/3270
f 1961/1961 1956/1956 1958/1958
f 1958/1958 1955/1955 1963/1963
f 3265/3265 3290/3290 3269/3269
f 1955/1955 1957/1957 1963/1963
f 1957/1957 1975/1975 1963/1963
f 1957/1957 1967/1967 1975/1975
f 1485/1485 1475/1475 1500/1500
f 3265/3265 3263/3263 3283/3283
f 1433/1433 1473/1473 1475/1475
f 1432/1432 1492/1492 1431/1431
f 1492/1492 1432/1432 1476/1476
f 1444/1444 1476/1476 1432/1432
f 1473/1473 1433/1433 1431/1431
f 3273/3273 3274/3274 3275/3275
f 3248/3248 3249/3249 3273/3273
f 3274/3274 3273/3273 3249/3249
f 3274/3274 3276/3276 3275/3275
f 3275/3275 3276/3276 3277/3277
f 635/635 644/644 633/633
f 3280/3280 3272/3272 3277/3277
f 3247/3247 3249/3249 3248/3248
f 3280/3280 3277/3277 3281/3281
f 3246/3246 3247/3247 3248/3248
f 3272/3272 3280/3280 3279/3279
f 3279/3279 3271/3271 3272/3272
f 3245/3245 3247/3247 3246/3246
f 3272/3272 3271/3271 3270/3270
f 3245/3245 3246/3246 3242/3242
f 3241/3241 3245/3245 3242/3242
f 3268/3268 3270/3270 3271/3271
f 3241/3241 3242/3242 3243/3243
f 3284/3284 3270/3270 3269/3269
f 3269/3269 3270/3270 3267/3267
f 3269/3269 3267/3267 3265/3265
f 3244/3244 3243/3243 3250/3250
f 3244/3244 3250/3250 3251/3251
f 3265/3265 3264/3264 3263/3263
f 3264/3264 3262/3262 3263/3263
f 3252/3252 3250/3250 3255/3255
f 3263/3263 3262/3262 3260/3260
f 3255/3255 3250/3250 3257/3257
f 3255/3255 3258/3258 3259/3259
f 3258/3258 3255/3255 3257/3257
f 1492/1492 1473/1473 1431/1431
f 3288/3288 3274/3274 3249/3249
f 3287/3287 3288/3288 3249/3249
f 3286/3286 3274/3274 3288/3288
f 3276/3276 3274/3274 3286/3286
f 3281/3281 3276/3276 3286/3286
f 3249/3249 3247/3247 3287/3287
f 3281/3281 3277/3277 3276/3276
f 3247/3247 3285/3285 3287/3287
f 3247/3247 3254/3254 3285/3285
f 3247/3247 3245/3245 3254/3254
f 3253/3253 3254/3254 3245/3245
f 3282/3282 3271/3271 3279/3279
f 3241/3241 3253/3253 3245/3245
f 3268/3268 3271/3271 3282/3282
f 3244/3244 3253/3253 3241/3241
f 3270/3270 3268/3268 3267/3267
f 3244/3244 3241/3241 3243/3243
f 3266/3266 3267/3267 3268/3268
f 3267/3267 3266/3266 3265/3265
f 3266/3266 3278/3278 3264/3264
f 3265/3265 3266/3266 3264/3264
f 3250/3250 3252/3252 3251/3251
f 3278/3278 3262/3262 3264/3264
f 3252/3252 3255/3255 3256/3256
f 3255/3255 3259/3259 3256/3256
f 3261/3261 3259/3259 3260/3260
f 3262/3262 3261/3261 3260/3260
f 3260/3260 3259/3259 3258/3258
f 1572/1572 1571/1571 1577/1577
f 1553/1553 1544/1544 1548/1548
f 3973/3973 3974/3974 3975/3975
f 2093/2093 2083/2083 2091/2091
f 2092/2092 2081/2081 2082/2082
f 2091/2091 2081/2081 2092/2092
f 2091/2091 2083/2083 2081/2081
f 2132/2132 2123/2123 2124/2124
f 2087/2087 2124/2124 2123/2123
f 3959/3959 3961/3961 3958/3958
f 1538/1538 1544/1544 1521/1521
f 3960/3960 3959/3959 3957/3957
f 3973/3973 3963/3963 3974/3974
f 2087/2087 2083/2083 2093/2093
f 2084/2084 2083/2083 2087/2087
f 1563/1563 1553/1553 1556/1556
f 1521/1521 1516/1516 1511/1511
f 1513/1513 1511/1511 1516/1516
f 1511/1511 1513/1513 1512/1512
f 2132/2132 2140/2140 2123/2123
f 2090/2090 2111/2111 2117/2117
f 2082/2082 2077/2077 2090/2090
f 1572/1572 1563/1563 1571/1571
f 3958/3958 3957/3957 3959/3959
f 3960/3960 3967/3967 3973/3973
f 2094/2094 2087/2087 2123/2123
f 2081/2081 2083/2083 2080/2080
f 1563/1563 1566/1566 1571/1571
f 1515/1515 1512/1512 1513/1513
f 2082/2082 2081/2081 2078/2078
f 3960/3960 3957/3957 3967/3967
f 1521/1521 1518/1518 1538/1538
f 1521/1521 1511/1511 1518/1518
f 1512/1512 1515/1515 1525/1525
f 1563/1563 1556/1556 1566/1566
f 3601/3601 3602/3602 3603/3603
f 1553/1553 1548/1548 1556/1556
f 1538/1538 1548/1548 1544/1544
f 3967/3967 3963/3963 3973/3973
f 2094/2094 2084/2084 2087/2087
f 2083/2083 2084/2084 2080/2080
f 2123/2123 2140/2140 2139/2139
f 1511/1511 1512/1512 1510/1510
f 2090/2090 2077/2077 2111/2111
f 2078/2078 2081/2081 2080/2080
f 1512/1512 1525/1525 1510/1510
f 2084/2084 2094/2094 2086/2086
f 1566/1566 1560/1560 1570/1570
f 1566/1566 1570/1570 1571/1571
f 3602/3602 3601/3601 3604/3604
f 1549/1549 1556/1556 1548/1548
f 1548/1548 1538/1538 1542/1542
f 3957/3957 3958/3958 3926/3926
f 1537/1537 1538/1538 1518/1518
f 3967/3967 3955/3955 3963/3963
f 1518/1518 1511/1511 1509/1509
f 1525/1525 1524/1524 1510/1510
f 2122/2122 2094/2094 2123/2123
f 2084/2084 2086/2086 2080/2080
f 1566/1566 1556/1556 1560/1560
f 1556/1556 1549/1549 1560/1560
f 1549/1549 1548/1548 1542/1542
f 1538/1538 1537/1537 1542/1542
f 1518/1518 1519/1519 1537/1537
f 3927/3927 3967/3967 3957/3957
f 3967/3967 3927/3927 3955/3955
f 1511/1511 1510/1510 1509/1509
f 2123/2123 2139/2139 2122/2122
f 2094/2094 2122/2122 2086/2086
f 2078/2078 2077/2077 2082/2082
f 3957/3957 3926/3926 3927/3927
f 1518/1518 1509/1509 1519/1519
f 3955/3955 3962/3962 3963/3963
f 1560/1560 1549/1549 1558/1558
f 3601/3601 3605/3605 3604/3604
f 2078/2078 2076/2076 2077/2077
f 2078/2078 2080/2080 2079/2079
f 1570/1570 1560/1560 1568/1568
f 1509/1509 1510/1510 1505/1505
f 2134/2134 2122/2122 2139/2139
f 2086/2086 2085/2085 2080/2080
f 2086/2086 2095/2095 2085/2085
f 3605/3605 3606/3606 3604/3604
f 3926/3926 3924/3924 3922/3922
f 3927/3927 3926/3926 3922/3922
f 1507/1507 1509/1509 1505/1505
f 2112/2112 2111/2111 2077/2077
f 2078/2078 2079/2079 2076/2076
f 2080/2080 2085/2085 2079/2079
f 1560/1560 1558/1558 1567/1567
f 1568/1568 1560/1560 1567/1567
f 1549/1549 1557/1557 1558/1558
f 3605/3605 3607/3607 3606/3606
f 1549/1549 1550/1550 1557/1557
f 1537/1537 1541/1541 1542/1542
f 3923/3923 3927/3927 3922/3922
f 3955/3955 3927/3927 3923/3923
f 1510/1510 1524/1524 1505/1505
f 2086/2086 2122/2122 2095/2095
f 1519/1519 1509/1509 1507/1507
f 2134/2134 2125/2125 2122/2122
f 2079/2079 2075/2075 2076/2076
f 1567/1567 1558/1558 1564/1564
f 1519/1519 1520/1520 1537/1537
f 1519/1519 1507/1507 1520/1520
f 2133/2133 2125/2125 2134/2134
f 2112/2112 2077/2077 2089/2089
f 3922/3922 3924/3924 3916/3916
f 3915/3915 3922/3922 3916/3916
f 3923/3923 3947/3947 3955/3955
f 3955/3955 3947/3947 3962/3962
f 2095/2095 2122/2122 2125/2125
f 2095/2095 2088/2088 2085/2085
f 2079/2079 2085/2085 2088/2088
f 2076/2076 2074/2074 2077/2077
f 2077/2077 2074/2074 2089/2089
f 2076/2076 2075/2075 2074/2074
f 1568/1568 1567/1567 1576/1576
f 1550/1550 1549/1549 1542/1542
f 1542/1542 1541/1541 1545/1545
f 3922/3922 3915/3915 3923/3923
f 3947/3947 3964/3964 3962/3962
f 1505/1505 1506/1506 1507/1507
f 2121/2121 2088/2088 2095/2095
f 2072/2072 2089/2089 2074/2074
f 2079/2079 2071/2071 2075/2075
f 3607/3607 3608/3608 3606/3606
f 3916/3916 3924/3924 3925/3925
f 1508/1508 1505/1505 1524/1524
f 2125/2125 2128/2128 2121/2121
f 2125/2125 2121/2121 2095/2095
f 2118/2118 2112/2112 2089/2089
f 2121/2121 2108/2108 2088/2088
f 2071/2071 2074/2074 2075/2075
f 2088/2088 2071/2071 2079/2079
f 1545/1545 1550/1550 1542/1542
f 1541/1541 1537/1537 1539/1539
f 1539/1539 1537/1537 1520/1520
f 2128/2128 2125/2125 2133/2133
f 2089/2089 2115/2115 2118/2118
f 1558/1558 1557/1557 1564/1564
f 3923/3923 3932/3932 3947/3947
f 1520/1520 1507/1507 1514/1514
f 1507/1507 1506/1506 1514/1514
f 1506/1506 1505/1505 1508/1508
f 2128/2128 2108/2108 2121/2121
f 2089/2089 2072/2072 2115/2115
f 3370/3370 3349/3349 3371/3371
f 3371/3371 3349/3349 3369/3369
f 3349/3349 3355/3355 3369/3369
f 3334/3334 3369/3369 3355/3355
f 3632/3632 3633/3633 3634/3634
f 2438/2438 2421/2421 2439/2439
f 2421/2421 2422/2422 2440/2440
f 3915/3915 3932/3932 3923/3923
f 2069/2069 2115/2115 2072/2072
f 2088/2088 2108/2108 2070/2070
f 2070/2070 2071/2071 2088/2088
f 2072/2072 2074/2074 2066/2066
f 2071/2071 2066/2066 2074/2074
f 2071/2071 2070/2070 2066/2066
f 3349/3349 3342/3342 3355/3355
f 2396/2396 2392/2392 2395/2395
f 2396/2396 2397/2397 2392/2392
f 2438/2438 2423/2423 2421/2421
f 2398/2398 2397/2397 2396/2396
f 3947/3947 3980/3980 3964/3964
f 1517/1517 1506/1506 1508/1508
f 2061/2061 2066/2066 2070/2070
f 3372/3372 3344/3344 3370/3370
f 3349/3349 3370/3370 3344/3344
f 2392/2392 2390/2390 2395/2395
f 3355/3355 3354/3354 3334/3334
f 2392/2392 2391/2391 2390/2390
f 2392/2392 2397/2397 2393/2393
f 2392/2392 2393/2393 2391/2391
f 2423/2423 2405/2405 2421/2421
f 2421/2421 2405/2405 2404/2404
f 1567/1567 1564/1564 1569/1569
f 1567/1567 1569/1569 1574/1574
f 3596/3596 3597/3597 3598/3598
f 3932/3932 3980/3980 3947/3947
f 1508/1508 1523/1523 1517/1517
f 2108/2108 2107/2107 2073/2073
f 2073/2073 2070/2070 2108/2108
f 2066/2066 2069/2069 2072/2072
f 3349/3349 3344/3344 3342/3342
f 3355/3355 3342/3342 3348/3348
f 2365/2365 2375/2375 2390/2390
f 3343/3343 3372/3372 3360/3360
f 3344/3344 3372/3372 3343/3343
f 3355/3355 3348/3348 3354/3354
f 3334/3334 3354/3354 3332/3332
f 3334/3334 3332/3332 3333/3333
f 2391/2391 2365/2365 2390/2390
f 2435/2435 2423/2423 2438/2438
f 2422/2422 2421/2421 2404/2404
f 2427/2427 2422/2422 2406/2406
f 2422/2422 2404/2404 2406/2406
f 2417/2417 2425/2425 2437/2437
f 2427/2427 2417/2417 2437/2437
f 2417/2417 2427/2427 2406/2406
f 26/26 10/10 27/27
f 3913/3913 3915/3915 3916/3916
f 1517/1517 1514/1514 1506/1506
f 2133/2133 2129/2129 2128/2128
f 2108/2108 2128/2128 2129/2129
f 2115/2115 2069/2069 2114/2114
f 2061/2061 2070/2070 2059/2059
f 2073/2073 2059/2059 2070/2070
f 3344/3344 3335/3335 3342/3342
f 2351/2351 2375/2375 2365/2365
f 2369/2369 2355/2355 2365/2365
f 2365/2365 2391/2391 2369/2369
f 2667/2667 2660/2660 2666/2666
f 2399/2399 2391/2391 2394/2394
f 2393/2393 2394/2394 2391/2391
f 27/27 52/52 26/26
f 15/15 28/28 27/27
f 27/27 10/10 15/15
f 11/11 10/10 26/26
f 10/10 12/12 15/15
f 1541/1541 1540/1540 1545/1545
f 1522/1522 1520/1520 1514/1514
f 1517/1517 1523/1523 1526/1526
f 2129/2129 2107/2107 2108/2108
f 1533/1533 1527/1527 1523/1523
f 2066/2066 2061/2061 2065/2065
f 3363/3363 3340/3340 3360/3360
f 3343/3343 3360/3360 3340/3340
f 3343/3343 3340/3340 3335/3335
f 3344/3344 3343/3343 3335/3335
f 2351/2351 2365/2365 2355/2355
f 3332/3332 3329/3329 3333/3333
f 2349/2349 2351/2351 2355/2355
f 2435/2435 2433/2433 2423/2423
f 2355/2355 2369/2369 2359/2359
f 2423/2423 2408/2408 2405/2405
f 2369/2369 2373/2373 2359/2359
f 2660/2660 2665/2665 2666/2666
f 3096/3096 3093/3093 3098/3098
f 3097/3097 3098/3098 3093/3093
f 69/69 67/67 64/64
f 63/63 64/64 67/67
f 64/64 65/65 66/66
f 64/64 62/62 65/65
f 27/27 58/58 52/52
f 11/11 26/26 48/48
f 11/11 48/48 19/19
f 11/11 9/9 10/10
f 8/8 10/10 9/9
f 10/10 8/8 12/12
f 1564/1564 1557/1557 1559/1559
f 3596/3596 3598/3598 3599/3599
f 3596/3596 3599/3599 3600/3600
f 1539/1539 1540/1540 1541/1541
f 1520/1520 1522/1522 1539/1539
f 1522/1522 1514/1514 1530/1530
f 1514/1514 1517/1517 1530/1530
f 4033/4033 4034/4034 4035/4035
f 2129/2129 2133/2133 2136/2136
f 1517/1517 1526/1526 1530/1530
f 2136/2136 2135/2135 2129/2129
f 1527/1527 1526/1526 1523/1523
f 2069/2069 2067/2067 2114/2114
f 2066/2066 2065/2065 2069/2069
f 3354/3354 3325/3325 3332/3332
f 2351/2351 2343/2343 2346/2346
f 2349/2349 2343/2343 2351/2351
f 2433/2433 2408/2408 2423/2423
f 2355/2355 2359/2359 2349/2349
f 2405/2405 2403/2403 2404/2404
f 2404/2404 2400/2400 2406/2406
f 2359/2359 2373/2373 2362/2362
f 2417/2417 2419/2419 2425/2425
f 2660/2660 2657/2657 2656/2656
f 3096/3096 3094/3094 3093/3093
f 3090/3090 3097/3097 3093/3093
f 67/67 69/69 70/70
f 2335/2335 2366/2366 2336/2336
f 2366/2366 2372/2372 2336/2336
f 64/64 63/63 62/62
f 62/62 68/68 65/65
f 56/56 26/26 52/52
f 48/48 26/26 56/56
f 2363/2363 2376/2376 2374/2374
f 27/27 28/28 38/38
f 1539/1539 1522/1522 1540/1540
f 2073/2073 2063/2063 2059/2059
f 3363/3363 3341/3341 3340/3340
f 3348/3348 3342/3342 3337/3337
f 2351/2351 2346/2346 2354/2354
f 2349/2349 2359/2359 2350/2350
f 2400/2400 2414/2414 2406/2406
f 2419/2419 2417/2417 2414/2414
f 2414/2414 2417/2417 2406/2406
f 2656/2656 2657/2657 2653/2653
f 2359/2359 2362/2362 2350/2350
f 2665/2665 2660/2660 2659/2659
f 2379/2379 2362/2362 2373/2373
f 3091/3091 3094/3094 3099/3099
f 2334/2334 2367/2367 2335/2335
f 3091/3091 3093/3093 3094/3094
f 3090/3090 3093/3093 3091/3091
f 3082/3082 3090/3090 3091/3091
f 2334/2334 2335/2335 2326/2326
f 2336/2336 2372/2372 2368/2368
f 63/63 60/60 62/62
f 58/58 57/57 52/52
f 52/52 57/57 56/56
f 56/56 59/59 48/48
f 48/48 59/59 37/37
f 48/48 37/37 19/19
f 24/24 19/19 37/37
f 11/11 19/19 9/9
f 28/28 12/12 29/29
f 15/15 12/12 28/28
f 12/12 8/8 13/13
f 1559/1559 1569/1569 1564/1564
f 3932/3932 3915/3915 3912/3912
f 3932/3932 3909/3909 3980/3980
f 2069/2069 2065/2065 2067/2067
f 2065/2065 2061/2061 2064/2064
f 2343/2343 2349/2349 2342/2342
f 2408/2408 2433/2433 2410/2410
f 2433/2433 2432/2432 2410/2410
f 2407/2407 2403/2403 2405/2405
f 2405/2405 2408/2408 2407/2407
f 2403/2403 2400/2400 2404/2404
f 2349/2349 2350/2350 2342/2342
f 2656/2656 2659/2659 2660/2660
f 2665/2665 2659/2659 2664/2664
f 2662/2662 2664/2664 2659/2659
f 3090/3090 3082/3082 3083/3083
f 2689/2689 2692/2692 2679/2679
f 2689/2689 2685/2685 2697/2697
f 2685/2685 2689/2689 2679/2679
f 2333/2333 2326/2326 2335/2335
f 2335/2335 2336/2336 2333/2333
f 2336/2336 2368/2368 2333/2333
f 68/68 62/62 61/61
f 61/61 62/62 60/60
f 2697/2697 2685/2685 2698/2698
f 60/60 57/57 61/61
f 59/59 57/57 60/60
f 2690/2690 2696/2696 2698/2698
f 2364/2364 2371/2371 2363/2363
f 57/57 59/59 56/56
f 71/71 37/37 59/59
f 2370/2370 2363/2363 2374/2374
f 24/24 37/37 40/40
f 38/38 28/28 43/43
f 9/9 19/19 23/23
f 12/12 13/13 29/29
f 1557/1557 1550/1550 1559/1559
f 1545/1545 1540/1540 1551/1551
f 1551/1551 1550/1550 1545/1545
f 1531/1531 1522/1522 1530/1530
f 3909/3909 3978/3978 3980/3980
f 2073/2073 2107/2107 2063/2063
f 3335/3335 3337/3337 3342/3342
f 3329/3329 3332/3332 3325/3325
f 2410/2410 2407/2407 2408/2408
f 2340/2340 2342/2342 2350/2350
f 2653/2653 2648/2648 2656/2656
f 2655/2655 2659/2659 2656/2656
f 2659/2659 2655/2655 2662/2662
f 2367/2367 2334/2334 2350/2350
f 2362/2362 2367/2367 2350/2350
f 3083/3083 3082/3082 3081/3081
f 3083/3083 3081/3081 3092/3092
f 2324/2324 2334/2334 2326/2326
f 2679/2679 2677/2677 2685/2685
f 2325/2325 2326/2326 2333/2333
f 2364/2364 2332/2332 2333/2333
f 2333/2333 2368/2368 2364/2364
f 2690/2690 2698/2698 2685/2685
f 2364/2364 2363/2363 2332/2332
f 2363/2363 2331/2331 2332/2332
f 2331/2331 2363/2363 2370/2370
f 1872/1872 1867/1867 1853/1853
f 1859/1859 1853/1853 1867/1867
f 24/24 23/23 19/19
f 8/8 9/9 7/7
f 29/29 13/13 16/16
f 13/13 8/8 5/5
f 16/16 13/13 5/5
f 7/7 5/5 8/8
f 2129/2129 2119/2119 2107/2107
f 3340/3340 3341/3341 3338/3338
f 3335/3335 3340/3340 3338/3338
f 2344/2344 2354/2354 2346/2346
f 2341/2341 2343/2343 2342/2342
f 2341/2341 2342/2342 2340/2340
f 2655/2655 2656/2656 2648/2648
f 2337/2337 2340/2340 2350/2350
f 2662/2662 2655/2655 2661/2661
f 2350/2350 2334/2334 2337/2337
f 3082/3082 3080/3080 3081/3081
f 2337/2337 2334/2334 2323/2323
f 2324/2324 2323/2323 2334/2334
f 2325/2325 2324/2324 2326/2326
f 2678/2678 2685/2685 2677/2677
f 2333/2333 2332/2332 2325/2325
f 2690/2690 2691/2691 2696/2696
f 37/37 71/71 40/40
f 40/40 23/23 24/24
f 28/28 29/29 43/43
f 23/23 20/20 9/9
f 9/9 20/20 7/7
f 5/5 7/7 6/6
f 20/20 6/6 7/7
f 5/5 4/4 16/16
f 1550/1550 1551/1551 1559/1559
f 1551/1551 1540/1540 1552/1552
f 3916/3916 3917/3917 3913/3913
f 3915/3915 3913/3913 3912/3912
f 1522/1522 1531/1531 1540/1540
f 3932/3932 3912/3912 3909/3909
f 3909/3909 3931/3931 3978/3978
f 2064/2064 2067/2067 2065/2065
f 2059/2059 2060/2060 2061/2061
f 3335/3335 3336/3336 3337/3337
f 3325/3325 3354/3354 3352/3352
f 2346/2346 2343/2343 2344/2344
f 2344/2344 2343/2343 2341/2341
f 3329/3329 3325/3325 3328/3328
f 3325/3325 3327/3327 3328/3328
f 2400/2400 2403/2403 2401/2401
f 2341/2341 2340/2340 2339/2339
f 2419/2419 2414/2414 2418/2418
f 2648/2648 2647/2647 2655/2655
f 2655/2655 2647/2647 2661/2661
f 2678/2678 2690/2690 2685/2685
f 1872/1872 1853/1853 1860/1860
f 29/29 31/31 43/43
f 29/29 16/16 31/31
f 3912/3912 3907/3907 3909/3909
f 1543/1543 1540/1540 1531/1531
f 1530/1530 1526/1526 1529/1529
f 1529/1529 1526/1526 1528/1528
f 1528/1528 1526/1526 1527/1527
f 1532/1532 1527/1527 1533/1533
f 2067/2067 2116/2116 2114/2114
f 2068/2068 2067/2067 2064/2064
f 2063/2063 2062/2062 2059/2059
f 2061/2061 2060/2060 2064/2064
f 2062/2062 2060/2060 2059/2059
f 3354/3354 3348/3348 3352/3352
f 3325/3325 3352/3352 3326/3326
f 3325/3325 3326/3326 3327/3327
f 2432/2432 2434/2434 2411/2411
f 2432/2432 2411/2411 2410/2410
f 2403/2403 2407/2407 2401/2401
f 2337/2337 2339/2339 2340/2340
f 3081/3081 3080/3080 3079/3079
f 2675/2675 2677/2677 2679/2679
f 2691/2691 2690/2690 2688/2688
f 2370/2370 2330/2330 2331/2331
f 2377/2377 2330/2330 2370/2370
f 71/71 72/72 40/40
f 54/54 47/47 40/40
f 1848/1848 1860/1860 1853/1853
f 40/40 47/47 23/23
f 20/20 21/21 6/6
f 16/16 17/17 31/31
f 6/6 3/3 5/5
f 5/5 3/3 4/4
f 4/4 17/17 16/16
f 1546/1546 1540/1540 1543/1543
f 3909/3909 3908/3908 3931/3931
f 3908/3908 3911/3911 3931/3931
f 3970/3970 3931/3931 3911/3911
f 3931/3931 3970/3970 3978/3978
f 1531/1531 1530/1530 1529/1529
f 2135/2135 2136/2136 2137/2137
f 1528/1528 1527/1527 1532/1532
f 2062/2062 2107/2107 2119/2119
f 2068/2068 2116/2116 2067/2067
f 2107/2107 2062/2062 2063/2063
f 3335/3335 3338/3338 3336/3336
f 2410/2410 2411/2411 2407/2407
f 2341/2341 2339/2339 2348/2348
f 2653/2653 2651/2651 2648/2648
f 2323/2323 2324/2324 2322/2322
f 2324/2324 2325/2325 2322/2322
f 2690/2690 2678/2678 2686/2686
f 2325/2325 2327/2327 2322/2322
f 2325/2325 2332/2332 2327/2327
f 2327/2327 2332/2332 2331/2331
f 2686/2686 2688/2688 2690/2690
f 2691/2691 2688/2688 2695/2695
f 72/72 54/54 40/40
f 1853/1853 1859/1859 1852/1852
f 20/20 23/23 39/39
f 30/30 49/49 31/31
f 3/3 6/6 21/21
f 31/31 17/17 30/30
f 3/3 2/2 4/4
f 17/17 4/4 14/14
f 3576/3576 3575/3575 3582/3582
f 3574/3574 3575/3575 3576/3576
f 1569/1569 1575/1575 1574/1574
f 1552/1552 1561/1561 1551/1551
f 1559/1559 1551/1551 1561/1561
f 1561/1561 1569/1569 1559/1559
f 3571/3571 3559/3559 3565/3565
f 3571/3571 3565/3565 3573/3573
f 3917/3917 3933/3933 3913/3913
f 1546/1546 1552/1552 1540/1540
f 3913/3913 3907/3907 3912/3912
f 3913/3913 3933/3933 3907/3907
f 3907/3907 3908/3908 3909/3909
f 2129/2129 2135/2135 2119/2119
f 2096/2096 2064/2064 2060/2060
f 2353/2353 2344/2344 2347/2347
f 2344/2344 2341/2341 2347/2347
f 2348/2348 2347/2347 2341/2341
f 2400/2400 2402/2402 2414/2414
f 2415/2415 2418/2418 2414/2414
f 2348/2348 2339/2339 2345/2345
f 2338/2338 2345/2345 2339/2339
f 2339/2339 2337/2337 2338/2338
f 3095/3095 3077/3077 3080/3080
f 2337/2337 2323/2323 2338/2338
f 3077/3077 3079/3079 3080/3080
f 2684/2684 2675/2675 2679/2679
f 2675/2675 2671/2671 2677/2677
f 2327/2327 2331/2331 2330/2330
f 2330/2330 2377/2377 2361/2361
f 2705/2705 2695/2695 2703/2703
f 1848/1848 1853/1853 1852/1852
f 23/23 47/47 39/39
f 43/43 31/31 49/49
f 21/21 20/20 39/39
f 14/14 18/18 17/17
f 2/2 14/14 4/4
f 1/1 2/2 3/3
f 14/14 34/34 35/35
f 2/2 34/34 14/14
f 2056/2056 2057/2057 2055/2055
f 2057/2057 2058/2058 2055/2055
f 2513/2513 2515/2515 2514/2514
f 2512/2512 2513/2513 2514/2514
f 299/299 289/289 298/298
f 3581/3581 3574/3574 3576/3576
f 3581/3581 3580/3580 3574/3574
f 1565/1565 1561/1561 1552/1552
f 3561/3561 3570/3570 3562/3562
f 1569/1569 1561/1561 1573/1573
f 1575/1575 1569/1569 1573/1573
f 1552/1552 1546/1546 1562/1562
f 3933/3933 3903/3903 3907/3907
f 3906/3906 3907/3907 3903/3903
f 3906/3906 3908/3908 3907/3907
f 1546/1546 1543/1543 1555/1555
f 1531/1531 1547/1547 1543/1543
f 3910/3910 3914/3914 3911/3911
f 1529/1529 1547/1547 1531/1531
f 3914/3914 3970/3970 3911/3911
f 3910/3910 3918/3918 3914/3914
f 3914/3914 3919/3919 3970/3970
f 1534/1534 1529/1529 1528/1528
f 2135/2135 2137/2137 2138/2138
f 2119/2119 2135/2135 2130/2130
f 1532/1532 1535/1535 1528/1528
f 2068/2068 2113/2113 2116/2116
f 2097/2097 2060/2060 2062/2062
f 2105/2105 2113/2113 2068/2068
f 2068/2068 2064/2064 2105/2105
f 2064/2064 2103/2103 2105/2105
f 2103/2103 2064/2064 2096/2096
f 3361/3361 3353/3353 3341/3341
f 2407/2407 2409/2409 2401/2401
f 2407/2407 2411/2411 2409/2409
f 2348/2348 2345/2345 2352/2352
f 2651/2651 2645/2645 2648/2648
f 2645/2645 2647/2647 2648/2648
f 3095/3095 3078/3078 3077/3077
f 3084/3084 3081/3081 3079/3079
f 2319/2319 2338/2338 2323/2323
f 2676/2676 2675/2675 2684/2684
f 2319/2319 2323/2323 2322/2322
f 2677/2677 2669/2669 2678/2678
f 2669/2669 2677/2677 2671/2671
f 1850/1850 1859/1859 1858/1858
f 32/32 21/21 41/41
f 18/18 36/36 30/30
f 17/17 18/18 30/30
f 14/14 35/35 18/18
f 1/1 34/34 2/2
f 2506/2506 2513/2513 2512/2512
f 2506/2506 2512/2512 2511/2511
f 298/298 289/289 288/288
f 3866/3866 3867/3867 3870/3870
f 3579/3579 3578/3578 3574/3574
f 3580/3580 3579/3579 3574/3574
f 1565/1565 1552/1552 1562/1562
f 3564/3564 3565/3565 3559/3559
f 1562/1562 1546/1546 1555/1555
f 3910/3910 3908/3908 3906/3906
f 1555/1555 1543/1543 1554/1554
f 3911/3911 3908/3908 3910/3910
f 1543/1543 1547/1547 1554/1554
f 3921/3921 3918/3918 3910/3910
f 3919/3919 3918/3918 3920/3920
f 221/221 263/263 211/211
f 3918/3918 3919/3919 3914/3914
f 211/211 263/263 236/236
f 2138/2138 2130/2130 2135/2135
f 2130/2130 2120/2120 2119/2119
f 1528/1528 1535/1535 1534/1534
f 2119/2119 2120/2120 2106/2106
f 2119/2119 2106/2106 2062/2062
f 357/357 359/359 363/363
f 2106/2106 2097/2097 2062/2062
f 2096/2096 2060/2060 2097/2097
f 3341/3341 3353/3353 3338/3338
f 3348/3348 3351/3351 3352/3352
f 2400/2400 2401/2401 2402/2402
f 2645/2645 2646/2646 2647/2647
f 2675/2675 2674/2674 2671/2671
f 2319/2319 2322/2322 2320/2320
f 2686/2686 2687/2687 2688/2688
f 2330/2330 2361/2361 2328/2328
f 1860/1860 1848/1848 1870/1870
f 1845/1845 1848/1848 1852/1852
f 39/39 47/47 55/55
f 1852/1852 1859/1859 1846/1846
f 1846/1846 1859/1859 1850/1850
f 39/39 41/41 21/21
f 49/49 30/30 50/50
f 36/36 50/50 30/30
f 1854/1854 1857/1857 1868/1868
f 32/32 22/22 21/21
f 22/22 3/3 21/21
f 22/22 1/1 3/3
f 18/18 42/42 36/36
f 22/22 25/25 1/1
f 18/18 35/35 42/42
f 2044/2044 2054/2054 2053/2053
f 2053/2053 2054/2054 2055/2055
f 2056/2056 2055/2055 2054/2054
f 3867/3867 3866/3866 3865/3865
f 299/299 287/287 289/289
f 3867/3867 3865/3865 3868/3868
f 3574/3574 3577/3577 3575/3575
f 3574/3574 3578/3578 3577/3577
f 3561/3561 3562/3562 3560/3560
f 3559/3559 3561/3561 3560/3560
f 3921/3921 3920/3920 3918/3918
f 211/211 236/236 235/235
f 1536/1536 1534/1534 1535/1535
f 3182/3182 3176/3176 3184/3184
f 3181/3181 3184/3184 3176/3176
f 3184/3184 3185/3185 3182/3182
f 3235/3235 3184/3184 3236/3236
f 3185/3185 3184/3184 3235/3235
f 3119/3119 3123/3123 3125/3125
f 3125/3125 3127/3127 3119/3119
f 3120/3120 3119/3119 3127/3127
f 3326/3326 3330/3330 3327/3327
f 2411/2411 2434/2434 2436/2436
f 2347/2347 2348/2348 2352/2352
f 2409/2409 2411/2411 2426/2426
f 2414/2414 2402/2402 2415/2415
f 2652/2652 2645/2645 2651/2651
f 2338/2338 2319/2319 2318/2318
f 2676/2676 2674/2674 2675/2675
f 2320/2320 2322/2322 2327/2327
f 2330/2330 2328/2328 2327/2327
f 2688/2688 2687/2687 2695/2695
f 2377/2377 2378/2378 2361/2361
f 54/54 55/55 47/47
f 1846/1846 1845/1845 1852/1852
f 55/55 51/51 39/39
f 51/51 41/41 39/39
f 32/32 33/33 22/22
f 2044/2044 2053/2053 2043/2043
f 3866/3866 3870/3870 3872/3872
f 299/299 296/296 287/287
f 3583/3583 3578/3578 3586/3586
f 3583/3583 3584/3584 3577/3577
f 3954/3954 3948/3948 3928/3928
f 3584/3584 3585/3585 3587/3587
f 3583/3583 3585/3585 3584/3584
f 3586/3586 3585/3585 3583/3583
f 3954/3954 3968/3968 3969/3969
f 3566/3566 3560/3560 3562/3562
f 3564/3564 3559/3559 3563/3563
f 3900/3900 3903/3903 3902/3902
f 3900/3900 3906/3906 3903/3903
f 3910/3910 3906/3906 3966/3966
f 3921/3921 3910/3910 3966/3966
f 253/253 217/217 231/231
f 3972/3972 3920/3920 3921/3921
f 217/217 221/221 209/209
f 209/209 221/221 211/211
f 2868/2868 2844/2844 2867/2867
f 2867/2867 2844/2844 2856/2856
f 359/359 357/357 356/356
f 3236/3236 3184/3184 3181/3181
f 3122/3122 3123/3123 3119/3119
f 3235/3235 3238/3238 3237/3237
f 3464/3464 3469/3469 3463/3463
f 3470/3470 3463/3463 3469/3469
f 3326/3326 3352/3352 3331/3331
f 2353/2353 2347/2347 2352/2352
f 3326/3326 3331/3331 3330/3330
f 2411/2411 2436/2436 2426/2426
f 2356/2356 2352/2352 2345/2345
f 2420/2420 2418/2418 2415/2415
f 2345/2345 2338/2338 2356/2356
f 3077/3077 3078/3078 3079/3079
f 2318/2318 2319/2319 2320/2320
f 2328/2328 2320/2320 2327/2327
f 2669/2669 2686/2686 2678/2678
f 2703/2703 2695/2695 2693/2693
f 1850/1850 1843/1843 1846/1846
f 1850/1850 1858/1858 1857/1857
f 41/41 44/44 32/32
f 1854/1854 1868/1868 1875/1875
f 36/36 42/42 53/53
f 33/33 25/25 22/22
f 2511/2511 2499/2499 2506/2506
f 2505/2505 2506/2506 2499/2499
f 3866/3866 3872/3872 3864/3864
f 273/273 288/288 260/260
f 288/288 289/289 260/260
f 260/260 289/289 261/261
f 261/261 289/289 287/287
f 286/286 296/296 295/295
f 3583/3583 3577/3577 3578/3578
f 3578/3578 3579/3579 3586/3586
f 3948/3948 3954/3954 3873/3873
f 295/295 292/292 286/286
f 295/295 300/300 292/292
f 3954/3954 3928/3928 3968/3968
f 300/300 297/297 292/292
f 3585/3585 3588/3588 3587/3587
f 3588/3588 3589/3589 3587/3587
f 4038/4038 4037/4037 4039/4039
f 4036/4036 4037/4037 4038/4038
f 3928/3928 3976/3976 3968/3968
f 3588/3588 3590/3590 3589/3589
f 3594/3594 3590/3590 3588/3588
f 3558/3558 3563/3563 3559/3559
f 3902/3902 3901/3901 3900/3900
f 3558/3558 3559/3559 3560/3560
f 291/291 294/294 283/283
f 3558/3558 3560/3560 3566/3566
f 283/283 294/294 285/285
f 253/253 231/231 252/252
f 3921/3921 3966/3966 3972/3972
f 209/209 211/211 210/210
f 228/228 211/211 235/235
f 354/354 235/235 359/359
f 3174/3174 3181/3181 3176/3176
f 3208/3208 3181/3181 3174/3174
f 3183/3183 3175/3175 3182/3182
f 3182/3182 3175/3175 3176/3176
f 3126/3126 3123/3123 3122/3122
f 3185/3185 3235/3235 3237/3237
f 3118/3118 3122/3122 3119/3119
f 3118/3118 3119/3119 3120/3120
f 3121/3121 3118/3118 3120/3120
f 3464/3464 3462/3462 3465/3465
f 3463/3463 3462/3462 3464/3464
f 3463/3463 3470/3470 3460/3460
f 3463/3463 3460/3460 3462/3462
f 3352/3352 3351/3351 3331/3331
f 2353/2353 2352/2352 2358/2358
f 2352/2352 2356/2356 2358/2358
f 2401/2401 2412/2412 2413/2413
f 2409/2409 2412/2412 2401/2401
f 2401/2401 2413/2413 2402/2402
f 3085/3085 3084/3084 3079/3079
f 1848/1848 1847/1847 1870/1870
f 55/55 54/54 78/78
f 1847/1847 1848/1848 1845/1845
f 1851/1851 1850/1850 1857/1857
f 1857/1857 1854/1854 1851/1851
f 33/33 32/32 44/44
f 46/46 33/33 45/45
f 25/25 33/33 46/46
f 2037/2037 2044/2044 2043/2043
f 260/260 262/262 273/273
f 3865/3865 3866/3866 3864/3864
f 3873/3873 3868/3868 3869/3869
f 3865/3865 3869/3869 3868/3868
f 296/296 286/286 287/287
f 3874/3874 3873/3873 3869/3869
f 3948/3948 3873/3873 3874/3874
f 3928/3928 3948/3948 3874/3874
f 292/292 297/297 293/293
f 3591/3591 3592/3592 3589/3589
f 3589/3589 3590/3590 3591/3591
f 291/291 283/283 284/284
f 283/283 285/285 252/252
f 3906/3906 3900/3900 3966/3966
f 285/285 253/253 252/252
f 4029/4029 4030/4030 4031/4031
f 4032/4032 4029/4029 4031/4031
f 228/228 235/235 354/354
f 359/359 356/356 354/354
f 2854/2854 2858/2858 2859/2859
f 2859/2859 2858/2858 2870/2870
f 2097/2097 2098/2098 2096/2096
f 2096/2096 2098/2098 2099/2099
f 3208/3208 3174/3174 3178/3178
f 3175/3175 3174/3174 3176/3176
f 3208/3208 3236/3236 3181/3181
f 3468/3468 3461/3461 3460/3460
f 3470/3470 3468/3468 3460/3460
f 3337/3337 3351/3351 3348/3348
f 543/543 518/518 542/542
f 2412/2412 2409/2409 2428/2428
f 2426/2426 2428/2428 2409/2409
f 2356/2356 2338/2338 2357/2357
f 2645/2645 2649/2649 2646/2646
f 2646/2646 2649/2649 2663/2663
f 2338/2338 2318/2318 2357/2357
f 3078/3078 3086/3086 3079/3079
f 2686/2686 2669/2669 2681/2681
f 2328/2328 2329/2329 2320/2320
f 2681/2681 2687/2687 2686/2686
f 2687/2687 2693/2693 2695/2695
f 2378/2378 2360/2360 2361/2361
f 78/78 54/54 83/83
f 1845/1845 1846/1846 1832/1832
f 1846/1846 1843/1843 1832/1832
f 45/45 33/33 44/44
f 1875/1875 1874/1874 1854/1854
f 2037/2037 2043/2043 2042/2042
f 2505/2505 2499/2499 2498/2498
f 3872/3872 3862/3862 3861/3861
f 3872/3872 3861/3861 3864/3864
f 3874/3874 3876/3876 3928/3928
f 3928/3928 3878/3878 3976/3976
f 3876/3876 3878/3878 3928/3928
f 3593/3593 3592/3592 3591/3591
f 3878/3878 3930/3930 3976/3976
f 3569/3569 3572/3572 3568/3568
f 3905/3905 3929/3929 3904/3904
f 3590/3590 3594/3594 3595/3595
f 3930/3930 3904/3904 3976/3976
f 3569/3569 3558/3558 3567/3567
f 3568/3568 3558/3558 3569/3569
f 3563/3563 3558/3558 3568/3568
f 3904/3904 3902/3902 3905/3905
f 3904/3904 3901/3901 3902/3902
f 3558/3558 3566/3566 3567/3567
f 3966/3966 3900/3900 3882/3882
f 2868/2868 2843/2843 2844/2844
f 2856/2856 2851/2851 2853/2853
f 2852/2852 2854/2854 2853/2853
f 358/358 357/357 360/360
f 361/361 358/358 360/360
f 2096/2096 2099/2099 2103/2103
f 3173/3173 3178/3178 3174/3174
f 3174/3174 3175/3175 3172/3172
f 3172/3172 3173/3173 3174/3174
f 3178/3178 3211/3211 3208/3208
f 596/596 618/618 580/580
f 3118/3118 3124/3124 3122/3122
f 3238/3238 3235/3235 3239/3239
f 3128/3128 3118/3118 3121/3121
f 3460/3460 3461/3461 3462/3462
f 3359/3359 3338/3338 3353/3353
f 542/542 518/518 541/541
f 518/518 520/520 541/541
f 2402/2402 2413/2413 2415/2415
f 2416/2416 2420/2420 2415/2415
f 3079/3079 3086/3086 3085/3085
f 2676/2676 2694/2694 2670/2670
f 2676/2676 2670/2670 2674/2674
f 2669/2669 2680/2680 2681/2681
f 2328/2328 2361/2361 2360/2360
f 2687/2687 2681/2681 2693/2693
f 2378/2378 2388/2388 2360/2360
f 78/78 81/81 55/55
f 1847/1847 1845/1845 1844/1844
f 55/55 77/77 51/51
f 77/77 75/75 51/51
f 75/75 41/41 51/51
f 1850/1850 1836/1836 1843/1843
f 41/41 74/74 44/44
f 1850/1850 1851/1851 1836/1836
f 3865/3865 3864/3864 3863/3863
f 261/261 287/287 276/276
f 287/287 286/286 276/276
f 3876/3876 3874/3874 3875/3875
f 282/282 259/259 286/286
f 286/286 292/292 282/282
f 282/282 292/292 293/293
f 293/293 290/290 282/282
f 3904/3904 3930/3930 3901/3901
f 291/291 284/284 290/290
f 284/284 283/283 264/264
f 3900/3900 3880/3880 3882/3882
f 231/231 217/217 212/212
f 2850/2850 2854/2854 2852/2852
f 3211/3211 3178/3178 3179/3179
f 3211/3211 3179/3179 3210/3210
f 3211/3211 3240/3240 3236/3236
f 3208/3208 3211/3211 3236/3236
f 593/593 596/596 580/580
f 622/622 561/561 603/603
f 576/576 579/579 580/580
f 580/580 581/581 576/576
f 581/581 577/577 576/576
f 561/561 557/557 603/603
f 3471/3471 3468/3468 3470/3470
f 555/555 559/559 557/557
f 578/578 570/570 577/577
f 3465/3465 3462/3462 3466/3466
f 3461/3461 3468/3468 3467/3467
f 577/577 570/570 576/576
f 3461/3461 3467/3467 3462/3462
f 569/569 570/570 578/578
f 566/566 570/570 569/569
f 570/570 568/568 571/571
f 568/568 572/572 571/571
f 566/566 568/568 570/570
f 567/567 568/568 566/566
f 568/568 583/583 572/572
f 583/583 568/568 588/588
f 3351/3351 3337/3337 3350/3350
f 518/518 543/543 522/522
f 2429/2429 2412/2412 2428/2428
f 2358/2358 2356/2356 2383/2383
f 2412/2412 2429/2429 2413/2413
f 2416/2416 2415/2415 2413/2413
f 2645/2645 2652/2652 2650/2650
f 2383/2383 2356/2356 2381/2381
f 2356/2356 2357/2357 2381/2381
f 2357/2357 2382/2382 2381/2381
f 2318/2318 2320/2320 2321/2321
f 2674/2674 2670/2670 2671/2671
f 2670/2670 2669/2669 2671/2671
f 2668/2668 2669/2669 2670/2670
f 2668/2668 2680/2680 2669/2669
f 2320/2320 2329/2329 2321/2321
f 2328/2328 2360/2360 2329/2329
f 1845/1845 1832/1832 1844/1844
f 77/77 55/55 81/81
f 1836/1836 1832/1832 1843/1843
f 41/41 75/75 74/74
f 1854/1854 1874/1874 1840/1840
f 2499/2499 2496/2496 2498/2498
f 262/262 260/260 255/255
f 3861/3861 3862/3862 3860/3860
f 3864/3864 3861/3861 3863/3863
f 3863/3863 3869/3869 3865/3865
f 259/259 276/276 286/286
f 3874/3874 3869/3869 3875/3875
f 3878/3878 3876/3876 3877/3877
f 290/290 281/281 282/282
f 3930/3930 3878/3878 3880/3880
f 3880/3880 3901/3901 3930/3930
f 3880/3880 3900/3900 3901/3901
f 283/283 252/252 264/264
f 3898/3898 3972/3972 3966/3966
f 207/207 217/217 209/209
f 209/209 210/210 208/208
f 228/228 223/223 211/211
f 2856/2856 2844/2844 2851/2851
f 2851/2851 2852/2852 2853/2853
f 2098/2098 2100/2100 2099/2099
f 361/361 302/302 358/358
f 2103/2103 2099/2099 2102/2102
f 3173/3173 3179/3179 3178/3178
f 3210/3210 3209/3209 3211/3211
f 3189/3189 3188/3188 3175/3175
f 3190/3190 3188/3188 3189/3189
f 3188/3188 3172/3172 3175/3175
f 3209/3209 3240/3240 3211/3211
f 593/593 579/579 594/594
f 580/580 579/579 593/593
f 605/605 596/596 593/593
f 560/560 556/556 561/561
f 558/558 556/556 560/560
f 558/558 554/554 556/556
f 556/556 557/557 561/561
f 554/554 555/555 556/556
f 579/579 576/576 573/573
f 555/555 557/557 556/556
f 591/591 564/564 555/555
f 564/564 591/591 609/609
f 576/576 570/570 573/573
f 559/559 566/566 569/569
f 555/555 564/564 559/559
f 573/573 571/571 574/574
f 571/571 573/573 570/570
f 565/565 559/559 564/564
f 559/559 565/565 566/566
f 571/571 575/575 574/574
f 572/572 575/575 571/571
f 575/575 586/586 574/574
f 565/565 567/567 566/566
f 572/572 586/586 575/575
f 572/572 583/583 586/586
f 565/565 582/582 567/567
f 588/588 568/568 567/567
f 567/567 599/599 588/588
f 3366/3366 3338/3338 3359/3359
f 3336/3336 3338/3338 3339/3339
f 3336/3336 3339/3339 3347/3347
f 3337/3337 3336/3336 3345/3345
f 3337/3337 3345/3345 3350/3350
f 2383/2383 2387/2387 2358/2358
f 520/520 518/518 515/515
f 515/515 521/521 520/520
f 2431/2431 2416/2416 2430/2430
f 2430/2430 2416/2416 2413/2413
f 2416/2416 2431/2431 2424/2424
f 2424/2424 2420/2420 2416/2416
f 2650/2650 2652/2652 2654/2654
f 2645/2645 2650/2650 2649/2649
f 2384/2384 2382/2382 2357/2357
f 2384/2384 2357/2357 2318/2318
f 2151/2151 2149/2149 2150/2150
f 1832/1832 1836/1836 1833/1833
f 1839/1839 1833/1833 1836/1836
f 2034/2034 2037/2037 2042/2042
f 3860/3860 3859/3859 3861/3861
f 3861/3861 3859/3859 3863/3863
f 3934/3934 3869/3869 3863/3863
f 3934/3934 3977/3977 3875/3875
f 3869/3869 3934/3934 3875/3875
f 259/259 282/282 257/257
f 3876/3876 3875/3875 3877/3877
f 282/282 281/281 257/257
f 3879/3879 3878/3878 3877/3877
f 290/290 284/284 281/281
f 281/281 284/284 254/254
f 284/284 264/264 254/254
f 3880/3880 3881/3881 3882/3882
f 3898/3898 3966/3966 3882/3882
f 3898/3898 3944/3944 3972/3972
f 217/217 207/207 212/212
f 3944/3944 3891/3891 3945/3945
f 223/223 210/210 211/211
f 356/356 357/357 355/355
f 2099/2099 2101/2101 2102/2102
f 2099/2099 2100/2100 2101/2101
f 612/612 563/563 562/562
f 563/563 558/558 562/562
f 3179/3179 3180/3180 3210/3210
f 3177/3177 3180/3180 3179/3179
f 3180/3180 3209/3209 3210/3210
f 3187/3187 3209/3209 3180/3180
f 3177/3177 3179/3179 3173/3173
f 558/558 560/560 562/562
f 3172/3172 3177/3177 3173/3173
f 3195/3195 3191/3191 3196/3196
f 590/590 554/554 558/558
f 594/594 579/579 604/604
f 579/579 597/597 604/604
f 555/555 554/554 591/591
f 554/554 598/598 591/591
f 579/579 595/595 597/597
f 595/595 579/579 573/573
f 609/609 608/608 564/564
f 145/145 110/110 146/146
f 608/608 587/587 564/564
f 587/587 565/565 564/564
f 145/145 143/143 109/109
f 143/143 100/100 109/109
f 143/143 144/144 100/100
f 567/567 582/582 589/589
f 589/589 606/606 567/567
f 588/588 620/620 583/583
f 599/599 567/567 606/606
f 619/619 620/620 588/588
f 599/599 619/619 588/588
f 915/915 868/868 913/913
f 3336/3336 3347/3347 3346/3346
f 3336/3336 3346/3346 3345/3345
f 3351/3351 3350/3350 3368/3368
f 522/522 517/517 518/518
f 511/511 514/514 521/521
f 515/515 511/511 521/521
f 2429/2429 2430/2430 2413/2413
f 502/502 507/507 514/514
f 498/498 551/551 550/550
f 2673/2673 2670/2670 2694/2694
f 2680/2680 2682/2682 2681/2681
f 2681/2681 2682/2682 2683/2683
f 2693/2693 2681/2681 2683/2683
f 1847/1847 1849/1849 1880/1880
f 2389/2389 2360/2360 2388/2388
f 74/74 73/73 44/44
f 1836/1836 1851/1851 1839/1839
f 44/44 73/73 45/45
f 1839/1839 1851/1851 1840/1840
f 1854/1854 1840/1840 1851/1851
f 45/45 76/76 46/46
f 2042/2042 2052/2052 2034/2034
f 3877/3877 3875/3875 3977/3977
f 3879/3879 3881/3881 3880/3880
f 3878/3878 3879/3879 3880/3880
f 3891/3891 3944/3944 3898/3898
f 209/209 208/208 207/207
f 2858/2858 2854/2854 2850/2850
f 2744/2744 2741/2741 2733/2733
f 3180/3180 3186/3186 3187/3187
f 590/590 558/558 563/563
f 3177/3177 3188/3188 3201/3201
f 3177/3177 3172/3172 3188/3188
f 590/590 598/598 554/554
f 598/598 590/590 610/610
f 142/142 108/108 141/141
f 1405/1405 1409/1409 1408/1408
f 142/142 110/110 108/108
f 142/142 146/146 110/110
f 1410/1410 1414/1414 1408/1408
f 110/110 145/145 109/109
f 1410/1410 1413/1413 1414/1414
f 1413/1413 1410/1410 1411/1411
f 585/585 565/565 587/587
f 565/565 584/584 582/582
f 585/585 584/584 565/565
f 912/912 919/919 918/918
f 584/584 589/589 582/582
f 584/584 592/592 589/589
f 918/918 904/904 912/912
f 913/913 869/869 904/904
f 868/868 869/869 913/913
f 868/868 915/915 867/867
f 867/867 915/915 911/911
f 3345/3345 3346/3346 3357/3357
f 3345/3345 3357/3357 3356/3356
f 3345/3345 3356/3356 3350/3350
f 3350/3350 3356/3356 3367/3367
f 3350/3350 3367/3367 3368/3368
f 518/518 517/517 515/515
f 517/517 512/512 515/515
f 503/503 511/511 512/512
f 545/545 551/551 498/498
f 511/511 502/502 514/514
f 505/505 507/507 502/502
f 507/507 506/506 523/523
f 523/523 506/506 524/524
f 2658/2658 2663/2663 2649/2649
f 3087/3087 3086/3086 3088/3088
f 3086/3086 3087/3087 3085/3085
f 2318/2318 2321/2321 2384/2384
f 2321/2321 2385/2385 2384/2384
f 2380/2380 2329/2329 2360/2360
f 2703/2703 2693/2693 2702/2702
f 2703/2703 2702/2702 2704/2704
f 2152/2152 2149/2149 2151/2151
f 1844/1844 1832/1832 1835/1835
f 75/75 80/80 74/74
f 1874/1874 1873/1873 1840/1840
f 2037/2037 2034/2034 2036/2036
f 3871/3871 3860/3860 3862/3862
f 261/261 181/181 260/260
f 3863/3863 3859/3859 3934/3934
f 234/234 261/261 276/276
f 259/259 234/234 276/276
f 257/257 281/281 229/229
f 254/254 229/229 281/281
f 3882/3882 3881/3881 3883/3883
f 208/208 210/210 223/223
f 223/223 228/228 239/239
f 2851/2851 2848/2848 2852/2852
f 354/354 356/356 355/355
f 355/355 357/357 358/358
f 2104/2104 2100/2100 2098/2098
f 358/358 302/302 301/301
f 2101/2101 2109/2109 2102/2102
f 2110/2110 2109/2109 2101/2101
f 2100/2100 2110/2110 2101/2101
f 612/612 613/613 563/563
f 2731/2731 2733/2733 2741/2741
f 3200/3200 3214/3214 3201/3201
f 3186/3186 3201/3201 3216/3216
f 3201/3201 3188/3188 3200/3200
f 3200/3200 3188/3188 3190/3190
f 3186/3186 3177/3177 3201/3201
f 3180/3180 3177/3177 3186/3186
f 3193/3193 3190/3190 3192/3192
f 3192/3192 3190/3190 3191/3191
f 3191/3191 3195/3195 3192/3192
f 3190/3190 3189/3189 3191/3191
f 3196/3196 3207/3207 3198/3198
f 141/141 105/105 136/136
f 103/103 105/105 108/108
f 105/105 141/141 108/108
f 1406/1406 1405/1405 1407/1407
f 1407/1407 1405/1405 1408/1408
f 103/103 108/108 99/99
f 108/108 110/110 99/99
f 1408/1408 1409/1409 1410/1410
f 1409/1409 1411/1411 1410/1410
f 99/99 110/110 109/109
f 1415/1415 1413/1413 1411/1411
f 1416/1416 1415/1415 1411/1411
f 99/99 109/109 100/100
f 600/600 584/584 585/585
f 100/100 144/144 104/104
f 600/600 592/592 584/584
f 865/865 911/911 910/910
f 904/904 860/860 893/893
f 904/904 869/869 860/860
f 865/865 867/867 911/911
f 868/868 857/857 869/869
f 868/868 867/867 857/857
f 3346/3346 3347/3347 3358/3358
f 3358/3358 3357/3357 3346/3346
f 501/501 510/510 500/500
f 503/503 510/510 501/501
f 513/513 510/510 503/503
f 503/503 512/512 513/513
f 503/503 501/501 502/502
f 515/515 512/512 511/511
f 503/503 502/502 511/511
f 504/504 505/505 502/502
f 505/505 506/506 507/507
f 550/550 549/549 496/496
f 519/519 524/524 506/506
f 496/496 549/549 489/489
f 2649/2649 2650/2650 2658/2658
f 3100/3100 3085/3085 3087/3087
f 2672/2672 2670/2670 2673/2673
f 2670/2670 2672/2672 2668/2668
f 2672/2672 2699/2699 2668/2668
f 2699/2699 2680/2680 2668/2668
f 2321/2321 2329/2329 2386/2386
f 2321/2321 2386/2386 2385/2385
f 2329/2329 2380/2380 2386/2386
f 2360/2360 2389/2389 2380/2380
f 2693/2693 2683/2683 2702/2702
f 1849/1849 1847/1847 1844/1844
f 2149/2149 2144/2144 2150/2150
f 2149/2149 2141/2141 2144/2144
f 1835/1835 1832/1832 1831/1831
f 1831/1831 1832/1832 1833/1833
f 2144/2144 2141/2141 2143/2143
f 80/80 73/73 74/74
f 73/73 76/76 45/45
f 76/76 79/79 46/46
f 2496/2496 2499/2499 2502/2502
f 2498/2498 2496/2496 2497/2497
f 2034/2034 2052/2052 2035/2035
f 3860/3860 3855/3855 3859/3859
f 234/234 181/181 261/261
f 259/259 257/257 185/185
f 3883/3883 3898/3898 3882/3882
f 239/239 228/228 245/245
f 2852/2852 2848/2848 2850/2850
f 2861/2861 2870/2870 2858/2858
f 2860/2860 2861/2861 2858/2858
f 2100/2100 2104/2104 2126/2126
f 2126/2126 2104/2104 2127/2127
f 2126/2126 2110/2110 2100/2100
f 2110/2110 2131/2131 2109/2109
f 2733/2733 2731/2731 2730/2730
f 611/611 563/563 613/613
f 3200/3200 3215/3215 3214/3214
f 3201/3201 3214/3214 3216/3216
f 601/601 590/590 563/563
f 3202/3202 3200/3200 3193/3193
f 3190/3190 3193/3193 3200/3200
f 3195/3195 3196/3196 3198/3198
f 590/590 615/615 610/610
f 105/105 103/103 102/102
f 1404/1404 1405/1405 1406/1406
f 95/95 103/103 99/99
f 1409/1409 1412/1412 1411/1411
f 1412/1412 1401/1401 1411/1411
f 1411/1411 1401/1401 1416/1416
f 1385/1385 1415/1415 1416/1416
f 585/585 614/614 600/600
f 100/100 104/104 94/94
f 912/912 893/893 908/908
f 912/912 904/904 893/893
f 910/910 914/914 870/870
f 870/870 865/865 910/910
f 857/857 867/867 858/858
f 3362/3362 3338/3338 3366/3366
f 500/500 497/497 501/501
f 502/502 501/501 497/497
f 495/495 545/545 498/498
f 502/502 497/497 504/504
f 504/504 494/494 505/505
f 498/498 550/550 496/496
f 505/505 486/486 506/506
f 506/506 508/508 519/519
f 546/546 548/548 481/481
f 2699/2699 2700/2700 2680/2680
f 2700/2700 2682/2682 2680/2680
f 2701/2701 2683/2683 2682/2682
f 1835/1835 1849/1849 1844/1844
f 2141/2141 2142/2142 2143/2143
f 1837/1837 1833/1833 1839/1839
f 1839/1839 1840/1840 1837/1837
f 1841/1841 1837/1837 1840/1840
f 2034/2034 2035/2035 2036/2036
f 255/255 260/260 181/181
f 3857/3857 3859/3859 3855/3855
f 259/259 185/185 234/234
f 185/185 257/257 186/186
f 3877/3877 3977/3977 3899/3899
f 229/229 186/186 257/257
f 3899/3899 3879/3879 3877/3877
f 3881/3881 3879/3879 3899/3899
f 264/264 230/230 254/254
f 252/252 231/231 230/230
f 252/252 230/230 264/264
f 2839/2839 2844/2844 2843/2843
f 2851/2851 2845/2845 2848/2848
f 245/245 228/228 354/354
f 2850/2850 2860/2860 2858/2858
f 355/355 353/353 354/354
f 2861/2861 2860/2860 2925/2925
f 301/301 302/302 303/303
f 3218/3218 3216/3216 3231/3231
f 3217/3217 3186/3186 3216/3216
f 3218/3218 3217/3217 3216/3216
f 2731/2731 2729/2729 2730/2730
f 2730/2730 2729/2729 2728/2728
f 601/601 563/563 611/611
f 3202/3202 3215/3215 3200/3200
f 602/602 590/590 601/601
f 105/105 102/102 136/136
f 615/615 590/590 602/602
f 1403/1403 1395/1395 1404/1404
f 1395/1395 1405/1405 1404/1404
f 96/96 103/103 95/95
f 1412/1412 1409/1409 1394/1394
f 99/99 100/100 94/94
f 1384/1384 1386/1386 1399/1399
f 908/908 893/893 907/907
f 914/914 905/905 870/870
f 857/857 860/860 869/869
f 867/867 865/865 858/858
f 3362/3362 3339/3339 3338/3338
f 500/500 499/499 497/497
f 504/504 497/497 494/494
f 498/498 491/491 495/495
f 505/505 494/494 486/486
f 498/498 496/496 491/491
f 488/488 491/491 496/496
f 506/506 485/485 508/508
f 489/489 549/549 480/480
f 519/519 508/508 476/476
f 3087/3087 3088/3088 3089/3089
f 549/549 546/546 480/480
f 546/546 481/481 480/480
f 552/552 534/534 547/547
f 2682/2682 2700/2700 2701/2701
f 2152/2152 2153/2153 2149/2149
f 2149/2149 2153/2153 2141/2141
f 80/80 82/82 73/73
f 76/76 73/73 82/82
f 1840/1840 1873/1873 1841/1841
f 2496/2496 2502/2502 2491/2491
f 2497/2497 2496/2496 2490/2490
f 177/177 181/181 234/234
f 156/156 234/234 185/185
f 3884/3884 3883/3883 3881/3881
f 197/197 212/212 207/207
f 2843/2843 2842/2842 2839/2839
f 2851/2851 2844/2844 2845/2845
f 2924/2924 2925/2925 2860/2860
f 3230/3230 3218/3218 3231/3231
f 303/303 304/304 301/301
f 3217/3217 3218/3218 3219/3219
f 611/611 621/621 601/601
f 3194/3194 3202/3202 3193/3193
f 3198/3198 3197/3197 3195/3195
f 3192/3192 3195/3195 3194/3194
f 102/102 132/132 136/136
f 102/102 103/103 96/96
f 1405/1405 1395/1395 1398/1398
f 1398/1398 1394/1394 1405/1405
f 1405/1405 1394/1394 1409/1409
f 1401/1401 1412/1412 1394/1394
f 99/99 94/94 95/95
f 1416/1416 1401/1401 1393/1393
f 1393/1393 1385/1385 1416/1416
f 98/98 94/94 104/104
f 860/860 885/885 893/893
f 870/870 864/864 865/865
f 3362/3362 3365/3365 3339/3339
f 3339/3339 3365/3365 3364/3364
f 3347/3347 3339/3339 3364/3364
f 499/499 493/493 497/497
f 497/497 493/493 494/494
f 495/495 491/491 492/492
f 494/494 490/490 487/487
f 486/486 494/494 487/487
f 490/490 491/491 488/488
f 487/487 490/490 488/488
f 487/487 488/488 484/484
f 506/506 486/486 485/485
f 488/488 496/496 489/489
f 484/484 488/488 489/489
f 489/489 480/480 478/478
f 484/484 489/489 478/478
f 481/481 477/477 480/480
f 509/509 538/538 516/516
f 538/538 509/509 539/539
f 533/533 481/481 548/548
f 537/537 540/540 528/528
f 547/547 533/533 548/548
f 2246/2246 2244/2244 2245/2245
f 553/553 534/534 552/552
f 2152/2152 2245/2245 2161/2161
f 1856/1856 1849/1849 1835/1835
f 2146/2146 2141/2141 2153/2153
f 1831/1831 1833/1833 1834/1834
f 2142/2142 2141/2141 2145/2145
f 2145/2145 2147/2147 2142/2142
f 2496/2496 2491/2491 2490/2490
f 265/265 255/255 176/176
f 3871/3871 3855/3855 3860/3860
f 181/181 176/176 255/255
f 3899/3899 3884/3884 3881/3881
f 229/229 254/254 191/191
f 254/254 230/230 191/191
f 212/212 197/197 194/194
f 2869/2869 2838/2838 2842/2842
f 2842/2842 2838/2838 2839/2839
f 2848/2848 2845/2845 2847/2847
f 2848/2848 2847/2847 2850/2850
f 245/245 354/354 352/352
f 2863/2863 2862/2862 2850/2850
f 2862/2862 2860/2860 2850/2850
f 2924/2924 2860/2860 2862/2862
f 301/301 307/307 358/358
f 3221/3221 3218/3218 3230/3230
f 2729/2729 2725/2725 2728/2728
f 303/303 305/305 304/304
f 314/314 304/304 305/305
f 3195/3195 3197/3197 3194/3194
f 3193/3193 3192/3192 3194/3194
f 616/616 615/615 602/602
f 1350/1350 1401/1401 1394/1394
f 907/907 893/893 895/895
f 1382/1382 1389/1389 1386/1386
f 905/905 864/864 870/870
f 493/493 492/492 490/490
f 492/492 491/491 490/490
f 494/494 493/493 490/490
f 484/484 486/486 487/487
f 486/486 484/484 485/485
f 508/508 485/485 476/476
f 478/478 480/480 477/477
f 479/479 477/477 481/481
f 509/509 540/540 539/539
f 534/534 533/533 547/547
f 536/536 537/537 528/528
f 1849/1849 1871/1871 1880/1880
f 2161/2161 2153/2153 2152/2152
f 1856/1856 1864/1864 1849/1849
f 2160/2160 2153/2153 2161/2161
f 1856/1856 1835/1835 1855/1855
f 1835/1835 1831/1831 1855/1855
f 1831/1831 1834/1834 1855/1855
f 2145/2145 2141/2141 2146/2146
f 1833/1833 1837/1837 1834/1834
f 1834/1834 1837/1837 1838/1838
f 1837/1837 1841/1841 1838/1838
f 82/82 79/79 76/76
f 3941/3941 3855/3855 3871/3871
f 4025/4025 4022/4022 4024/4024
f 186/186 229/229 179/179
f 3898/3898 3886/3886 3891/3891
f 2844/2844 2839/2839 2840/2840
f 2845/2845 2844/2844 2840/2840
f 353/353 352/352 354/354
f 358/358 307/307 355/355
f 3221/3221 3220/3220 3218/3218
f 2728/2728 2725/2725 2724/2724
f 617/617 601/601 621/621
f 3220/3220 3219/3219 3218/3218
f 602/602 601/601 607/607
f 3203/3203 3202/3202 3194/3194
f 623/623 616/616 602/602
f 3194/3194 3197/3197 3199/3199
f 1351/1351 1348/1348 1403/1403
f 1348/1348 1395/1395 1403/1403
f 1353/1353 1398/1398 1395/1395
f 1394/1394 1398/1398 1353/1353
f 1341/1341 1394/1394 1353/1353
f 1350/1350 1394/1394 1341/1341
f 1401/1401 1350/1350 1393/1393
f 1385/1385 1383/1383 1384/1384
f 94/94 98/98 93/93
f 1384/1384 1382/1382 1386/1386
f 885/885 895/895 893/893
f 905/905 902/902 864/864
f 865/865 864/864 859/859
f 865/865 859/859 858/858
f 478/478 471/471 484/484
f 471/471 485/485 484/484
f 473/473 476/476 485/485
f 473/473 485/485 471/471
f 516/516 476/476 509/509
f 481/481 533/533 479/479
f 536/536 528/528 527/527
f 536/536 527/527 535/535
f 544/544 536/536 535/535
f 2239/2239 2236/2236 2247/2247
f 2235/2235 2236/2236 2239/2239
f 2161/2161 2245/2245 2244/2244
f 2159/2159 2153/2153 2160/2160
f 1838/1838 1841/1841 1842/1842
f 3855/3855 3854/3854 3857/3857
f 3859/3859 3858/3858 3934/3934
f 3934/3934 3949/3949 3977/3977
f 185/185 186/186 157/157
f 231/231 222/222 230/230
f 231/231 212/212 222/222
f 3886/3886 3890/3890 3891/3891
f 2866/2866 2863/2863 2864/2864
f 2864/2864 2850/2850 2847/2847
f 2864/2864 2863/2863 2850/2850
f 2862/2862 2863/2863 2866/2866
f 2866/2866 2926/2926 2862/2862
f 3221/3221 3230/3230 3232/3232
f 2724/2724 2725/2725 2720/2720
f 2725/2725 2740/2740 2720/2720
f 607/607 601/601 617/617
f 304/304 306/306 301/301
f 304/304 314/314 313/313
f 623/623 602/602 607/607
f 1351/1351 1335/1335 1336/1336
f 1348/1348 1346/1346 1395/1395
f 1353/1353 1395/1395 1346/1346
f 1341/1341 1353/1353 1345/1345
f 1341/1341 1342/1342 1350/1350
f 1393/1393 1383/1383 1385/1385
f 1383/1383 1382/1382 1384/1384
f 885/885 860/860 856/856
f 476/476 475/475 509/509
f 482/482 540/540 509/509
f 540/540 482/482 528/528
f 1849/1849 1864/1864 1871/1871
f 1864/1864 1856/1856 1869/1869
f 1856/1856 1855/1855 1869/1869
f 2146/2146 2153/2153 2159/2159
f 1855/1855 1834/1834 1863/1863
f 2148/2148 2147/2147 2145/2145
f 1866/1866 1841/1841 1873/1873
f 176/176 181/181 165/165
f 165/165 181/181 177/177
f 234/234 156/156 177/177
f 3858/3858 3949/3949 3934/3934
f 156/156 185/185 157/157
f 4022/4022 4023/4023 4024/4024
f 179/179 157/157 186/186
f 3899/3899 3981/3981 3884/3884
f 230/230 222/222 191/191
f 3898/3898 3883/3883 3886/3886
f 212/212 194/194 222/222
f 207/207 208/208 202/202
f 3233/3233 3221/3221 3232/3232
f 355/355 307/307 353/353
f 2720/2720 2711/2711 2724/2724
f 2724/2724 2711/2711 2746/2746
f 2746/2746 2711/2711 2748/2748
f 306/306 307/307 301/301
f 3222/3222 3220/3220 3221/3221
f 304/304 309/309 306/306
f 1396/1396 1337/1337 1335/1335
f 3203/3203 3194/3194 3199/3199
f 3197/3197 3204/3204 3199/3199
f 1346/1346 1345/1345 1353/1353
f 856/856 860/860 857/857
f 476/476 473/473 475/475
f 479/479 474/474 477/477
f 482/482 509/509 475/475
f 533/533 532/532 479/479
f 532/532 474/474 479/479
f 525/525 528/528 482/482
f 528/528 525/525 527/527
f 534/534 532/532 533/533
f 534/534 531/531 532/532
f 2164/2164 2160/2160 2161/2161
f 2146/2146 2154/2154 2145/2145
f 2145/2145 2154/2154 2148/2148
f 2148/2148 2155/2155 2147/2147
f 2156/2156 2147/2147 2155/2155
f 2502/2502 2507/2507 2493/2493
f 2491/2491 2502/2502 2493/2493
f 2035/2035 2038/2038 2036/2036
f 2490/2490 2491/2491 2492/2492
f 3859/3859 3857/3857 3858/3858
f 3940/3940 3949/3949 3858/3858
f 3949/3949 3940/3940 3981/3981
f 208/208 223/223 202/202
f 223/223 220/220 202/202
f 307/307 308/308 353/353
f 3233/3233 3223/3223 3221/3221
f 3222/3222 3221/3221 3223/3223
f 2748/2748 2711/2711 2723/2723
f 1396/1396 1365/1365 1337/1337
f 312/312 309/309 304/304
f 312/312 304/304 313/313
f 3203/3203 3199/3199 3206/3206
f 132/132 102/102 131/131
f 1351/1351 1336/1336 1348/1348
f 1345/1345 1340/1340 1341/1341
f 1393/1393 1350/1350 1342/1342
f 857/857 851/851 856/856
f 857/857 858/858 852/852
f 471/471 478/478 477/477
f 471/471 477/477 474/474
f 483/483 474/474 532/532
f 483/483 532/532 526/526
f 525/525 483/483 526/526
f 526/526 532/532 531/531
f 525/525 526/526 527/527
f 526/526 531/531 530/530
f 526/526 529/529 527/527
f 527/527 529/529 535/535
f 2244/2244 2237/2237 2168/2168
f 2244/2244 2168/2168 2161/2161
f 2235/2235 2239/2239 2223/2223
f 2164/2164 2161/2161 2168/2168
f 1855/1855 1876/1876 1869/1869
f 1863/1863 1834/1834 1861/1861
f 1834/1834 1838/1838 1861/1861
f 1842/1842 1841/1841 1866/1866
f 2039/2039 2035/2035 2047/2047
f 189/189 179/179 229/229
f 189/189 229/229 191/191
f 191/191 222/222 190/190
f 3885/3885 3883/3883 3884/3884
f 3885/3885 3886/3886 3883/3883
f 197/197 207/207 202/202
f 2864/2864 2865/2865 2866/2866
f 2864/2864 2847/2847 2865/2865
f 2845/2845 2846/2846 2847/2847
f 2847/2847 2846/2846 2865/2865
f 306/306 308/308 307/307
f 312/312 311/311 309/309
f 131/131 102/102 106/106
f 1348/1348 1352/1352 1346/1346
f 1346/1346 1340/1340 1345/1345
f 1340/1340 1339/1339 1341/1341
f 1387/1387 1393/1393 1342/1342
f 1387/1387 1383/1383 1393/1393
f 881/881 895/895 885/885
f 474/474 472/472 471/471
f 471/471 472/472 473/473
f 472/472 475/475 473/473
f 472/472 474/474 483/483
f 482/482 472/472 483/483
f 475/475 472/472 482/482
f 482/482 483/483 525/525
f 526/526 530/530 529/529
f 2235/2235 2222/2222 2236/2236
f 2243/2243 2229/2229 2240/2240
f 1876/1876 1855/1855 1863/1863
f 2163/2163 2146/2146 2159/2159
f 2154/2154 2146/2146 2163/2163
f 1861/1861 1838/1838 1862/1862
f 1862/1862 1838/1838 1842/1842
f 165/165 177/177 161/161
f 3854/3854 3853/3853 3857/3857
f 153/153 156/156 157/157
f 154/154 157/157 179/179
f 179/179 189/189 154/154
f 189/189 191/191 190/190
f 3896/3896 3885/3885 3884/3884
f 223/223 239/239 220/220
f 2846/2846 2845/2845 2840/2840
f 2723/2723 2711/2711 2709/2709
f 3205/3205 3204/3204 3197/3197
f 1336/1336 1347/1347 1348/1348
f 1347/1347 1352/1352 1348/1348
f 97/97 102/102 96/96
f 1341/1341 1339/1339 1342/1342
f 91/91 95/95 94/94
f 885/885 856/856 854/854
f 857/857 852/852 851/851
f 2222/2222 2238/2238 2236/2236
f 2177/2177 2237/2237 2242/2242
f 2168/2168 2167/2167 2164/2164
f 2239/2239 2240/2240 2223/2223
f 2164/2164 2167/2167 2160/2160
f 2229/2229 2223/2223 2240/2240
f 2228/2228 2229/2229 2243/2243
f 2160/2160 2167/2167 2165/2165
f 2160/2160 2165/2165 2159/2159
f 2228/2228 2243/2243 2227/2227
f 2165/2165 2163/2163 2159/2159
f 1863/1863 1877/1877 1876/1876
f 2162/2162 2154/2154 2163/2163
f 1862/1862 1842/1842 1865/1865
f 2491/2491 2493/2493 2492/2492
f 3855/3855 3852/3852 3854/3854
f 3858/3858 3857/3857 3853/3853
f 177/177 156/156 155/155
f 153/153 157/157 154/154
f 3884/3884 3981/3981 3896/3896
f 4026/4026 4027/4027 4028/4028
f 3887/3887 3886/3886 3885/3885
f 222/222 194/194 193/193
f 3887/3887 3888/3888 3886/3886
f 2839/2839 2838/2838 2834/2834
f 2865/2865 2846/2846 2855/2855
f 2865/2865 2808/2808 2866/2866
f 2926/2926 2866/2866 2808/2808
f 351/351 352/352 353/353
f 353/353 308/308 351/351
f 2711/2711 2720/2720 2712/2712
f 106/106 102/102 97/97
f 97/97 96/96 84/84
f 96/96 95/95 84/84
f 91/91 94/94 93/93
f 864/864 861/861 859/859
f 859/859 861/861 853/853
f 853/853 858/858 859/859
f 2238/2238 2188/2188 2241/2241
f 2168/2168 2237/2237 2177/2177
f 2235/2235 2223/2223 2222/2222
f 2168/2168 2177/2177 2173/2173
f 2167/2167 2168/2168 2173/2173
f 2173/2173 2172/2172 2167/2167
f 1877/1877 1863/1863 1861/1861
f 2157/2157 2154/2154 2162/2162
f 2157/2157 2148/2148 2154/2154
f 1866/1866 1865/1865 1842/1842
f 2493/2493 2507/2507 2495/2495
f 2038/2038 2035/2035 2039/2039
f 3855/3855 3941/3941 3856/3856
f 176/176 165/165 167/167
f 3855/3855 3856/3856 3852/3852
f 3852/3852 3853/3853 3854/3854
f 3940/3940 3951/3951 3981/3981
f 193/193 190/190 222/222
f 3890/3890 3886/3886 3888/3888
f 200/200 202/202 220/220
f 2846/2846 2849/2849 2855/2855
f 2855/2855 2808/2808 2865/2865
f 3223/3223 3233/3233 3234/3234
f 308/308 306/306 310/310
f 309/309 310/310 306/306
f 3206/3206 3199/3199 3204/3204
f 106/106 125/125 131/131
f 1346/1346 1352/1352 1340/1340
f 1339/1339 1340/1340 1338/1338
f 1342/1342 1339/1339 1387/1387
f 1387/1387 1371/1371 1383/1383
f 92/92 93/93 98/98
f 98/98 138/138 92/92
f 1375/1375 1389/1389 1382/1382
f 871/871 864/864 902/902
f 885/885 854/854 881/881
f 853/853 852/852 858/858
f 2238/2238 2222/2222 2188/2188
f 2241/2241 2188/2188 2177/2177
f 2242/2242 2241/2241 2177/2177
f 2222/2222 2223/2223 2191/2191
f 2191/2191 2223/2223 2229/2229
f 2167/2167 2172/2172 2165/2165
f 2228/2228 2192/2192 2229/2229
f 2192/2192 2228/2228 2227/2227
f 2165/2165 2170/2170 2163/2163
f 2224/2224 2227/2227 2232/2232
f 1862/1862 1877/1877 1861/1861
f 2155/2155 2148/2148 2158/2158
f 2158/2158 2148/2148 2157/2157
f 2495/2495 2507/2507 2508/2508
f 3853/3853 3938/3938 3858/3858
f 177/177 155/155 161/161
f 3858/3858 3938/3938 3939/3939
f 3940/3940 3858/3858 3939/3939
f 156/156 153/153 155/155
f 3939/3939 3951/3951 3940/3940
f 198/198 202/202 200/200
f 2840/2840 2839/2839 2834/2834
f 2840/2840 2841/2841 2849/2849
f 2849/2849 2846/2846 2840/2840
f 351/351 308/308 350/350
f 2710/2710 2711/2711 2712/2712
f 2712/2712 2720/2720 2740/2740
f 1337/1337 1329/1329 1335/1335
f 1335/1335 1330/1330 1336/1336
f 1331/1331 1336/1336 1330/1330
f 1336/1336 1331/1331 1347/1347
f 85/85 84/84 95/95
f 85/85 95/95 91/91
f 1371/1371 1382/1382 1383/1383
f 2191/2191 2188/2188 2222/2222
f 2177/2177 2188/2188 2178/2178
f 2178/2178 2173/2173 2177/2177
f 2191/2191 2229/2229 2192/2192
f 2172/2172 2173/2173 2176/2176
f 2192/2192 2227/2227 2193/2193
f 2170/2170 2165/2165 2172/2172
f 2227/2227 2224/2224 2193/2193
f 2224/2224 2232/2232 2225/2225
f 2233/2233 2225/2225 2232/2232
f 1877/1877 1862/1862 1878/1878
f 2157/2157 2162/2162 2166/2166
f 1865/1865 1878/1878 1862/1862
f 2493/2493 2495/2495 2494/2494
f 2492/2492 2493/2493 2494/2494
f 2490/2490 2492/2492 2510/2510
f 3852/3852 3850/3850 3853/3853
f 4021/4021 4019/4019 4015/4015
f 4007/4007 4021/4021 4015/4015
f 3896/3896 3887/3887 3885/3885
f 197/197 202/202 198/198
f 3888/3888 3897/3897 3890/3890
f 2849/2849 2841/2841 2872/2872
f 245/245 237/237 239/239
f 2806/2806 2808/2808 2855/2855
f 2808/2808 2807/2807 2809/2809
f 308/308 310/310 350/350
f 3222/3222 3223/3223 3224/3224
f 3222/3222 3224/3224 3225/3225
f 311/311 310/310 309/309
f 1329/1329 1330/1330 1335/1335
f 315/315 311/311 312/312
f 3206/3206 3204/3204 3213/3213
f 106/106 97/97 101/101
f 91/91 93/93 92/92
f 851/851 854/854 856/856
f 2191/2191 2187/2187 2188/2188
f 2187/2187 2178/2178 2188/2188
f 2187/2187 2191/2191 2192/2192
f 2173/2173 2178/2178 2176/2176
f 2192/2192 2186/2186 2187/2187
f 2186/2186 2192/2192 2193/2193
f 2163/2163 2170/2170 2162/2162
f 2162/2162 2171/2171 2166/2166
f 1878/1878 1865/1865 1879/1879
f 2157/2157 2166/2166 2158/2158
f 2038/2038 2040/2040 2045/2045
f 176/176 167/167 243/243
f 2492/2492 2494/2494 2503/2503
f 2510/2510 2492/2492 2503/2503
f 3853/3853 3850/3850 3938/3938
f 4018/4018 4015/4015 4019/4019
f 4021/4021 4007/4007 3989/3989
f 3951/3951 3895/3895 3896/3896
f 219/219 200/200 220/220
f 2872/2872 2841/2841 2871/2871
f 2872/2872 2806/2806 2849/2849
f 2849/2849 2806/2806 2855/2855
f 239/239 237/237 220/220
f 2806/2806 2807/2807 2808/2808
f 349/349 245/245 352/352
f 349/349 352/352 351/351
f 317/317 350/350 310/310
f 2711/2711 2710/2710 2709/2709
f 2723/2723 2709/2709 2739/2739
f 1349/1349 1337/1337 1365/1365
f 1337/1337 1349/1349 1329/1329
f 3205/3205 3212/3212 3204/3204
f 1352/1352 1343/1343 1340/1340
f 1338/1338 1340/1340 1343/1343
f 91/91 92/92 89/89
f 1372/1372 1375/1375 1382/1382
f 111/111 92/92 138/138
f 1389/1389 1375/1375 1388/1388
f 2178/2178 2187/2187 2186/2186
f 2178/2178 2186/2186 2179/2179
f 2176/2176 2178/2178 2179/2179
f 2186/2186 2193/2193 2189/2189
f 2224/2224 2189/2189 2193/2193
f 2179/2179 2171/2171 2176/2176
f 2172/2172 2176/2176 2170/2170
f 2170/2170 2176/2176 2171/2171
f 2162/2162 2170/2170 2171/2171
f 2233/2233 2226/2226 2225/2225
f 2234/2234 2226/2226 2233/2233
f 2040/2040 2038/2038 2039/2039
f 3850/3850 3952/3952 3938/3938
f 4018/4018 4017/4017 4015/4015
f 4015/4015 4014/4014 4007/4007
f 4014/4014 3998/3998 4007/4007
f 3985/3985 3989/3989 4007/4007
f 3896/3896 3895/3895 3887/3887
f 193/193 194/194 192/192
f 2834/2834 2841/2841 2840/2840
f 2872/2872 2871/2871 2804/2804
f 2872/2872 2804/2804 2806/2806
f 351/351 350/350 349/349
f 3224/3224 3226/3226 3225/3225
f 2712/2712 2722/2722 2710/2710
f 310/310 311/311 316/316
f 101/101 97/97 84/84
f 1354/1354 1343/1343 1352/1352
f 1367/1367 1343/1343 1354/1354
f 1332/1332 1339/1339 1338/1338
f 85/85 91/91 89/89
f 1387/1387 1377/1377 1371/1371
f 92/92 111/111 89/89
f 895/895 881/881 900/900
f 861/861 864/864 871/871
f 2179/2179 2186/2186 2189/2189
f 2179/2179 2189/2189 2180/2180
f 2179/2179 2180/2180 2171/2171
f 2189/2189 2224/2224 2225/2225
f 2190/2190 2189/2189 2225/2225
f 2226/2226 2234/2234 2221/2221
f 2166/2166 2169/2169 2158/2158
f 2046/2046 2045/2045 2040/2040
f 2495/2495 2508/2508 2501/2501
f 3856/3856 3935/3935 3852/3852
f 164/164 165/165 161/161
f 3998/3998 3982/3982 4007/4007
f 3982/3982 3985/3985 4007/4007
f 3895/3895 3892/3892 3887/3887
f 2871/2871 2841/2841 2857/2857
f 2857/2857 2834/2834 2835/2835
f 2857/2857 2841/2841 2834/2834
f 2804/2804 2801/2801 2806/2806
f 316/316 317/317 310/310
f 2709/2709 2710/2710 2706/2706
f 311/311 315/315 316/316
f 3212/3212 3213/3213 3204/3204
f 1352/1352 1347/1347 1355/1355
f 1343/1343 1367/1367 1344/1344
f 1338/1338 1298/1298 1332/1332
f 1371/1371 1372/1372 1382/1382
f 2189/2189 2190/2190 2180/2180
f 2171/2171 2180/2180 2174/2174
f 2171/2171 2174/2174 2166/2166
f 2226/2226 2190/2190 2225/2225
f 2041/2041 2046/2046 2040/2040
f 2040/2040 2039/2039 2041/2041
f 3935/3935 3849/3849 3852/3852
f 4015/4015 4016/4016 4014/4014
f 155/155 153/153 150/150
f 3998/3998 3988/3988 3982/3982
f 3889/3889 3888/3888 3887/3887
f 3888/3888 3893/3893 3897/3897
f 2832/2832 2838/2838 2837/2837
f 2806/2806 2802/2802 2807/2807
f 350/350 335/335 349/349
f 317/317 335/335 350/350
f 101/101 107/107 106/106
f 1352/1352 1355/1355 1354/1354
f 1360/1360 1344/1344 1367/1367
f 1343/1343 1344/1344 1338/1338
f 1339/1339 1332/1332 1387/1387
f 871/871 866/866 861/861
f 853/853 861/861 847/847
f 2174/2174 2180/2180 2181/2181
f 2180/2180 2190/2190 2184/2184
f 2174/2174 2175/2175 2166/2166
f 2166/2166 2175/2175 2169/2169
f 2221/2221 2190/2190 2226/2226
f 2046/2046 2041/2041 2051/2051
f 2508/2508 2509/2509 2501/2501
f 2495/2495 2501/2501 2500/2500
f 2494/2494 2495/2495 2500/2500
f 2494/2494 2500/2500 2504/2504
f 2504/2504 2503/2503 2494/2494
f 3856/3856 3936/3936 3935/3935
f 167/167 165/165 166/166
f 165/165 164/164 166/166
f 3852/3852 3849/3849 3850/3850
f 3846/3846 3952/3952 3850/3850
f 161/161 155/155 158/158
f 3952/3952 3846/3846 3965/3965
f 4015/4015 4017/4017 4016/4016
f 3836/3836 3837/3837 3843/3843
f 183/183 154/154 189/189
f 189/189 190/190 183/183
f 3889/3889 3893/3893 3888/3888
f 2834/2834 2838/2838 2832/2832
f 2835/2835 2873/2873 2857/2857
f 2804/2804 2871/2871 2803/2803
f 2803/2803 2871/2871 2857/2857
f 2804/2804 2803/2803 2801/2801
f 220/220 237/237 226/226
f 3227/3227 3226/3226 3224/3224
f 2722/2722 2706/2706 2710/2710
f 1327/1327 1329/1329 1349/1349
f 319/319 316/316 318/318
f 318/318 316/316 315/315
f 106/106 107/107 125/125
f 107/107 101/101 86/86
f 101/101 84/84 86/86
f 84/84 85/85 86/86
f 1332/1332 1377/1377 1387/1387
f 882/882 900/900 881/881
f 851/851 850/850 854/854
f 852/852 846/846 851/851
f 853/853 846/846 852/852
f 2180/2180 2184/2184 2181/2181
f 2190/2190 2221/2221 2185/2185
f 2190/2190 2185/2185 2184/2184
f 2175/2175 2174/2174 2181/2181
f 2041/2041 2049/2049 2051/2051
f 2211/2211 2185/2185 2221/2221
f 2039/2039 2048/2048 2041/2041
f 243/243 167/167 240/240
f 2039/2039 2050/2050 2048/2048
f 3937/3937 3935/3935 3936/3936
f 240/240 167/167 166/166
f 3846/3846 3850/3850 3847/3847
f 3989/3989 3987/3987 3990/3990
f 3892/3892 3889/3889 3887/3887
f 192/192 194/194 195/195
f 194/194 197/197 195/195
f 219/219 220/220 226/226
f 2832/2832 2833/2833 2834/2834
f 2857/2857 2873/2873 2777/2777
f 2777/2777 2803/2803 2857/2857
f 2806/2806 2801/2801 2802/2802
f 338/338 245/245 349/349
f 3227/3227 3228/3228 3226/3226
f 2706/2706 2708/2708 2709/2709
f 1331/1331 1330/1330 1324/1324
f 1347/1347 1331/1331 1355/1355
f 1344/1344 1298/1298 1338/1338
f 85/85 89/89 87/87
f 1377/1377 1368/1368 1371/1371
f 866/866 862/862 861/861
f 861/861 862/862 847/847
f 851/851 846/846 850/850
f 2181/2181 2184/2184 2185/2185
f 2175/2175 2181/2181 2182/2182
f 2048/2048 2049/2049 2041/2041
f 2220/2220 2214/2214 2211/2211
f 2175/2175 2182/2182 2183/2183
f 2169/2169 2175/2175 2183/2183
f 2169/2169 2183/2183 2194/2194
f 2183/2183 2209/2209 2194/2194
f 2214/2214 2220/2220 2219/2219
f 2199/2199 2183/2183 2198/2198
f 2209/2209 2183/2183 2199/2199
f 2199/2199 2202/2202 2209/2209
f 240/240 166/166 180/180
f 2200/2200 2203/2203 2202/2202
f 2202/2202 2203/2203 2204/2204
f 2203/2203 2207/2207 2204/2204
f 166/166 164/164 180/180
f 3849/3849 3847/3847 3850/3850
f 155/155 150/150 158/158
f 3953/3953 3835/3835 3843/3843
f 3843/3843 3835/3835 3834/3834
f 3836/3836 3843/3843 3834/3834
f 3989/3989 3985/3985 3987/3987
f 2833/2833 2835/2835 2834/2834
f 2803/2803 2774/2774 2801/2801
f 349/349 335/335 338/338
f 2801/2801 2773/2773 2802/2802
f 3227/3227 3229/3229 3228/3228
f 2709/2709 2708/2708 2715/2715
f 2715/2715 2739/2739 2709/2709
f 317/317 316/316 319/319
f 320/320 318/318 315/315
f 1329/1329 1323/1323 1330/1330
f 3020/3020 3012/3012 3021/3021
f 1331/1331 1357/1357 1355/1355
f 1355/1355 1356/1356 1354/1354
f 1298/1298 1297/1297 1332/1332
f 1332/1332 1368/1368 1377/1377
f 1371/1371 1370/1370 1372/1372
f 2185/2185 2182/2182 2181/2181
f 2182/2182 2185/2185 2195/2195
f 2195/2195 2185/2185 2211/2211
f 2214/2214 2219/2219 2217/2217
f 2212/2212 2211/2211 2213/2213
f 2199/2199 2198/2198 2200/2200
f 2202/2202 2199/2199 2200/2200
f 2217/2217 2219/2219 2230/2230
f 2216/2216 2214/2214 2217/2217
f 2203/2203 2200/2200 2201/2201
f 163/163 180/180 164/164
f 2206/2206 2207/2207 2203/2203
f 3847/3847 3849/3849 3848/3848
f 164/164 161/161 163/163
f 163/163 161/161 162/162
f 161/161 158/158 162/162
f 153/153 148/148 150/150
f 3982/3982 3984/3984 3985/3985
f 153/153 154/154 148/148
f 190/190 193/193 183/183
f 183/183 193/193 192/192
f 198/198 195/195 197/197
f 2833/2833 2832/2832 2821/2821
f 2835/2835 2875/2875 2873/2873
f 2833/2833 2875/2875 2835/2835
f 2803/2803 2777/2777 2774/2774
f 245/245 338/338 237/237
f 2805/2805 2773/2773 2800/2800
f 1329/1329 1327/1327 1323/1323
f 1330/1330 1323/1323 1324/1324
f 1355/1355 1357/1357 1356/1356
f 1367/1367 1354/1354 1362/1362
f 1362/1362 1360/1360 1367/1367
f 86/86 85/85 87/87
f 1297/1297 1368/1368 1332/1332
f 87/87 89/89 90/90
f 1370/1370 1373/1373 1372/1372
f 1372/1372 1373/1373 1375/1375
f 89/89 111/111 90/90
f 1375/1375 1373/1373 1388/1388
f 909/909 866/866 871/871
f 2195/2195 2210/2210 2182/2182
f 2182/2182 2210/2210 2196/2196
f 2183/2183 2182/2182 2196/2196
f 2195/2195 2211/2211 2212/2212
f 2214/2214 2213/2213 2211/2211
f 2216/2216 2215/2215 2214/2214
f 2215/2215 2213/2213 2214/2214
f 2196/2196 2197/2197 2183/2183
f 2183/2183 2197/2197 2198/2198
f 2198/2198 2197/2197 2200/2200
f 2197/2197 2196/2196 2205/2205
f 2216/2216 2217/2217 2218/2218
f 2215/2215 2216/2216 2218/2218
f 2217/2217 2230/2230 2231/2231
f 2231/2231 2218/2218 2217/2217
f 2200/2200 2197/2197 2201/2201
f 2201/2201 2197/2197 2205/2205
f 2205/2205 2208/2208 2201/2201
f 180/180 163/163 277/277
f 2208/2208 2206/2206 2201/2201
f 2203/2203 2201/2201 2206/2206
f 3848/3848 3845/3845 3847/3847
f 3847/3847 3845/3845 3846/3846
f 3953/3953 3841/3841 3835/3835
f 154/154 183/183 148/148
f 2774/2774 2773/2773 2801/2801
f 2739/2739 2715/2715 2747/2747
f 1324/1324 1357/1357 1331/1331
f 1354/1354 1356/1356 1362/1362
f 86/86 87/87 88/88
f 1361/1361 1313/1313 1360/1360
f 1360/1360 1313/1313 1344/1344
f 1298/1298 1344/1344 1313/1313
f 1371/1371 1368/1368 1370/1370
f 881/881 855/855 882/882
f 854/854 855/855 881/881
f 854/854 850/850 855/855
f 846/846 853/853 847/847
f 1110/1110 1078/1078 1099/1099
f 1099/1099 1100/1100 1135/1135
f 1147/1147 1139/1139 1110/1110
f 1099/1099 1147/1147 1110/1110
f 1135/1135 1147/1147 1099/1099
f 1139/1139 1114/1114 1110/1110
f 1114/1114 1115/1115 1113/1113
f 1114/1114 1133/1133 1115/1115
f 1135/1135 1100/1100 1102/1102
f 1102/1102 1100/1100 1101/1101
f 1116/1116 1115/1115 1117/1117
f 1115/1115 1132/1132 1117/1117
f 1133/1133 1132/1132 1115/1115
f 1135/1135 1102/1102 1108/1108
f 1132/1132 1118/1118 1117/1117
f 1151/1151 1130/1130 1118/1118
f 1104/1104 1108/1108 1102/1102
f 1103/1103 1104/1104 1102/1102
f 1111/1111 1108/1108 1104/1104
f 1105/1105 1106/1106 1104/1104
f 277/277 163/163 168/168
f 1111/1111 1104/1104 1106/1106
f 1111/1111 1106/1106 1112/1112
f 1106/1106 1141/1141 1112/1112
f 3851/3851 3845/3845 3848/3848
f 163/163 162/162 168/168
f 3836/3836 3831/3831 3837/3837
f 3988/3988 3986/3986 3982/3982
f 3984/3984 3987/3987 3985/3985
f 2833/2833 2822/2822 2875/2875
f 2777/2777 2873/2873 2874/2874
f 1349/1349 1333/1333 1327/1327
f 3020/3020 3010/3010 3012/3012
f 125/125 107/107 133/133
f 1362/1362 1364/1364 1361/1361
f 1361/1361 1360/1360 1362/1362
f 1361/1361 1363/1363 1313/1313
f 1297/1297 1296/1296 1368/1368
f 1078/1078 1079/1079 1099/1099
f 1099/1099 1079/1079 1100/1100
f 1113/1113 1080/1080 1110/1110
f 1101/1101 1109/1109 1103/1103
f 1114/1114 1113/1113 1110/1110
f 1115/1115 1116/1116 1113/1113
f 1103/1103 1102/1102 1101/1101
f 1117/1117 1118/1118 1116/1116
f 1116/1116 1118/1118 1120/1120
f 1118/1118 1130/1130 1120/1120
f 1105/1105 1103/1103 1107/1107
f 1105/1105 1104/1104 1103/1103
f 1141/1141 1106/1106 1105/1105
f 162/162 158/158 172/172
f 158/158 150/150 147/147
f 150/150 148/148 147/147
f 147/147 148/148 149/149
f 3982/3982 3983/3983 3984/3984
f 183/183 192/192 184/184
f 3990/3990 3992/3992 3993/3993
f 2821/2821 2822/2822 2833/2833
f 2874/2874 2873/2873 2875/2875
f 2822/2822 2874/2874 2875/2875
f 2776/2776 2774/2774 2777/2777
f 2706/2706 2707/2707 2708/2708
f 319/319 318/318 321/321
f 318/318 320/320 321/321
f 1327/1327 1321/1321 1323/1323
f 3010/3010 3005/3005 3012/3012
f 86/86 115/115 107/107
f 1357/1357 1314/1314 1356/1356
f 1362/1362 1356/1356 1358/1358
f 1362/1362 1358/1358 1364/1364
f 1361/1361 1364/1364 1363/1363
f 1298/1298 1313/1313 1299/1299
f 1299/1299 1295/1295 1298/1298
f 1298/1298 1295/1295 1297/1297
f 90/90 111/111 116/116
f 882/882 901/901 900/900
f 866/866 909/909 878/878
f 882/882 892/892 901/901
f 866/866 878/878 862/862
f 882/882 855/855 884/884
f 846/846 847/847 848/848
f 1078/1078 1110/1110 1080/1080
f 1084/1084 1100/1100 1079/1079
f 1084/1084 1090/1090 1101/1101
f 1126/1126 1113/1113 1129/1129
f 1080/1080 1113/1113 1126/1126
f 1101/1101 1100/1100 1084/1084
f 1131/1131 1119/1119 1121/1121
f 1119/1119 1116/1116 1121/1121
f 1113/1113 1116/1116 1119/1119
f 1129/1129 1113/1113 1119/1119
f 1107/1107 1103/1103 1109/1109
f 187/187 170/170 182/182
f 1116/1116 1120/1120 1121/1121
f 1105/1105 1107/1107 1134/1134
f 187/187 168/168 170/170
f 1134/1134 1141/1141 1105/1105
f 3851/3851 3956/3956 3950/3950
f 170/170 168/168 169/169
f 3851/3851 3839/3839 3845/3845
f 168/168 162/162 169/169
f 169/169 162/162 172/172
f 3836/3836 3834/3834 3831/3831
f 3983/3983 3982/3982 3986/3986
f 3990/3990 3987/3987 3991/3991
f 3889/3889 3894/3894 3893/3893
f 2837/2837 2836/2836 2832/2832
f 2776/2776 2775/2775 2774/2774
f 2773/2773 2774/2774 2775/2775
f 338/338 335/335 337/337
f 317/317 322/322 335/335
f 2785/2785 2800/2800 2773/2773
f 317/317 319/319 322/322
f 1322/1322 1321/1321 1327/1327
f 321/321 320/320 323/323
f 133/133 107/107 115/115
f 1324/1324 1314/1314 1357/1357
f 1314/1314 1358/1358 1356/1356
f 1363/1363 1299/1299 1313/1313
f 1368/1368 1296/1296 1369/1369
f 1368/1368 1369/1369 1370/1370
f 1370/1370 1374/1374 1373/1373
f 90/90 116/116 113/113
f 1076/1076 1078/1078 1077/1077
f 1079/1079 1078/1078 1076/1076
f 1081/1081 1083/1083 1079/1079
f 1083/1083 1084/1084 1079/1079
f 1101/1101 1090/1090 1140/1140
f 2759/2759 2761/2761 2768/2768
f 2311/2311 2302/2302 2301/2301
f 2309/2309 2311/2311 2301/2301
f 182/182 174/174 248/248
f 174/174 182/182 170/170
f 3950/3950 3839/3839 3851/3851
f 3839/3839 3829/3829 3845/3845
f 3845/3845 3829/3829 3846/3846
f 3965/3965 3841/3841 3953/3953
f 3991/3991 3992/3992 3990/3990
f 2874/2874 2776/2776 2777/2777
f 237/237 338/338 348/348
f 2785/2785 2773/2773 2775/2775
f 319/319 321/321 322/322
f 1322/1322 1327/1327 1333/1333
f 1323/1323 1321/1321 1319/1319
f 1323/1323 1319/1319 1324/1324
f 86/86 88/88 115/115
f 1314/1314 1312/1312 1358/1358
f 1359/1359 1363/1363 1364/1364
f 1363/1363 1359/1359 1299/1299
f 1295/1295 1296/1296 1297/1297
f 882/882 884/884 892/892
f 862/862 878/878 863/863
f 849/849 847/847 862/862
f 1081/1081 1079/1079 1076/1076
f 1078/1078 1080/1080 1077/1077
f 1122/1122 1080/1080 1126/1126
f 1090/1090 1084/1084 1083/1083
f 2303/2303 2309/2309 2301/2301
f 248/248 174/174 268/268
f 2769/2769 2761/2761 2760/2760
f 2769/2769 2760/2760 2767/2767
f 3971/3971 3942/3942 3956/3956
f 172/172 158/158 159/159
f 158/158 147/147 159/159
f 3834/3834 3835/3835 3812/3812
f 3831/3831 3834/3834 3812/3812
f 149/149 148/148 183/183
f 184/184 149/149 183/183
f 3305/3305 3302/3302 3306/3306
f 2836/2836 2827/2827 2832/2832
f 2832/2832 2827/2827 2821/2821
f 2823/2823 2874/2874 2822/2822
f 2874/2874 2823/2823 2776/2776
f 2776/2776 2778/2778 2775/2775
f 348/348 338/338 337/337
f 335/335 334/334 337/337
f 322/322 334/334 335/335
f 2707/2707 2713/2713 2708/2708
f 1312/1312 1359/1359 1358/1358
f 1359/1359 1364/1364 1358/1358
f 1359/1359 1307/1307 1299/1299
f 1299/1299 1300/1300 1295/1295
f 1369/1369 1374/1374 1370/1370
f 862/862 863/863 849/849
f 1083/1083 1081/1081 1089/1089
f 1122/1122 1123/1123 1077/1077
f 1089/1089 1090/1090 1083/1083
f 1077/1077 1080/1080 1122/1122
f 1126/1126 1136/1136 1122/1122
f 1136/1136 1126/1126 1129/1129
f 2302/2302 2300/2300 2301/2301
f 2761/2761 2759/2759 2760/2760
f 171/171 170/170 169/169
f 3846/3846 3829/3829 3979/3979
f 3846/3846 3979/3979 3965/3965
f 3812/3812 3830/3830 3831/3831
f 198/198 200/200 199/199
f 2713/2713 2714/2714 2708/2708
f 2708/2708 2714/2714 2715/2715
f 1322/1322 1320/1320 1321/1321
f 118/118 88/88 114/114
f 1299/1299 1307/1307 1300/1300
f 88/88 87/87 114/114
f 1296/1296 1295/1295 1300/1300
f 1369/1369 1296/1296 1301/1301
f 87/87 90/90 112/112
f 90/90 113/113 112/112
f 1392/1392 1373/1373 1374/1374
f 116/116 130/130 113/113
f 901/901 892/892 898/898
f 846/846 848/848 850/850
f 849/849 848/848 847/847
f 1069/1069 1076/1076 1075/1075
f 1076/1076 1077/1077 1075/1075
f 1081/1081 1076/1076 1069/1069
f 1082/1082 1081/1081 1069/1069
f 1123/1123 1075/1075 1077/1077
f 1090/1090 1089/1089 1095/1095
f 1090/1090 1095/1095 1140/1140
f 1809/1809 1805/1805 1812/1812
f 2301/2301 2300/2300 2299/2299
f 174/174 170/170 171/171
f 3942/3942 3950/3950 3956/3956
f 169/169 172/172 173/173
f 3841/3841 3812/3812 3835/3835
f 3812/3812 3813/3813 3830/3830
f 152/152 149/149 184/184
f 3993/3993 3992/3992 3994/3994
f 199/199 200/200 201/201
f 2778/2778 2779/2779 2775/2775
f 2780/2780 2785/2785 2775/2775
f 333/333 334/334 322/322
f 323/323 325/325 321/321
f 115/115 88/88 117/117
f 1324/1324 1315/1315 1314/1314
f 1314/1314 1309/1309 1312/1312
f 1359/1359 1312/1312 1307/1307
f 1300/1300 1301/1301 1296/1296
f 114/114 87/87 112/112
f 855/855 850/850 875/875
f 1070/1070 1073/1073 1071/1071
f 1070/1070 1069/1069 1073/1073
f 1069/1069 1075/1075 1073/1073
f 1082/1082 1069/1069 1072/1072
f 1082/1082 1089/1089 1081/1081
f 2303/2303 2301/2301 2299/2299
f 2760/2760 2759/2759 2757/2757
f 2760/2760 2757/2757 2767/2767
f 3942/3942 3839/3839 3950/3950
f 171/171 169/169 173/173
f 3965/3965 3979/3979 3811/3811
f 3811/3811 3841/3841 3965/3965
f 3841/3841 3811/3811 3812/3812
f 3811/3811 3810/3810 3812/3812
f 3812/3812 3810/3810 3813/3813
f 3305/3305 3304/3304 3302/3302
f 213/213 184/184 192/192
f 195/195 198/198 199/199
f 2819/2819 2823/2823 2822/2822
f 2828/2828 2776/2776 2823/2823
f 334/334 340/340 337/337
f 333/333 322/322 324/324
f 2785/2785 2780/2780 2799/2799
f 324/324 322/322 321/321
f 1321/1321 1320/1320 1319/1319
f 115/115 129/129 133/133
f 1324/1324 1319/1319 1315/1315
f 1314/1314 1315/1315 1309/1309
f 1369/1369 1376/1376 1374/1374
f 1074/1074 1085/1085 1071/1071
f 1071/1071 1085/1085 1068/1068
f 1068/1068 1070/1070 1071/1071
f 1071/1071 1073/1073 1074/1074
f 1068/1068 1069/1069 1070/1070
f 1072/1072 1069/1069 1068/1068
f 1082/1082 1072/1072 1088/1088
f 1092/1092 1082/1082 1088/1088
f 1092/1092 1089/1089 1082/1082
f 1124/1124 1075/1075 1123/1123
f 1122/1122 1150/1150 1123/1123
f 1810/1810 1801/1801 1809/1809
f 1122/1122 1136/1136 1150/1150
f 1812/1812 1805/1805 1816/1816
f 2757/2757 2759/2759 2758/2758
f 3942/3942 3832/3832 3839/3839
f 3810/3810 3811/3811 3808/3808
f 3301/3301 3302/3302 3304/3304
f 188/188 184/184 213/213
f 3991/3991 3997/3997 3992/3992
f 192/192 195/195 196/196
f 200/200 219/219 201/201
f 2821/2821 2819/2819 2822/2822
f 2823/2823 2819/2819 2828/2828
f 2776/2776 2828/2828 2778/2778
f 237/237 238/238 226/226
f 334/334 333/333 340/340
f 2713/2713 2716/2716 2714/2714
f 324/324 321/321 325/325
f 3004/3004 3002/3002 3005/3005
f 3004/3004 3005/3005 3010/3010
f 3004/3004 3010/3010 3009/3009
f 115/115 117/117 129/129
f 1312/1312 1309/1309 1302/1302
f 1312/1312 1302/1302 1307/1307
f 1302/1302 1300/1300 1307/1307
f 873/873 863/863 878/878
f 875/875 884/884 855/855
f 872/872 849/849 873/873
f 863/863 873/873 849/849
f 850/850 848/848 874/874
f 1074/1074 1128/1128 1098/1098
f 1085/1085 1074/1074 1098/1098
f 1091/1091 1068/1068 1085/1085
f 1068/1068 1091/1091 1086/1086
f 1086/1086 1072/1072 1068/1068
f 1073/1073 1127/1127 1074/1074
f 1087/1087 1088/1088 1072/1072
f 1073/1073 1125/1125 1127/1127
f 1124/1124 1123/1123 1142/1142
f 1148/1148 1142/1142 1123/1123
f 1809/1809 1801/1801 1805/1805
f 2310/2310 2303/2303 2299/2299
f 3808/3808 3811/3811 3979/3979
f 3808/3808 3809/3809 3810/3810
f 152/152 184/184 188/188
f 199/199 206/206 195/195
f 2827/2827 2810/2810 2821/2821
f 2779/2779 2780/2780 2775/2775
f 2747/2747 2715/2715 2717/2717
f 1320/1320 1318/1318 1319/1319
f 117/117 88/88 118/118
f 1302/1302 1301/1301 1300/1300
f 1369/1369 1301/1301 1378/1378
f 1390/1390 1392/1392 1374/1374
f 878/878 887/887 873/873
f 2961/2961 2959/2959 2960/2960
f 2958/2958 2960/2960 2959/2959
f 1098/1098 1128/1128 1145/1145
f 1086/1086 1087/1087 1072/1072
f 1125/1125 1137/1137 1127/1127
f 1087/1087 1094/1094 1088/1088
f 1125/1125 1073/1073 1124/1124
f 1073/1073 1075/1075 1124/1124
f 1088/1088 1093/1093 1092/1092
f 1810/1810 1806/1806 1801/1801
f 1150/1150 1148/1148 1123/1123
f 1911/1911 1928/1928 1929/1929
f 1805/1805 1802/1802 1816/1816
f 2757/2757 2758/2758 2754/2754
f 3942/3942 3943/3943 3832/3832
f 3839/3839 3828/3828 3829/3829
f 3979/3979 3829/3829 3833/3833
f 172/172 159/159 175/175
f 3979/3979 3833/3833 3808/3808
f 159/159 147/147 151/151
f 3808/3808 3814/3814 3809/3809
f 3301/3301 3297/3297 3295/3295
f 3302/3302 3301/3301 3295/3295
f 3997/3997 3996/3996 3992/3992
f 2810/2810 2819/2819 2821/2821
f 238/238 237/237 348/348
f 2797/2797 2799/2799 2780/2780
f 1333/1333 1366/1366 1326/1326
f 1326/1326 1322/1322 1333/1333
f 3005/3005 3002/3002 3016/3016
f 850/850 874/874 875/875
f 2962/2962 2959/2959 2961/2961
f 2961/2961 2963/2963 2962/2962
f 1074/1074 1127/1127 1128/1128
f 1125/1125 1138/1138 1137/1137
f 1088/1088 1094/1094 1093/1093
f 1125/1125 1124/1124 1138/1138
f 1124/1124 1142/1142 1138/1138
f 1799/1799 1801/1801 1806/1806
f 1915/1915 1928/1928 1911/1911
f 1816/1816 1802/1802 1817/1817
f 268/268 174/174 178/178
f 175/175 159/159 160/160
f 3814/3814 3808/3808 3833/3833
f 160/160 159/159 151/151
f 151/151 147/147 149/149
f 3814/3814 3815/3815 3809/3809
f 196/196 213/213 192/192
f 3995/3995 3992/3992 3996/3996
f 3992/3992 3995/3995 3994/3994
f 225/225 219/219 226/226
f 2828/2828 2819/2819 2818/2818
f 2818/2818 2778/2778 2828/2828
f 2779/2779 2781/2781 2780/2780
f 2782/2782 2780/2780 2781/2781
f 2780/2780 2782/2782 2797/2797
f 2715/2715 2714/2714 2717/2717
f 333/333 324/324 332/332
f 2718/2718 2714/2714 2716/2716
f 324/324 325/325 326/326
f 3004/3004 3001/3001 3002/3002
f 1319/1319 1318/1318 1315/1315
f 1318/1318 1317/1317 1315/1315
f 1309/1309 1306/1306 1302/1302
f 1378/1378 1301/1301 1304/1304
f 849/849 872/872 848/848
f 1159/1159 1161/1161 1163/1163
f 2956/2956 2958/2958 2957/2957
f 1144/1144 1146/1146 1128/1128
f 1145/1145 1128/1128 1146/1146
f 1087/1087 1086/1086 1096/1096
f 1128/1128 1127/1127 1144/1144
f 1127/1127 1143/1143 1144/1144
f 1143/1143 1127/1127 1137/1137
f 1094/1094 1087/1087 1096/1096
f 1138/1138 1142/1142 1152/1152
f 1798/1798 1799/1799 1806/1806
f 1799/1799 1800/1800 1801/1801
f 1800/1800 1802/1802 1801/1801
f 1805/1805 1801/1801 1802/1802
f 2300/2300 2304/2304 2297/2297
f 174/174 171/171 178/178
f 175/175 173/173 172/172
f 3828/3828 3823/3823 3829/3829
f 3829/3829 3823/3823 3833/3833
f 151/151 149/149 152/152
f 3994/3994 3995/3995 4003/4003
f 2778/2778 2818/2818 2779/2779
f 333/333 336/336 340/340
f 1320/1320 1322/1322 1326/1326
f 326/326 325/325 327/327
f 3016/3016 3002/3002 3015/3015
f 129/129 117/117 127/127
f 1315/1315 1316/1316 1309/1309
f 1309/1309 1316/1316 1306/1306
f 1306/1306 1305/1305 1302/1302
f 114/114 112/112 120/120
f 121/121 113/113 130/130
f 884/884 875/875 891/891
f 872/872 874/874 848/848
f 1175/1175 1182/1182 1167/1167
f 1167/1167 1158/1158 1171/1171
f 1182/1182 1160/1160 1167/1167
f 2963/2963 2971/2971 2962/2962
f 2959/2959 2957/2957 2958/2958
f 2957/2957 2952/2952 2956/2956
f 1086/1086 1097/1097 1096/1096
f 1143/1143 1137/1137 1149/1149
f 1149/1149 1137/1137 1138/1138
f 1149/1149 1138/1138 1152/1152
f 1799/1799 1798/1798 1792/1792
f 3832/3832 3828/3828 3839/3839
f 3815/3815 3814/3814 3816/3816
f 195/195 206/206 196/196
f 2819/2819 2813/2813 2818/2818
f 226/226 238/238 225/225
f 2779/2779 2824/2824 2781/2781
f 2818/2818 2824/2824 2779/2779
f 2797/2797 2782/2782 2795/2795
f 2718/2718 2719/2719 2714/2714
f 326/326 332/332 324/324
f 118/118 123/123 117/117
f 1302/1302 1303/1303 1301/1301
f 119/119 120/120 112/112
f 112/112 113/113 119/119
f 1374/1374 1380/1380 1390/1390
f 891/891 898/898 892/892
f 884/884 891/891 892/892
f 1167/1167 1171/1171 1172/1172
f 1171/1171 1158/1158 1170/1170
f 1158/1158 1167/1167 1160/1160
f 1162/1162 1161/1161 1160/1160
f 1161/1161 1159/1159 1160/1160
f 1165/1165 1163/1163 1161/1161
f 1153/1153 1145/1145 1146/1146
f 2952/2952 2953/2953 2956/2956
f 1144/1144 1143/1143 1235/1235
f 1149/1149 1235/1235 1143/1143
f 1794/1794 1791/1791 1797/1797
f 1797/1797 1791/1791 1798/1798
f 1908/1908 1910/1910 1930/1930
f 1792/1792 1798/1798 1791/1791
f 1792/1792 1800/1800 1799/1799
f 1908/1908 1914/1914 1905/1905
f 1914/1914 1915/1915 1905/1905
f 1915/1915 1911/1911 1905/1905
f 1800/1800 1804/1804 1802/1802
f 1911/1911 1887/1887 1905/1905
f 1911/1911 1926/1926 1887/1887
f 2298/2298 2310/2310 2299/2299
f 2299/2299 2300/2300 2297/2297
f 2297/2297 2298/2298 2299/2299
f 3819/3819 3833/3833 3823/3823
f 3833/3833 3819/3819 3816/3816
f 3816/3816 3814/3814 3833/3833
f 206/206 199/199 204/204
f 219/219 225/225 201/201
f 2813/2813 2819/2819 2810/2810
f 2783/2783 2782/2782 2781/2781
f 2717/2717 2714/2714 2719/2719
f 333/333 332/332 336/336
f 3001/3001 3009/3009 3018/3018
f 3009/3009 3001/3001 3004/3004
f 127/127 117/117 123/123
f 1315/1315 1317/1317 1316/1316
f 114/114 123/123 118/118
f 122/122 123/123 114/114
f 1305/1305 1303/1303 1302/1302
f 1304/1304 1301/1301 1303/1303
f 1378/1378 1376/1376 1369/1369
f 888/888 873/873 887/887
f 1175/1175 1167/1167 1172/1172
f 1171/1171 1174/1174 1173/1173
f 1171/1171 1170/1170 1174/1174
f 1178/1178 1182/1182 1175/1175
f 1182/1182 1162/1162 1160/1160
f 1159/1159 1157/1157 1158/1158
f 1160/1160 1159/1159 1158/1158
f 1162/1162 1164/1164 1161/1161
f 1165/1165 1161/1161 1164/1164
f 2972/2972 2971/2971 2963/2963
f 2304/2304 2305/2305 2297/2297
f 3943/3943 3946/3946 3832/3832
f 3816/3816 3817/3817 3815/3815
f 3996/3996 3999/3999 3995/3995
f 2783/2783 2781/2781 2824/2824
f 2784/2784 2782/2782 2783/2783
f 337/337 340/340 341/341
f 342/342 340/340 336/336
f 2795/2795 2782/2782 2784/2784
f 1325/1325 1320/1320 1326/1326
f 326/326 327/327 402/402
f 1325/1325 1318/1318 1320/1320
f 3015/3015 3002/3002 3000/3000
f 3015/3015 3000/3000 3019/3019
f 114/114 120/120 122/122
f 1376/1376 1380/1380 1374/1374
f 872/872 876/876 874/874
f 1172/1172 1171/1171 1173/1173
f 1175/1175 1172/1172 1176/1176
f 1178/1178 1175/1175 1176/1176
f 1178/1178 1221/1221 1182/1182
f 1170/1170 1158/1158 1156/1156
f 1182/1182 1166/1166 1162/1162
f 1182/1182 1221/1221 1166/1166
f 1158/1158 1157/1157 1156/1156
f 1153/1153 1154/1154 1145/1145
f 2953/2953 2952/2952 2949/2949
f 2949/2949 2954/2954 2953/2953
f 1146/1146 1144/1144 1234/1234
f 1796/1796 1789/1789 1795/1795
f 1795/1795 1789/1789 1794/1794
f 1235/1235 1234/1234 1144/1144
f 1910/1910 1913/1913 1930/1930
f 1794/1794 1790/1790 1791/1791
f 1800/1800 1792/1792 1803/1803
f 1804/1804 1800/1800 1803/1803
f 1802/1802 1811/1811 1817/1817
f 2757/2757 2754/2754 2756/2756
f 173/173 175/175 251/251
f 251/251 175/175 241/241
f 3295/3295 3293/3293 3292/3292
f 3293/3293 3295/3295 3297/3297
f 188/188 213/213 232/232
f 4020/4020 3996/3996 3997/3997
f 4020/4020 4002/4002 3996/3996
f 2827/2827 2811/2811 2810/2810
f 2818/2818 2813/2813 2816/2816
f 2824/2824 2818/2818 2816/2816
f 341/341 348/348 337/337
f 2717/2717 2719/2719 2742/2742
f 3694/3694 3693/3693 3695/3695
f 332/332 331/331 336/336
f 2784/2784 2796/2796 2795/2795
f 2718/2718 2726/2726 2721/2721
f 2721/2721 2719/2719 2718/2718
f 332/332 326/326 331/331
f 2726/2726 2727/2727 2721/2721
f 328/328 326/326 402/402
f 3000/3000 3002/3002 3001/3001
f 3003/3003 3001/3001 3018/3018
f 1305/1305 1306/1306 1310/1310
f 1378/1378 1379/1379 1376/1376
f 119/119 113/113 121/121
f 1390/1390 1380/1380 1391/1391
f 891/891 897/897 898/898
f 875/875 890/890 891/891
f 872/872 873/873 877/877
f 872/872 877/877 876/876
f 1173/1173 1181/1181 1172/1172
f 2943/2943 2941/2941 2946/2946
f 1173/1173 1174/1174 1177/1177
f 1180/1180 1174/1174 1179/1179
f 1183/1183 1178/1178 1176/1176
f 1174/1174 1170/1170 1179/1179
f 1183/1183 1221/1221 1178/1178
f 1179/1179 1170/1170 1156/1156
f 1162/1162 1166/1166 1164/1164
f 1164/1164 1166/1166 1169/1169
f 1156/1156 1157/1157 1154/1154
f 1165/1165 1164/1164 1168/1168
f 1237/1237 1153/1153 1146/1146
f 1237/1237 1146/1146 1234/1234
f 1916/1916 1913/1913 1909/1909
f 1790/1790 1794/1794 1789/1789
f 1910/1910 1909/1909 1913/1913
f 1791/1791 1790/1790 1785/1785
f 1811/1811 1802/1802 1804/1804
f 1817/1817 1811/1811 1818/1818
f 256/256 178/178 224/224
f 3840/3840 3832/3832 3946/3946
f 178/178 171/171 224/224
f 3840/3840 3824/3824 3832/3832
f 3828/3828 3832/3832 3824/3824
f 3828/3828 3824/3824 3823/3823
f 175/175 160/160 241/241
f 152/152 188/188 250/250
f 250/250 188/188 232/232
f 2820/2820 2783/2783 2824/2824
f 348/348 341/341 238/238
f 342/342 341/341 340/340
f 2783/2783 2786/2786 2784/2784
f 2787/2787 2784/2784 2786/2786
f 2719/2719 2721/2721 2732/2732
f 2732/2732 2742/2742 2719/2719
f 3694/3694 3676/3676 3693/3693
f 3693/3693 3676/3676 3678/3678
f 3676/3676 3663/3663 3678/3678
f 1325/1325 1334/1334 1318/1318
f 3019/3019 3000/3000 3011/3011
f 1317/1317 1318/1318 1334/1334
f 1328/1328 1317/1317 1334/1334
f 1317/1317 1328/1328 1316/1316
f 1306/1306 1316/1316 1310/1310
f 1310/1310 1311/1311 1305/1305
f 1305/1305 1311/1311 1303/1303
f 1311/1311 1308/1308 1303/1303
f 1304/1304 1303/1303 1308/1308
f 121/121 130/130 140/140
f 1195/1195 1198/1198 1196/1196
f 1197/1197 1193/1193 1196/1196
f 1193/1193 1195/1195 1196/1196
f 1181/1181 1184/1184 1185/1185
f 1186/1186 1181/1181 1185/1185
f 1191/1191 1186/1186 1185/1185
f 1201/1201 1186/1186 1191/1191
f 1181/1181 1173/1173 1184/1184
f 2943/2943 2946/2946 2947/2947
f 2943/2943 2942/2942 2941/2941
f 2941/2941 2942/2942 2938/2938
f 1177/1177 1174/1174 1180/1180
f 2576/2576 2559/2559 2578/2578
f 1168/1168 1164/1164 1169/1169
f 2603/2603 2633/2633 2639/2639
f 1785/1785 1792/1792 1791/1791
f 1905/1905 1887/1887 1885/1885
f 2298/2298 2297/2297 2306/2306
f 1925/1925 1887/1887 1926/1926
f 2754/2754 2755/2755 2756/2756
f 224/224 171/171 249/249
f 173/173 249/249 171/171
f 249/249 173/173 251/251
f 3824/3824 3822/3822 3823/3823
f 160/160 151/151 241/241
f 151/151 152/152 244/244
f 4002/4002 4020/4020 4012/4012
f 3999/3999 3996/3996 4002/4002
f 196/196 232/232 213/213
f 216/216 196/196 206/206
f 204/204 216/216 206/206
f 3999/3999 4000/4000 3995/3995
f 4003/4003 3995/3995 4000/4000
f 2820/2820 2786/2786 2783/2783
f 1061/1061 1060/1060 1062/1062
f 2788/2788 2786/2786 2792/2792
f 2786/2786 2788/2788 2787/2787
f 336/336 339/339 342/342
f 336/336 331/331 339/339
f 2784/2784 2787/2787 2796/2796
f 3709/3709 3689/3689 3676/3676
f 3694/3694 3709/3709 3676/3676
f 326/326 328/328 331/331
f 2796/2796 2787/2787 2798/2798
f 3011/3011 3000/3000 3006/3006
f 2999/2999 3000/3000 3001/3001
f 1316/1316 1417/1417 1310/1310
f 1311/1311 1310/1310 1424/1424
f 1308/1308 1311/1311 1400/1400
f 1304/1304 1308/1308 1397/1397
f 1378/1378 1304/1304 1397/1397
f 1379/1379 1381/1381 1376/1376
f 1380/1380 1376/1376 1381/1381
f 890/890 897/897 891/891
f 877/877 873/873 889/889
f 889/889 873/873 888/888
f 890/890 875/875 883/883
f 3412/3412 3388/3388 3405/3405
f 3416/3416 3405/3405 3387/3387
f 3405/3405 3388/3388 3387/3387
f 1199/1199 1194/1194 1197/1197
f 1198/1198 1195/1195 1213/1213
f 1197/1197 1194/1194 1193/1193
f 1194/1194 1190/1190 1193/1193
f 1193/1193 1187/1187 1195/1195
f 1194/1194 1192/1192 1190/1190
f 1192/1192 1194/1194 1202/1202
f 1190/1190 1188/1188 1193/1193
f 1193/1193 1188/1188 1187/1187
f 1192/1192 1189/1189 1190/1190
f 1189/1189 1188/1188 1190/1190
f 1187/1187 1185/1185 1184/1184
f 1188/1188 1185/1185 1187/1187
f 1185/1185 1188/1188 1189/1189
f 1191/1191 1185/1185 1189/1189
f 1184/1184 1177/1177 1212/1212
f 1184/1184 1173/1173 1177/1177
f 1179/1179 1156/1156 1232/1232
f 2559/2559 2577/2577 2578/2578
f 1153/1153 1155/1155 1154/1154
f 1155/1155 1156/1156 1154/1154
f 1910/1910 1908/1908 1881/1881
f 1792/1792 1785/1785 1807/1807
f 1792/1792 1807/1807 1803/1803
f 1803/1803 1808/1808 1804/1804
f 1885/1885 1887/1887 1886/1886
f 3819/3819 3823/3823 3822/3822
f 241/241 151/151 242/242
f 3816/3816 3819/3819 3818/3818
f 242/242 151/151 244/244
f 3292/3292 3293/3293 3294/3294
f 244/244 152/152 250/250
f 3292/3292 3294/3294 3296/3296
f 232/232 196/196 216/216
f 199/199 201/201 203/203
f 201/201 225/225 203/203
f 2816/2816 2820/2820 2824/2824
f 2792/2792 2791/2791 2788/2788
f 2787/2787 2788/2788 2789/2789
f 3708/3708 3689/3689 3709/3709
f 3768/3768 3756/3756 3767/3767
f 3767/3767 3756/3756 3743/3743
f 3663/3663 3676/3676 3661/3661
f 3744/3744 3743/3743 3756/3756
f 2999/2999 3001/3001 3003/3003
f 3662/3662 3705/3705 3664/3664
f 3664/3664 3705/3705 3706/3706
f 1417/1417 1418/1418 1310/1310
f 1310/1310 1418/1418 1424/1424
f 1424/1424 1400/1400 1311/1311
f 1308/1308 1400/1400 1402/1402
f 3644/3644 3645/3645 3646/3646
f 1379/1379 1378/1378 1397/1397
f 875/875 874/874 883/883
f 877/877 879/879 876/876
f 3416/3416 3387/3387 3397/3397
f 3416/3416 3397/3397 3418/3418
f 1206/1206 1204/1204 1199/1199
f 1218/1218 1198/1198 1213/1213
f 1204/1204 1194/1194 1199/1199
f 1204/1204 1202/1202 1194/1194
f 1211/1211 1213/1213 1195/1195
f 1192/1192 1202/1202 1200/1200
f 1192/1192 1191/1191 1189/1189
f 1200/1200 1191/1191 1192/1192
f 1187/1187 1184/1184 1211/1211
f 1184/1184 1212/1212 1211/1211
f 1177/1177 1180/1180 1230/1230
f 2941/2941 2938/2938 2939/2939
f 1176/1176 1226/1226 1183/1183
f 1179/1179 1228/1228 1180/1180
f 2572/2572 2559/2559 2576/2576
f 2559/2559 2565/2565 2577/2577
f 1232/1232 1156/1156 1155/1155
f 2574/2574 2577/2577 2565/2565
f 2955/2955 2954/2954 2949/2949
f 1931/1931 1916/1916 1907/1907
f 1909/1909 1907/1907 1916/1916
f 1789/1789 1786/1786 1790/1790
f 1786/1786 1785/1785 1790/1790
f 1908/1908 1905/1905 1882/1882
f 1803/1803 1807/1807 1808/1808
f 1905/1905 1885/1885 1882/1882
f 1808/1808 1814/1814 1804/1804
f 1814/1814 1811/1811 1804/1804
f 2297/2297 2305/2305 2307/2307
f 2762/2762 2756/2756 2755/2755
f 2756/2756 2762/2762 2766/2766
f 3819/3819 3822/3822 3820/3820
f 3818/3818 3819/3819 3820/3820
f 3816/3816 3818/3818 3817/3817
f 3294/3294 3298/3298 3296/3296
f 4001/4001 3999/3999 4002/4002
f 3999/3999 4001/4001 4000/4000
f 199/199 203/203 204/204
f 2810/2810 2811/2811 2812/2812
f 2816/2816 2815/2815 2820/2820
f 1046/1046 1060/1060 1061/1061
f 1046/1046 1045/1045 1060/1060
f 2791/2791 2789/2789 2788/2788
f 342/342 339/339 343/343
f 2790/2790 2789/2789 2794/2794
f 2787/2787 2789/2789 2790/2790
f 331/331 328/328 330/330
f 2787/2787 2790/2790 2798/2798
f 2721/2721 2727/2727 2734/2734
f 3689/3689 3708/3708 3679/3679
f 2736/2736 2735/2735 2727/2727
f 3689/3689 3661/3661 3676/3676
f 3006/3006 3000/3000 2999/2999
f 3663/3663 3662/3662 3664/3664
f 123/123 128/128 127/127
f 128/128 123/123 126/126
f 1417/1417 1419/1419 1418/1418
f 1400/1400 1424/1424 1426/1426
f 1425/1425 1400/1400 1426/1426
f 1425/1425 1402/1402 1400/1400
f 3645/3645 3647/3647 3646/3646
f 120/120 119/119 124/124
f 874/874 876/876 880/880
f 876/876 879/879 880/880
f 3412/3412 3407/3407 3388/3388
f 3387/3387 3384/3384 3397/3397
f 3418/3418 3397/3397 3421/3421
f 3421/3421 3397/3397 3419/3419
f 1206/1206 1205/1205 1204/1204
f 1203/1203 1202/1202 1204/1204
f 1203/1203 1200/1200 1202/1202
f 1195/1195 1187/1187 1211/1211
f 1201/1201 1191/1191 1200/1200
f 1219/1219 1201/1201 1200/1200
f 1219/1219 1220/1220 1201/1201
f 1212/1212 1177/1177 1230/1230
f 1232/1232 1228/1228 1179/1179
f 2633/2633 2596/2596 2604/2604
f 2568/2568 2575/2575 2574/2574
f 2603/2603 2596/2596 2633/2633
f 2949/2949 2952/2952 2950/2950
f 2600/2600 2603/2603 2639/2639
f 1793/1793 1789/1789 1796/1796
f 1903/1903 1907/1907 1909/1909
f 1903/1903 1909/1909 1910/1910
f 1786/1786 1789/1789 1787/1787
f 1903/1903 1910/1910 1881/1881
f 1882/1882 1881/1881 1908/1908
f 1885/1885 1886/1886 1884/1884
f 2315/2315 2307/2307 2305/2305
f 2297/2297 2307/2307 2306/2306
f 256/256 224/224 266/266
f 2765/2765 2766/2766 2762/2762
f 224/224 249/249 266/266
f 3825/3825 3824/3824 3826/3826
f 3824/3824 3840/3840 3826/3826
f 3822/3822 3824/3824 3825/3825
f 3818/3818 3821/3821 3817/3817
f 3293/3293 3300/3300 3294/3294
f 3298/3298 3303/3303 3296/3296
f 250/250 232/232 258/258
f 232/232 216/216 247/247
f 2810/2810 2812/2812 2813/2813
f 2816/2816 2813/2813 2815/2815
f 238/238 341/341 344/344
f 342/342 343/343 344/344
f 2791/2791 2793/2793 2789/2789
f 3751/3751 3752/3752 3754/3754
f 2793/2793 2794/2794 2789/2789
f 1059/1059 1054/1054 1058/1058
f 328/328 329/329 330/330
f 2734/2734 2727/2727 2735/2735
f 2735/2735 2736/2736 2737/2737
f 3689/3689 3679/3679 3661/3661
f 3755/3755 3767/3767 3743/3743
f 3743/3743 3744/3744 3742/3742
f 3663/3663 3661/3661 3662/3662
f 3006/3006 3008/3008 3011/3011
f 127/127 128/128 137/137
f 3705/3705 3662/3662 3675/3675
f 126/126 123/123 122/122
f 1424/1424 1418/1418 1421/1421
f 1423/1423 1426/1426 1424/1424
f 1428/1428 1402/1402 1425/1425
f 3692/3692 3682/3682 3710/3710
f 3692/3692 3683/3683 3682/3682
f 3688/3688 3710/3710 3682/3682
f 917/917 916/916 888/888
f 889/889 888/888 916/916
f 883/883 874/874 886/886
f 894/894 879/879 877/877
f 874/874 880/880 886/886
f 3387/3387 3388/3388 3386/3386
f 3387/3387 3386/3386 3384/3384
f 3419/3419 3397/3397 3398/3398
f 3399/3399 3419/3419 3398/3398
f 3423/3423 3419/3419 3399/3399
f 3399/3399 3404/3404 3423/3423
f 3404/3404 3420/3420 3423/3423
f 1207/1207 1206/1206 1208/1208
f 1209/1209 1207/1207 1208/1208
f 1209/1209 1210/1210 1207/1207
f 1233/1233 1218/1218 1213/1213
f 1205/1205 1206/1206 1207/1207
f 1205/1205 1203/1203 1204/1204
f 1219/1219 1200/1200 1203/1203
f 2978/2978 2976/2976 2987/2987
f 2938/2938 2932/2932 2939/2939
f 2572/2572 2552/2552 2559/2559
f 2552/2552 2551/2551 2559/2559
f 2565/2565 2561/2561 2574/2574
f 2561/2561 2568/2568 2574/2574
f 1793/1793 1787/1787 1789/1789
f 1786/1786 1783/1783 1785/1785
f 1890/1890 1903/1903 1881/1881
f 1785/1785 1784/1784 1807/1807
f 1813/1813 1808/1808 1807/1807
f 1882/1882 1885/1885 1884/1884
f 1808/1808 1819/1819 1814/1814
f 1887/1887 1925/1925 1886/1886
f 266/266 249/249 267/267
f 251/251 241/241 271/271
f 241/241 242/242 270/270
f 270/270 271/271 241/241
f 242/242 244/244 270/270
f 244/244 250/250 278/278
f 250/250 258/258 278/278
f 4011/4011 4002/4002 4012/4012
f 4002/4002 4010/4010 4001/4001
f 203/203 225/225 227/227
f 1043/1043 1045/1045 1046/1046
f 1043/1043 1044/1044 1045/1045
f 1064/1064 1053/1053 1052/1052
f 3767/3767 3750/3750 3769/3769
f 3755/3755 3750/3750 3767/3767
f 3747/3747 3751/3751 3750/3750
f 3752/3752 3751/3751 3747/3747
f 3745/3745 3750/3750 3755/3755
f 3747/3747 3750/3750 3745/3745
f 2738/2738 2735/2735 2737/2737
f 3753/3753 3752/3752 3747/3747
f 3745/3745 3755/3755 3743/3743
f 3740/3740 3743/3743 3742/3742
f 2999/2999 3003/3003 3007/3007
f 3006/3006 2999/2999 3007/3007
f 3658/3658 3662/3662 3661/3661
f 1419/1419 1420/1420 1418/1418
f 1420/1420 1421/1421 1418/1418
f 1421/1421 1423/1423 1424/1424
f 1427/1427 1425/1425 1426/1426
f 1427/1427 1428/1428 1425/1425
f 122/122 120/120 124/124
f 3688/3688 3682/3682 3681/3681
f 3688/3688 3681/3681 3686/3686
f 3688/3688 3686/3686 3711/3711
f 140/140 119/119 121/121
f 897/897 890/890 903/903
f 883/883 903/903 890/890
f 889/889 894/894 877/877
f 3417/3417 3386/3386 3407/3407
f 3407/3407 3386/3386 3388/3388
f 3397/3397 3384/3384 3398/3398
f 1218/1218 1233/1233 1236/1236
f 1209/1209 1214/1214 1210/1210
f 1215/1215 1210/1210 1214/1214
f 1210/1210 1227/1227 1207/1207
f 1211/1211 1233/1233 1213/1213
f 1222/1222 1203/1203 1205/1205
f 1203/1203 1222/1222 1219/1219
f 1211/1211 1212/1212 1231/1231
f 1212/1212 1230/1230 1231/1231
f 2978/2978 2973/2973 2976/2976
f 1228/1228 1230/1230 1180/1180
f 2579/2579 2602/2602 2601/2601
f 2601/2601 2582/2582 2579/2579
f 2551/2551 2557/2557 2559/2559
f 2559/2559 2557/2557 2565/2565
f 2601/2601 2595/2595 2582/2582
f 2604/2604 2595/2595 2601/2601
f 2604/2604 2596/2596 2595/2595
f 2596/2596 2603/2603 2600/2600
f 2949/2949 2950/2950 2951/2951
f 2949/2949 2951/2951 2955/2955
f 2639/2639 2640/2640 2637/2637
f 1907/1907 1903/1903 1896/1896
f 1783/1783 1784/1784 1785/1785
f 1881/1881 1882/1882 1883/1883
f 1883/1883 1882/1882 1884/1884
f 1784/1784 1813/1813 1807/1807
f 1884/1884 1886/1886 1891/1891
f 1814/1814 1819/1819 1811/1811
f 1886/1886 1925/1925 1924/1924
f 4011/4011 4012/4012 4013/4013
f 232/232 247/247 258/258
f 2820/2820 2815/2815 2830/2830
f 344/344 341/341 342/342
f 1049/1049 1053/1053 1044/1044
f 1052/1052 1053/1053 1049/1049
f 1064/1064 1052/1052 1054/1054
f 2737/2737 2743/2743 2738/2738
f 3679/3679 3666/3666 3661/3661
f 3666/3666 3665/3665 3661/3661
f 2737/2737 2745/2745 2743/2743
f 3743/3743 3740/3740 3745/3745
f 3747/3747 3745/3745 3746/3746
f 3746/3746 3745/3745 3740/3740
f 3747/3747 3746/3746 3748/3748
f 3007/3007 3008/3008 3006/3006
f 3007/3007 3003/3003 3017/3017
f 3022/3022 3017/3017 3003/3003
f 128/128 126/126 134/134
f 3658/3658 3675/3675 3662/3662
f 1421/1421 1422/1422 1423/1423
f 124/124 134/134 126/126
f 1427/1427 1426/1426 1423/1423
f 126/126 122/122 124/124
f 3683/3683 3704/3704 3680/3680
f 3683/3683 3680/3680 3682/3682
f 3681/3681 3682/3682 3680/3680
f 3686/3686 3681/3681 3684/3684
f 119/119 140/140 135/135
f 3684/3684 3690/3690 3687/3687
f 3686/3686 3684/3684 3687/3687
f 883/883 899/899 903/903
f 899/899 883/883 886/886
f 879/879 896/896 880/880
f 894/894 896/896 879/879
f 3399/3399 3398/3398 3383/3383
f 3404/3404 3399/3399 3400/3400
f 3420/3420 3404/3404 3406/3406
f 3404/3404 3400/3400 3406/3406
f 1215/1215 1214/1214 1216/1216
f 1225/1225 1207/1207 1227/1227
f 1222/1222 1205/1205 1225/1225
f 1225/1225 1205/1205 1207/1207
f 1233/1233 1211/1211 1231/1231
f 2931/2931 2932/2932 2938/2938
f 2573/2573 2552/2552 2572/2572
f 2639/2639 2637/2637 2600/2600
f 1896/1896 1899/1899 1907/1907
f 1787/1787 1783/1783 1786/1786
f 1890/1890 1896/1896 1903/1903
f 1883/1883 1890/1890 1881/1881
f 1884/1884 1891/1891 1888/1888
f 1811/1811 1819/1819 1818/1818
f 267/267 249/249 251/251
f 274/274 251/251 271/271
f 3822/3822 3825/3825 3844/3844
f 3844/3844 3820/3820 3822/3822
f 3818/3818 3820/3820 3838/3838
f 1035/1035 1029/1029 1038/1038
f 280/280 270/270 244/244
f 3818/3818 3838/3838 3821/3821
f 244/244 278/278 280/280
f 1028/1028 1034/1034 1031/1031
f 3294/3294 3299/3299 3298/3298
f 4010/4010 4002/4002 4011/4011
f 4004/4004 4000/4000 4001/4001
f 238/238 227/227 225/225
f 2815/2815 2829/2829 2830/2830
f 1048/1048 1047/1047 1043/1043
f 1046/1046 1048/1048 1043/1043
f 2745/2745 2749/2749 2743/2743
f 2750/2750 2743/2743 2749/2749
f 3661/3661 3656/3656 3658/3658
f 3749/3749 3748/3748 3746/3746
f 2750/2750 2749/2749 2751/2751
f 3758/3758 3749/3749 3746/3746
f 3758/3758 3746/3746 3740/3740
f 3007/3007 3013/3013 3008/3008
f 3740/3740 3742/3742 3738/3738
f 3734/3734 3732/3732 3733/3733
f 3734/3734 3757/3757 3732/3732
f 3658/3658 3696/3696 3675/3675
f 1421/1421 1420/1420 1422/1422
f 3657/3657 3669/3669 3659/3659
f 3729/3729 3732/3732 3757/3757
f 3704/3704 3669/3669 3657/3657
f 3760/3760 3729/3729 3757/3757
f 134/134 124/124 139/139
f 3704/3704 3657/3657 3680/3680
f 139/139 124/124 135/135
f 3680/3680 3660/3660 3681/3681
f 3681/3681 3660/3660 3684/3684
f 124/124 119/119 135/135
f 3718/3718 3723/3723 3722/3722
f 3717/3717 3722/3722 3725/3725
f 3684/3684 3685/3685 3690/3690
f 3725/3725 3721/3721 3717/3717
f 3719/3719 3715/3715 3721/3721
f 3724/3724 3719/3719 3721/3721
f 906/906 886/886 880/880
f 896/896 906/906 880/880
f 3383/3383 3398/3398 3384/3384
f 3399/3399 3383/3383 3400/3400
f 3406/3406 3400/3400 3401/3401
f 3406/3406 3401/3401 3413/3413
f 1215/1215 1216/1216 1217/1217
f 2621/2621 2622/2622 2619/2619
f 2619/2619 2622/2622 2631/2631
f 1223/1223 1210/1210 1215/1215
f 2273/2273 2250/2250 2268/2268
f 2619/2619 2631/2631 2630/2630
f 2274/2274 2268/2268 2271/2271
f 2978/2978 2986/2986 2982/2982
f 2978/2978 2982/2982 2973/2973
f 2632/2632 2620/2620 2630/2630
f 2620/2620 2632/2632 2602/2602
f 2594/2594 2595/2595 2596/2596
f 2594/2594 2596/2596 2600/2600
f 2568/2568 2561/2561 2566/2566
f 1787/1787 1793/1793 1788/1788
f 1788/1788 1783/1783 1787/1787
f 1820/1820 1819/1819 1808/1808
f 1891/1891 1886/1886 1892/1892
f 2308/2308 2306/2306 2307/2307
f 2315/2315 2312/2312 2307/2307
f 3826/3826 3827/3827 3825/3825
f 1038/1038 1027/1027 1032/1032
f 1029/1029 1027/1027 1038/1038
f 1003/1003 1011/1011 1005/1005
f 3299/3299 3294/3294 3300/3300
f 278/278 258/258 279/279
f 258/258 247/247 279/279
f 204/204 218/218 216/216
f 204/204 203/203 205/205
f 2831/2831 2812/2812 2811/2811
f 2813/2813 2812/2812 2814/2814
f 2814/2814 2815/2815 2813/2813
f 238/238 344/344 227/227
f 1044/1044 1047/1047 1049/1049
f 1052/1052 1049/1049 1051/1051
f 3665/3665 3656/3656 3661/3661
f 3665/3665 3691/3691 3656/3656
f 2752/2752 2750/2750 2751/2751
f 3691/3691 3668/3668 3656/3656
f 3013/3013 3014/3014 3008/3008
f 3740/3740 3738/3738 3739/3739
f 3758/3758 3740/3740 3739/3739
f 3733/3733 3741/3741 3759/3759
f 3658/3658 3656/3656 3655/3655
f 3654/3654 3655/3655 3656/3656
f 3696/3696 3658/3658 3655/3655
f 3733/3733 3732/3732 3730/3730
f 3655/3655 3659/3659 3696/3696
f 3730/3730 3732/3732 3729/3729
f 3729/3729 3760/3760 3761/3761
f 3727/3727 3729/3729 3761/3761
f 3657/3657 3660/3660 3680/3680
f 3780/3780 3781/3781 3782/3782
f 3684/3684 3660/3660 3685/3685
f 3718/3718 3722/3722 3717/3717
f 3716/3716 3717/3717 3715/3715
f 3715/3715 3717/3717 3721/3721
f 3762/3762 3690/3690 3685/3685
f 3762/3762 3713/3713 3719/3719
f 1217/1217 1223/1223 1215/1215
f 1223/1223 1217/1217 1224/1224
f 2273/2273 2283/2283 2254/2254
f 2282/2282 2254/2254 2283/2283
f 2254/2254 2250/2250 2273/2273
f 2258/2258 2271/2271 2268/2268
f 2552/2552 2573/2573 2553/2553
f 2552/2552 2549/2549 2551/2551
f 2549/2549 2550/2550 2551/2551
f 2550/2550 2557/2557 2551/2551
f 2565/2565 2557/2557 2561/2561
f 2582/2582 2595/2595 2583/2583
f 2594/2594 2600/2600 2597/2597
f 2964/2964 2951/2951 2950/2950
f 2955/2955 2951/2951 2966/2966
f 1907/1907 1899/1899 1912/1912
f 1883/1883 1884/1884 1888/1888
f 1808/1808 1813/1813 1820/1820
f 1886/1886 1924/1924 1892/1892
f 1826/1826 1818/1818 1819/1819
f 2755/2755 2763/2763 2762/2762
f 2308/2308 2307/2307 2312/2312
f 2765/2765 2762/2762 2764/2764
f 3827/3827 3826/3826 3842/3842
f 267/267 251/251 274/274
f 1005/1005 997/997 1003/1003
f 1027/1027 1029/1029 1008/1008
f 1003/1003 1010/1010 1011/1011
f 1010/1010 1022/1022 1025/1025
f 1022/1022 1010/1010 1013/1013
f 3307/3307 3298/3298 3299/3299
f 468/468 447/447 455/455
f 454/454 455/455 447/447
f 454/454 447/447 446/446
f 457/457 437/437 461/461
f 454/454 449/449 462/462
f 4005/4005 4001/4001 4010/4010
f 2826/2826 2812/2812 2831/2831
f 203/203 227/227 214/214
f 1047/1047 1044/1044 1043/1043
f 1052/1052 1051/1051 1054/1054
f 3114/3114 3116/3116 3115/3115
f 3668/3668 3765/3765 3667/3667
f 3105/3105 3114/3114 3115/3115
f 3667/3667 3656/3656 3668/3668
f 3735/3735 3737/3737 3738/3738
f 3738/3738 3737/3737 3739/3739
f 3735/3735 3741/3741 3733/3733
f 3735/3735 3738/3738 3741/3741
f 3735/3735 3733/3733 3730/3730
f 3670/3670 3667/3667 3674/3674
f 3667/3667 3670/3670 3654/3654
f 3656/3656 3667/3667 3654/3654
f 3654/3654 3670/3670 3671/3671
f 3730/3730 3729/3729 3728/3728
f 3655/3655 3654/3654 3657/3657
f 3655/3655 3657/3657 3659/3659
f 3677/3677 3671/3671 3707/3707
f 3654/3654 3671/3671 3677/3677
f 3728/3728 3729/3729 3727/3727
f 3726/3726 3728/3728 3727/3727
f 3660/3660 3654/3654 3677/3677
f 3654/3654 3660/3660 3657/3657
f 3761/3761 3720/3720 3727/3727
f 3718/3718 3720/3720 3761/3761
f 3660/3660 3677/3677 3712/3712
f 3723/3723 3718/3718 3761/3761
f 3685/3685 3660/3660 3712/3712
f 3716/3716 3718/3718 3717/3717
f 3713/3713 3685/3685 3712/3712
f 3685/3685 3713/3713 3762/3762
f 3713/3713 3715/3715 3719/3719
f 1224/1224 1217/1217 1229/1229
f 2288/2288 2262/2262 2282/2282
f 2262/2262 2254/2254 2282/2282
f 2250/2250 2258/2258 2268/2268
f 2982/2982 2981/2981 2973/2973
f 2630/2630 2620/2620 2619/2619
f 2620/2620 2602/2602 2579/2579
f 2553/2553 2549/2549 2552/2552
f 2580/2580 2579/2579 2582/2582
f 2583/2583 2580/2580 2582/2582
f 2568/2568 2566/2566 2570/2570
f 2600/2600 2637/2637 2597/2597
f 1815/1815 1784/1784 1783/1783
f 987/987 978/978 979/979
f 2762/2762 2763/2763 2764/2764
f 266/266 267/267 269/269
f 1024/1024 1008/1008 1029/1029
f 1035/1035 1024/1024 1029/1029
f 1035/1035 1028/1028 1024/1024
f 1023/1023 1024/1024 1028/1028
f 1022/1022 1013/1013 1015/1015
f 1023/1023 1028/1028 1031/1031
f 3308/3308 3298/3298 3307/3307
f 3314/3314 3317/3317 3308/3308
f 468/468 469/469 447/447
f 435/435 437/437 429/429
f 454/454 446/446 449/449
f 462/462 449/449 459/459
f 246/246 216/216 218/218
f 2753/2753 2752/2752 2751/2751
f 3737/3737 3735/3735 3736/3736
f 3736/3736 3735/3735 3730/3730
f 3777/3777 3778/3778 3779/3779
f 3109/3109 3107/3107 3108/3108
f 3673/3673 3670/3670 3674/3674
f 3111/3111 3107/3107 3109/3109
f 3731/3731 3730/3730 3728/3728
f 3771/3771 3772/3772 3731/3731
f 3770/3770 3731/3731 3728/3728
f 3771/3771 3731/3731 3770/3770
f 3671/3671 3672/3672 3707/3707
f 3699/3699 3707/3707 3672/3672
f 3774/3774 3775/3775 3776/3776
f 3770/3770 3728/3728 3726/3726
f 3707/3707 3699/3699 3770/3770
f 3677/3677 3707/3707 3770/3770
f 3726/3726 3727/3727 3720/3720
f 3714/3714 3726/3726 3720/3720
f 3677/3677 3770/3770 3712/3712
f 3770/3770 3726/3726 3714/3714
f 3712/3712 3770/3770 3714/3714
f 3720/3720 3718/3718 3716/3716
f 3714/3714 3720/3720 3716/3716
f 3712/3712 3714/3714 3713/3713
f 3714/3714 3716/3716 3715/3715
f 3713/3713 3714/3714 3715/3715
f 3417/3417 3403/3403 3386/3386
f 2622/2622 2621/2621 2613/2613
f 2271/2271 2258/2258 2270/2270
f 2932/2932 2931/2931 2929/2929
f 2597/2597 2637/2637 2636/2636
f 2966/2966 2951/2951 2965/2965
f 1889/1889 1890/1890 1883/1883
f 1883/1883 1888/1888 1889/1889
f 1784/1784 1822/1822 1813/1813
f 1822/1822 1825/1825 1813/1813
f 1813/1813 1825/1825 1820/1820
f 1888/1888 1891/1891 1893/1893
f 978/978 987/987 985/985
f 1893/1893 1891/1891 1892/1892
f 1892/1892 1924/1924 1927/1927
f 2313/2313 2308/2308 2312/2312
f 2313/2313 2312/2312 2314/2314
f 3844/3844 3825/3825 3827/3827
f 997/997 995/995 1003/1003
f 1012/1012 1010/1010 995/995
f 995/995 1010/1010 1003/1003
f 1031/1031 1030/1030 1023/1023
f 3316/3316 3313/3313 3311/3311
f 3311/3311 3313/3313 3310/3310
f 3310/3310 3314/3314 3308/3308
f 424/424 434/434 427/427
f 435/435 429/429 434/434
f 424/424 427/427 420/420
f 421/421 424/424 420/420
f 431/431 437/437 457/457
f 4005/4005 4004/4004 4001/4001
f 203/203 214/214 205/205
f 2812/2812 2826/2826 2814/2814
f 345/345 227/227 344/344
f 339/339 346/346 343/343
f 1058/1058 1054/1054 1057/1057
f 3114/3114 3105/3105 3101/3101
f 3765/3765 3674/3674 3667/3667
f 3101/3101 3105/3105 3104/3104
f 3108/3108 3102/3102 3104/3104
f 3107/3107 3102/3102 3108/3108
f 3670/3670 3672/3672 3671/3671
f 3673/3673 3672/3672 3670/3670
f 3321/3321 3318/3318 3320/3320
f 3321/3321 3324/3324 3318/3318
f 2622/2622 2613/2613 2615/2615
f 3413/3413 3401/3401 3376/3376
f 2613/2613 2621/2621 2607/2607
f 2262/2262 2253/2253 2254/2254
f 2621/2621 2619/2619 2607/2607
f 2619/2619 2620/2620 2605/2605
f 2973/2973 2975/2975 2976/2976
f 2933/2933 2932/2932 2929/2929
f 2583/2583 2595/2595 2585/2585
f 2595/2595 2594/2594 2585/2585
f 2597/2597 2593/2593 2594/2594
f 2636/2636 2593/2593 2597/2597
f 1902/1902 1912/1912 1899/1899
f 1815/1815 1783/1783 1788/1788
f 1899/1899 1896/1896 1895/1895
f 1895/1895 1896/1896 1890/1890
f 1784/1784 1815/1815 1821/1821
f 1895/1895 1890/1890 1889/1889
f 1822/1822 1784/1784 1821/1821
f 1893/1893 1892/1892 1906/1906
f 1892/1892 1927/1927 1906/1906
f 2770/2770 2764/2764 2763/2763
f 1033/1033 1039/1039 1026/1026
f 999/999 1004/1004 1036/1036
f 1039/1039 1037/1037 1026/1026
f 1037/1037 1032/1032 1026/1026
f 1027/1027 1026/1026 1032/1032
f 997/997 1005/1005 1004/1004
f 995/995 997/997 993/993
f 1000/1000 1007/1007 1008/1008
f 994/994 1009/1009 995/995
f 1024/1024 1000/1000 1008/1008
f 1012/1012 995/995 1009/1009
f 1010/1010 1012/1012 1013/1013
f 1019/1019 1024/1024 1023/1023
f 1019/1019 1023/1023 1021/1021
f 1014/1014 1015/1015 1013/1013
f 1021/1021 1023/1023 1030/1030
f 3316/3316 3311/3311 3315/3315
f 3310/3310 3308/3308 3309/3309
f 3311/3311 3310/3310 3309/3309
f 3309/3309 3308/3308 3307/3307
f 429/429 427/427 434/434
f 429/429 437/437 431/431
f 416/416 420/420 427/427
f 467/467 456/456 457/457
f 446/446 450/450 449/449
f 247/247 216/216 246/246
f 204/204 205/205 218/218
f 2825/2825 2814/2814 2826/2826
f 214/214 227/227 233/233
f 344/344 343/343 345/345
f 1049/1049 1047/1047 1050/1050
f 1054/1054 1055/1055 1057/1057
f 1051/1051 1049/1049 1050/1050
f 3766/3766 3765/3765 3773/3773
f 3765/3765 3766/3766 3674/3674
f 3101/3101 3104/3104 3102/3102
f 3107/3107 3111/3111 3110/3110
f 3318/3318 3319/3319 3320/3320
f 3699/3699 3672/3672 3698/3698
f 1229/1229 1238/1238 1224/1224
f 2288/2288 2286/2286 2266/2266
f 2288/2288 2266/2266 2262/2262
f 2266/2266 2253/2253 2262/2262
f 2254/2254 2248/2248 2250/2250
f 2258/2258 2265/2265 2270/2270
f 2619/2619 2605/2605 2607/2607
f 2620/2620 2581/2581 2605/2605
f 2579/2579 2581/2581 2620/2620
f 2931/2931 2927/2927 2929/2929
f 2579/2579 2580/2580 2581/2581
f 2557/2557 2550/2550 2561/2561
f 2550/2550 2563/2563 2561/2561
f 2566/2566 2561/2561 2563/2563
f 2965/2965 2951/2951 2964/2964
f 1824/1824 1815/1815 1788/1788
f 1894/1894 1889/1889 1888/1888
f 985/985 986/986 981/981
f 1893/1893 1906/1906 1917/1917
f 1923/1923 1906/1906 1927/1927
f 978/978 961/961 979/979
f 961/961 982/982 979/979
f 2313/2313 2314/2314 2316/2316
f 2317/2317 2313/2313 2316/2316
f 2763/2763 2771/2771 2770/2770
f 1004/1004 999/999 998/998
f 1004/1004 998/998 997/997
f 1008/1008 1007/1007 1027/1027
f 998/998 993/993 997/997
f 1009/1009 994/994 996/996
f 1020/1020 1000/1000 1024/1024
f 996/996 1000/1000 1020/1020
f 1016/1016 996/996 1020/1020
f 1009/1009 996/996 1016/1016
f 1020/1020 1024/1024 1019/1019
f 1013/1013 1009/1009 1014/1014
f 1012/1012 1009/1009 1013/1013
f 1018/1018 1019/1019 1021/1021
f 1017/1017 1014/1014 1018/1018
f 1015/1015 1014/1014 1017/1017
f 3312/3312 3315/3315 3311/3311
f 3309/3309 3312/3312 3311/3311
f 427/427 429/429 428/428
f 416/416 427/427 428/428
f 447/447 421/421 446/446
f 416/416 419/419 420/420
f 420/420 419/419 421/421
f 446/446 421/421 419/419
f 457/457 456/456 431/431
f 419/419 450/450 446/446
f 247/247 246/246 272/272
f 459/459 449/449 443/443
f 4006/4006 4004/4004 4005/4005
f 1051/1051 1055/1055 1054/1054
f 3783/3783 3784/3784 3785/3785
f 3112/3112 3117/3117 3101/3101
f 3763/3763 3766/3766 3764/3764
f 3766/3766 3763/3763 3674/3674
f 3101/3101 3102/3102 3103/3103
f 3103/3103 3102/3102 3106/3106
f 3102/3102 3107/3107 3106/3106
f 3674/3674 3763/3763 3673/3673
f 3107/3107 3110/3110 3106/3106
f 3322/3322 3320/3320 3319/3319
f 3400/3400 3383/3383 3391/3391
f 3376/3376 3401/3401 3373/3373
f 2253/2253 2248/2248 2254/2254
f 2248/2248 2249/2249 2250/2250
f 2250/2250 2249/2249 2258/2258
f 2981/2981 2974/2974 2973/2973
f 2973/2973 2974/2974 2975/2975
f 2554/2554 2549/2549 2553/2553
f 2581/2581 2580/2580 2584/2584
f 2549/2549 2555/2555 2550/2550
f 2580/2580 2583/2583 2584/2584
f 2584/2584 2583/2583 2585/2585
f 2594/2594 2593/2593 2590/2590
f 2566/2566 2567/2567 2570/2570
f 1821/1821 1827/1827 1822/1822
f 1828/1828 1825/1825 1822/1822
f 965/965 978/978 981/981
f 981/981 978/978 985/985
f 978/978 965/965 961/961
f 958/958 982/982 961/961
f 963/963 975/975 977/977
f 1026/1026 977/977 1033/1033
f 1026/1026 1006/1006 977/977
f 1007/1007 1006/1006 1026/1026
f 1027/1027 1007/1007 1026/1026
f 1002/1002 1007/1007 1000/1000
f 993/993 994/994 995/995
f 994/994 992/992 996/996
f 1016/1016 1020/1020 1019/1019
f 1009/1009 1016/1016 1014/1014
f 1016/1016 1019/1019 1018/1018
f 1014/1014 1016/1016 1018/1018
f 429/429 431/431 430/430
f 422/422 416/416 428/428
f 431/431 456/456 436/436
f 436/436 456/456 439/439
f 456/456 467/467 452/452
f 449/449 450/450 441/441
f 449/449 441/441 443/443
f 4006/4006 4005/4005 4008/4008
f 205/205 214/214 215/215
f 2817/2817 2815/2815 2814/2814
f 227/227 345/345 233/233
f 2829/2829 2815/2815 2817/2817
f 3101/3101 3103/3103 3112/3112
f 3763/3763 3697/3697 3673/3673
f 3673/3673 3697/3697 3672/3672
f 3319/3319 3318/3318 3323/3323
f 3700/3700 3698/3698 3697/3697
f 3672/3672 3697/3697 3698/3698
f 2615/2615 2613/2613 2612/2612
f 3400/3400 3391/3391 3401/3401
f 3376/3376 3373/3373 3375/3375
f 2612/2612 2613/2613 2610/2610
f 2613/2613 2607/2607 2610/2610
f 2974/2974 2981/2981 2980/2980
f 2974/2974 2977/2977 2975/2975
f 2605/2605 2581/2581 2599/2599
f 2928/2928 2933/2933 2929/2929
f 2556/2556 2549/2549 2554/2554
f 2549/2549 2556/2556 2555/2555
f 2563/2563 2550/2550 2555/2555
f 2585/2585 2594/2594 2590/2590
f 2593/2593 2636/2636 2635/2635
f 1902/1902 1899/1899 1900/1900
f 1899/1899 1895/1895 1900/1900
f 1827/1827 1828/1828 1822/1822
f 983/983 981/981 986/986
f 1888/1888 1893/1893 1894/1894
f 1893/1893 1917/1917 1918/1918
f 1906/1906 1923/1923 1917/1917
f 2770/2770 2771/2771 2772/2772
f 1002/1002 1006/1006 1007/1007
f 996/996 991/991 1000/1000
f 992/992 991/991 996/996
f 993/993 992/992 994/994
f 428/428 429/429 430/430
f 418/418 419/419 416/416
f 419/419 418/418 450/450
f 452/452 439/439 456/456
f 450/450 418/418 441/441
f 246/246 218/218 272/272
f 4008/4008 4009/4009 4006/4006
f 218/218 205/205 215/215
f 2921/2921 2825/2825 2826/2826
f 215/215 214/214 233/233
f 2814/2814 2825/2825 2817/2817
f 347/347 345/345 343/343
f 343/343 346/346 347/347
f 3112/3112 3103/3103 3113/3113
f 3764/3764 3701/3701 3763/3763
f 3106/3106 3113/3113 3103/3103
f 3697/3697 3763/3763 3701/3701
f 3322/3322 3319/3319 3323/3323
f 3386/3386 3403/3403 3390/3390
f 2258/2258 2249/2249 2256/2256
f 2606/2606 2610/2610 2607/2607
f 2607/2607 2605/2605 2606/2606
f 2927/2927 2930/2930 2928/2928
f 2927/2927 2928/2928 2929/2929
f 2554/2554 2553/2553 2564/2564
f 2567/2567 2566/2566 2563/2563
f 1823/1823 1821/1821 1815/1815
f 973/973 984/984 976/976
f 967/967 973/973 976/976
f 973/973 983/983 984/984
f 972/972 981/981 983/983
f 981/981 966/966 965/965
f 966/966 954/954 965/965
f 963/963 962/962 974/974
f 961/961 954/954 955/955
f 963/963 974/974 975/975
f 961/961 955/955 958/958
f 958/958 955/955 957/957
f 977/977 1001/1001 963/963
f 989/989 982/982 958/958
f 977/977 1006/1006 1001/1001
f 1001/1001 1006/1006 1002/1002
f 990/990 998/998 999/999
f 990/990 993/993 998/998
f 991/991 1002/1002 1000/1000
f 993/993 990/990 992/992
f 416/416 422/422 417/417
f 432/432 431/431 436/436
f 430/430 431/431 432/432
f 416/416 417/417 418/418
f 432/432 436/436 438/438
f 433/433 418/418 417/417
f 441/441 418/418 433/433
f 452/452 440/440 439/439
f 452/452 458/458 453/453
f 443/443 441/441 442/442
f 444/444 443/443 442/442
f 2923/2923 2825/2825 2921/2921
f 2825/2825 2923/2923 2817/2817
f 2881/2881 2817/2817 2923/2923
f 233/233 365/365 373/373
f 233/233 345/345 365/365
f 2817/2817 2876/2876 2829/2829
f 2829/2829 2877/2877 2888/2888
f 346/346 362/362 347/347
f 1057/1057 1055/1055 1056/1056
f 1051/1051 1056/1056 1055/1055
f 1051/1051 1050/1050 1056/1056
f 3701/3701 3703/3703 3702/3702
f 3702/3702 3700/3700 3701/3701
f 3701/3701 3700/3700 3697/3697
f 3386/3386 3385/3385 3384/3384
f 3383/3383 3384/3384 3385/3385
f 2615/2615 2612/2612 2618/2618
f 3401/3401 3402/3402 3373/3373
f 2612/2612 2610/2610 2611/2611
f 3373/3373 3374/3374 3375/3375
f 2286/2286 2284/2284 2266/2266
f 2979/2979 2977/2977 2974/2974
f 2606/2606 2605/2605 2599/2599
f 2599/2599 2581/2581 2586/2586
f 2581/2581 2584/2584 2586/2586
f 2563/2563 2555/2555 2560/2560
f 2567/2567 2571/2571 2570/2570
f 2964/2964 2968/2968 2967/2967
f 2965/2965 2964/2964 2967/2967
f 2592/2592 2593/2593 2635/2635
f 1824/1824 1823/1823 1815/1815
f 1904/1904 1902/1902 1900/1900
f 1895/1895 1901/1901 1900/1900
f 1821/1821 1823/1823 1827/1827
f 1889/1889 1897/1897 1895/1895
f 1897/1897 1889/1889 1894/1894
f 973/973 972/972 983/983
f 1918/1918 1894/1894 1893/1893
f 981/981 972/972 966/966
f 962/962 971/971 974/974
f 965/965 954/954 961/961
f 957/957 962/962 963/963
f 956/956 957/957 955/955
f 988/988 963/963 1001/1001
f 988/988 957/957 963/963
f 999/999 989/989 990/990
f 430/430 432/432 448/448
f 428/428 430/430 448/448
f 425/425 428/428 448/448
f 422/422 428/428 425/425
f 423/423 422/422 425/425
f 417/417 422/422 423/423
f 426/426 417/417 423/423
f 439/439 438/438 436/436
f 433/433 417/417 426/426
f 432/432 438/438 460/460
f 460/460 438/438 440/440
f 440/440 438/438 439/439
f 452/452 453/453 440/440
f 433/433 442/442 441/441
f 458/458 465/465 453/453
f 444/444 442/442 445/445
f 453/453 465/465 466/466
f 444/444 445/445 451/451
f 445/445 463/463 451/451
f 215/215 233/233 275/275
f 464/464 451/451 463/463
f 233/233 373/373 275/275
f 2817/2817 2881/2881 2876/2876
f 345/345 364/364 365/365
f 2877/2877 2829/2829 2876/2876
f 345/345 347/347 364/364
f 347/347 362/362 364/364
f 1066/1066 1056/1056 1065/1065
f 1065/1065 1056/1056 1063/1063
f 2891/2891 2889/2889 2885/2885
f 2877/2877 2889/2889 2888/2888
f 1050/1050 1063/1063 1056/1056
f 3383/3383 3385/3385 3391/3391
f 2266/2266 2284/2284 2263/2263
f 2266/2266 2263/2263 2253/2253
f 2258/2258 2256/2256 2265/2265
f 2269/2269 2270/2270 2265/2265
f 2979/2979 2974/2974 2980/2980
f 2606/2606 2599/2599 2608/2608
f 2558/2558 2556/2556 2554/2554
f 2593/2593 2592/2592 2590/2590
f 2563/2563 2569/2569 2567/2567
f 2567/2567 2569/2569 2571/2571
f 1824/1824 1830/1830 1823/1823
f 1829/1829 1827/1827 1823/1823
f 972/972 973/973 964/964
f 972/972 964/964 966/966
f 955/955 953/953 956/956
f 957/957 956/956 962/962
f 957/957 989/989 958/958
f 988/988 989/989 957/957
f 988/988 1001/1001 991/991
f 991/991 1001/1001 1002/1002
f 990/990 988/988 991/991
f 989/989 988/988 990/990
f 990/990 991/991 992/992
f 448/448 432/432 470/470
f 2027/2027 2023/2023 2032/2032
f 2021/2021 2023/2023 2027/2027
f 2019/2019 2023/2023 2021/2021
f 2015/2015 2019/2019 2021/2021
f 2014/2014 2019/2019 2015/2015
f 470/470 432/432 460/460
f 2014/2014 2015/2015 2008/2008
f 2013/2013 2014/2014 2008/2008
f 2013/2013 2008/2008 1997/1997
f 411/411 408/408 404/404
f 2005/2005 2013/2013 1997/1997
f 275/275 389/389 401/401
f 2003/2003 2004/2004 2001/2001
f 365/365 369/369 373/373
f 2877/2877 2885/2885 2889/2889
f 3385/3385 3386/3386 3389/3389
f 2612/2612 2614/2614 2618/2618
f 3402/3402 3401/3401 3391/3391
f 2611/2611 2610/2610 2609/2609
f 2253/2253 2252/2252 2248/2248
f 2253/2253 2263/2263 2252/2252
f 2610/2610 2606/2606 2609/2609
f 2248/2248 2251/2251 2249/2249
f 2558/2558 2554/2554 2564/2564
f 2556/2556 2560/2560 2555/2555
f 2562/2562 2560/2560 2556/2556
f 2585/2585 2587/2587 2584/2584
f 2563/2563 2560/2560 2569/2569
f 2585/2585 2590/2590 2588/2588
f 2592/2592 2591/2591 2590/2590
f 1830/1830 1829/1829 1823/1823
f 1900/1900 1901/1901 1904/1904
f 1895/1895 1898/1898 1901/1901
f 1894/1894 1919/1919 1897/1897
f 967/967 964/964 973/973
f 964/964 954/954 966/966
f 956/956 959/959 962/962
f 955/955 954/954 953/953
f 395/395 404/404 408/408
f 1989/1989 2005/2005 1997/1997
f 2005/2005 1989/1989 1991/1991
f 2002/2002 2005/2005 1991/1991
f 408/408 401/401 395/395
f 2001/2001 2002/2002 1991/1991
f 2004/2004 2002/2002 2001/2001
f 395/395 401/401 389/389
f 275/275 373/373 389/389
f 2880/2880 2876/2876 2881/2881
f 2877/2877 2876/2876 2878/2878
f 2878/2878 2885/2885 2877/2877
f 2614/2614 2612/2612 2611/2611
f 2248/2248 2252/2252 2251/2251
f 2265/2265 2256/2256 2264/2264
f 2609/2609 2606/2606 2608/2608
f 2265/2265 2264/2264 2269/2269
f 2617/2617 2608/2608 2599/2599
f 2979/2979 2984/2984 2977/2977
f 2599/2599 2625/2625 2617/2617
f 2984/2984 2985/2985 2977/2977
f 2625/2625 2599/2599 2586/2586
f 2586/2586 2584/2584 2587/2587
f 2588/2588 2587/2587 2585/2585
f 2590/2590 2591/2591 2588/2588
f 940/940 936/936 944/944
f 1895/1895 1897/1897 1898/1898
f 980/980 976/976 984/984
f 976/976 968/968 967/967
f 968/968 952/952 967/967
f 967/967 952/952 964/964
f 1894/1894 1918/1918 1919/1919
f 964/964 952/952 954/954
f 389/389 373/373 369/369
f 2880/2880 2881/2881 2892/2892
f 1065/1065 1067/1067 1066/1066
f 2885/2885 2886/2886 2891/2891
f 2886/2886 2885/2885 2878/2878
f 3390/3390 3415/3415 3389/3389
f 3386/3386 3390/3390 3389/3389
f 2263/2263 2284/2284 2257/2257
f 2251/2251 2255/2255 2249/2249
f 2980/2980 2983/2983 2979/2979
f 2930/2930 2935/2935 2934/2934
f 2928/2928 2930/2930 2934/2934
f 2928/2928 2934/2934 2936/2936
f 2558/2558 2564/2564 2562/2562
f 2558/2558 2562/2562 2556/2556
f 2591/2591 2592/2592 2598/2598
f 933/933 936/936 940/940
f 2592/2592 2638/2638 2598/2598
f 2592/2592 2635/2635 2638/2638
f 960/960 970/970 971/971
f 953/953 954/954 952/952
f 960/960 971/971 959/959
f 959/959 971/971 962/962
f 953/953 959/959 956/956
f 365/365 366/366 369/369
f 2919/2919 2914/2914 2922/2922
f 2891/2891 2914/2914 2919/2919
f 2891/2891 2886/2886 2914/2914
f 3414/3414 3389/3389 3415/3415
f 3374/3374 3373/3373 3377/3377
f 2609/2609 2608/2608 2616/2616
f 2608/2608 2617/2617 2616/2616
f 2983/2983 2984/2984 2979/2979
f 2617/2617 2634/2634 2629/2629
f 2625/2625 2626/2626 2617/2617
f 2626/2626 2634/2634 2617/2617
f 942/942 941/941 931/931
f 942/942 931/931 940/940
f 934/934 928/928 937/937
f 2969/2969 2967/2967 2968/2968
f 969/969 980/980 1042/1042
f 1904/1904 1901/1901 1922/1922
f 980/980 968/968 976/976
f 968/968 951/951 952/952
f 953/953 960/960 959/959
f 2016/2016 2015/2015 2021/2021
f 1997/1997 1996/1996 1989/1989
f 1992/1992 2001/2001 1991/1991
f 2003/2003 2001/2001 1992/1992
f 2003/2003 1992/1992 2007/2007
f 364/364 366/366 365/365
f 3402/3402 3391/3391 3381/3381
f 3373/3373 3402/3402 3377/3377
f 2614/2614 2611/2611 2616/2616
f 2611/2611 2609/2609 2616/2616
f 2252/2252 2257/2257 2251/2251
f 2257/2257 2252/2252 2263/2263
f 2272/2272 2269/2269 2264/2264
f 2628/2628 2616/2616 2617/2617
f 2629/2629 2628/2628 2617/2617
f 2983/2983 2988/2988 2984/2984
f 2641/2641 2629/2629 2634/2634
f 2988/2988 2989/2989 2984/2984
f 2985/2985 2989/2989 2991/2991
f 2984/2984 2989/2989 2985/2985
f 2625/2625 2586/2586 2626/2626
f 2626/2626 2586/2586 2589/2589
f 2586/2586 2587/2587 2589/2589
f 941/941 930/930 931/931
f 926/926 937/937 928/928
f 928/928 932/932 922/922
f 922/922 932/932 933/933
f 933/933 940/940 929/929
f 929/929 940/940 931/931
f 932/932 928/928 934/934
f 938/938 934/934 937/937
f 933/933 932/932 935/935
f 933/933 935/935 936/936
f 2970/2970 2969/2969 2968/2968
f 1901/1901 1921/1921 1922/1922
f 1898/1898 1921/1921 1901/1901
f 980/980 969/969 968/968
f 1920/1920 1898/1898 1897/1897
f 960/960 948/948 970/970
f 952/952 950/950 953/953
f 953/953 950/950 960/960
f 3635/3635 3636/3636 3637/3637
f 404/404 410/410 411/411
f 1997/1997 2008/2008 1996/1996
f 1981/1981 1991/1991 1988/1988
f 1991/1991 1981/1981 1992/1992
f 364/364 367/367 366/366
f 2886/2886 2887/2887 2914/2914
f 2624/2624 2614/2614 2623/2623
f 3391/3391 3393/3393 3381/3381
f 2249/2249 2255/2255 2256/2256
f 2628/2628 2627/2627 2616/2616
f 2641/2641 2628/2628 2629/2629
f 2989/2989 2992/2992 2994/2994
f 2989/2989 2994/2994 2991/2991
f 2988/2988 2990/2990 2989/2989
f 2991/2991 2994/2994 2996/2996
f 2944/2944 2937/2937 2948/2948
f 2937/2937 2934/2934 2935/2935
f 2934/2934 2937/2937 2940/2940
f 943/943 930/930 941/941
f 2589/2589 2587/2587 2588/2588
f 926/926 925/925 927/927
f 930/930 929/929 931/931
f 928/928 921/921 926/926
f 921/921 928/928 922/922
f 933/933 929/929 922/922
f 932/932 934/934 935/935
f 935/935 951/951 936/936
f 936/936 951/951 969/969
f 938/938 1041/1041 946/946
f 1920/1920 1921/1921 1898/1898
f 951/951 968/968 969/969
f 1919/1919 1920/1920 1897/1897
f 948/948 947/947 970/970
f 952/952 951/951 950/950
f 950/950 948/948 960/960
f 2008/2008 2015/2015 2009/2009
f 2008/2008 2009/2009 1996/1996
f 1988/1988 1991/1991 1989/1989
f 395/395 389/389 394/394
f 2914/2914 2918/2918 2922/2922
f 2887/2887 2918/2918 2914/2914
f 3385/3385 3389/3389 3396/3396
f 3377/3377 3402/3402 3379/3379
f 2623/2623 2616/2616 2627/2627
f 2614/2614 2616/2616 2623/2623
f 3377/3377 3379/3379 3378/3378
f 3377/3377 3378/3378 3374/3374
f 2284/2284 2277/2277 2257/2257
f 2285/2285 2277/2277 2284/2284
f 2260/2260 2264/2264 2256/2256
f 2279/2279 2272/2272 2267/2267
f 2267/2267 2272/2272 2264/2264
f 2279/2279 2287/2287 2280/2280
f 2272/2272 2279/2279 2280/2280
f 2644/2644 2628/2628 2641/2641
f 2990/2990 2992/2992 2989/2989
f 2944/2944 2940/2940 2937/2937
f 927/927 925/925 1040/1040
f 2940/2940 2944/2944 2945/2945
f 943/943 939/939 924/924
f 930/930 943/943 924/924
f 930/930 924/924 920/920
f 930/930 920/920 929/929
f 923/923 925/925 921/921
f 920/920 923/923 921/921
f 926/926 921/921 925/925
f 920/920 921/921 922/922
f 929/929 920/920 922/922
f 938/938 945/945 934/934
f 951/951 935/935 949/949
f 949/949 950/950 951/951
f 949/949 948/948 950/950
f 2015/2015 2016/2016 2009/2009
f 404/404 405/405 410/410
f 1986/1986 1989/1989 1996/1996
f 389/389 369/369 372/372
f 2876/2876 2880/2880 2879/2879
f 369/369 366/366 372/372
f 2879/2879 2878/2878 2876/2876
f 2886/2886 2882/2882 2887/2887
f 2882/2882 2886/2886 2878/2878
f 3414/3414 3409/3409 3389/3389
f 3396/3396 3389/3389 3409/3409
f 3385/3385 3396/3396 3395/3395
f 3385/3385 3395/3395 3394/3394
f 3391/3391 3385/3385 3392/3392
f 3391/3391 3392/3392 3393/3393
f 2623/2623 2643/2643 2624/2624
f 3402/3402 3381/3381 3379/3379
f 2277/2277 2259/2259 2257/2257
f 2259/2259 2251/2251 2257/2257
f 2260/2260 2256/2256 2255/2255
f 2628/2628 2644/2644 2627/2627
f 2267/2267 2264/2264 2260/2260
f 925/925 923/923 939/939
f 924/924 939/939 923/923
f 924/924 923/923 920/920
f 934/934 949/949 935/935
f 945/945 938/938 946/946
f 949/949 945/945 948/948
f 948/948 945/945 947/947
f 405/405 404/404 400/400
f 404/404 395/395 400/400
f 1989/1989 1986/1986 1988/1988
f 1992/1992 1981/1981 1982/1982
f 2006/2006 1992/1992 1982/1982
f 3409/3409 3411/3411 3396/3396
f 3395/3395 3396/3396 3411/3411
f 2623/2623 2642/2642 2643/2643
f 3411/3411 3409/3409 3427/3427
f 2623/2623 2627/2627 2642/2642
f 2993/2993 2995/2995 2992/2992
f 2644/2644 2642/2642 2627/2627
f 2993/2993 2992/2992 2990/2990
f 2255/2255 2259/2259 2261/2261
f 2251/2251 2259/2259 2255/2255
f 2292/2292 2293/2293 2279/2279
f 2998/2998 2993/2993 2990/2990
f 2279/2279 2267/2267 2281/2281
f 2275/2275 2267/2267 2260/2260
f 934/934 945/945 949/949
f 945/945 946/946 947/947
f 2007/2007 1992/1992 2006/2006
f 368/368 367/367 370/370
f 2882/2882 2878/2878 2879/2879
f 3394/3394 3395/3395 3410/3410
f 3392/3392 3385/3385 3394/3394
f 3427/3427 3426/3426 3411/3411
f 3426/3426 3395/3395 3411/3411
f 3379/3379 3381/3381 3380/3380
f 3379/3379 3380/3380 3378/3378
f 3620/3620 3619/3619 3622/3622
f 2290/2290 2277/2277 2285/2285
f 2997/2997 2995/2995 2993/2993
f 2278/2278 2277/2277 2290/2290
f 3619/3619 3620/3620 3621/3621
f 2277/2277 2278/2278 2259/2259
f 2281/2281 2292/2292 2279/2279
f 2261/2261 2260/2260 2255/2255
f 2267/2267 2275/2275 2281/2281
f 2027/2027 2022/2022 2021/2021
f 2032/2032 2028/2028 2027/2027
f 2022/2022 2027/2027 2028/2028
f 2021/2021 2022/2022 2016/2016
f 395/395 392/392 400/400
f 1981/1981 1980/1980 1982/1982
f 389/389 387/387 394/394
f 389/389 372/372 387/387
f 2880/2880 2883/2883 2879/2879
f 366/366 367/367 368/368
f 3410/3410 3408/3408 3394/3394
f 3426/3426 3425/3425 3395/3395
f 3410/3410 3395/3395 3425/3425
f 3425/3425 3408/3408 3410/3410
f 3623/3623 3622/3622 3619/3619
f 2289/2289 2295/2295 2292/2292
f 2261/2261 2259/2259 2276/2276
f 2278/2278 2276/2276 2259/2259
f 2261/2261 2275/2275 2260/2260
f 2289/2289 2292/2292 2281/2281
f 2275/2275 2289/2289 2281/2281
f 394/394 392/392 395/395
f 2880/2880 2904/2904 2883/2883
f 2879/2879 2884/2884 2882/2882
f 2918/2918 2887/2887 2920/2920
f 2882/2882 2913/2913 2887/2887
f 3408/3408 3425/3425 3424/3424
f 3392/3392 3408/3408 3424/3424
f 3394/3394 3408/3408 3392/3392
f 3382/3382 3381/3381 3393/3393
f 3382/3382 3380/3380 3381/3381
f 3623/3623 3624/3624 3622/3622
f 2290/2290 2291/2291 2278/2278
f 2278/2278 2291/2291 2276/2276
f 2261/2261 2276/2276 2275/2275
f 2276/2276 2289/2289 2275/2275
f 394/394 387/387 392/392
f 2909/2909 2908/2908 2904/2904
f 2879/2879 2883/2883 2884/2884
f 372/372 366/366 368/368
f 368/368 370/370 371/371
f 2913/2913 2920/2920 2887/2887
f 3422/3422 3393/3393 3392/3392
f 3422/3422 3392/3392 3424/3424
f 3422/3422 3382/3382 3393/3393
f 3625/3625 3624/3624 3623/3623
f 2296/2296 2295/2295 2291/2291
f 3648/3648 3649/3649 3650/3650
f 2290/2290 2294/2294 2291/2291
f 2291/2291 2295/2295 2289/2289
f 2291/2291 2289/2289 2276/2276
f 2032/2032 2033/2033 2028/2028
f 400/400 392/392 396/396
f 1986/1986 1981/1981 1988/1988
f 384/384 387/387 372/372
f 372/372 375/375 384/384
f 2883/2883 2904/2904 2895/2895
f 372/372 368/368 375/375
f 368/368 371/371 374/374
f 2884/2884 2913/2913 2882/2882
f 1998/1998 1986/1986 1996/1996
f 2883/2883 2895/2895 2890/2890
f 2884/2884 2883/2883 2890/2890
f 368/368 374/374 375/375
f 2022/2022 2028/2028 2026/2026
f 2022/2022 2020/2020 2016/2016
f 405/405 406/406 410/410
f 1996/1996 2009/2009 1998/1998
f 1981/1981 1978/1978 1980/1980
f 2893/2893 2884/2884 2890/2890
f 2905/2905 2920/2920 2913/2913
f 2884/2884 2893/2893 2913/2913
f 2022/2022 2026/2026 2020/2020
f 2028/2028 2033/2033 2031/2031
f 2016/2016 2020/2020 2011/2011
f 2009/2009 2016/2016 2011/2011
f 1986/1986 1978/1978 1981/1981
f 2908/2908 2912/2912 2903/2903
f 2908/2908 2903/2903 2904/2904
f 2903/2903 2895/2895 2904/2904
f 2894/2894 2890/2890 2895/2895
f 2905/2905 2917/2917 2920/2920
f 405/405 400/400 406/406
f 1987/1987 1978/1978 1986/1986
f 396/396 392/392 393/393
f 386/386 392/392 387/387
f 381/381 384/384 375/375
f 375/375 376/376 381/381
f 375/375 374/374 376/376
f 2905/2905 2913/2913 2893/2893
f 1998/1998 2009/2009 2011/2011
f 410/410 406/406 413/413
f 1986/1986 1998/1998 1987/1987
f 1980/1980 1978/1978 1977/1977
f 2890/2890 2894/2894 2893/2893
f 397/397 400/400 396/396
f 384/384 386/386 387/387
f 2031/2031 2026/2026 2028/2028
f 400/400 397/397 406/406
f 2894/2894 2895/2895 2896/2896
f 1998/1998 2011/2011 1999/1999
f 1998/1998 1999/1999 1993/1993
f 1987/1987 1998/1998 1993/1993
f 1990/1990 1987/1987 1993/1993
f 1987/1987 1990/1990 1978/1978
f 1990/1990 1976/1976 1978/1978
f 1976/1976 1977/1977 1978/1978
f 2895/2895 2903/2903 2896/2896
f 2894/2894 2897/2897 2893/2893
f 376/376 374/374 377/377
f 2905/2905 2907/2907 2917/2917
f 2011/2011 2012/2012 1999/1999
f 397/397 396/396 393/393
f 393/393 392/392 386/386
f 2917/2917 2907/2907 2916/2916
f 2905/2905 2897/2897 2907/2907
f 2897/2897 2905/2905 2893/2893
f 2011/2011 2020/2020 2018/2018
f 1977/1977 1976/1976 1979/1979
f 384/384 383/383 386/386
f 2896/2896 2903/2903 2900/2900
f 2894/2894 2896/2896 2897/2897
f 2011/2011 2018/2018 2012/2012
f 1994/1994 1993/1993 1999/1999
f 2900/2900 2912/2912 2910/2910
f 2903/2903 2912/2912 2900/2900
f 383/383 384/384 381/381
f 2026/2026 2030/2030 2024/2024
f 2020/2020 2026/2026 2024/2024
f 2020/2020 2024/2024 2018/2018
f 2026/2026 2031/2031 2030/2030
f 406/406 412/412 413/413
f 393/393 386/386 390/390
f 381/381 376/376 379/379
f 376/376 377/377 378/378
f 3643/3643 3642/3642 3638/3638
f 406/406 407/407 412/412
f 398/398 407/407 397/397
f 397/397 407/407 406/406
f 397/397 393/393 398/398
f 398/398 393/393 390/390
f 390/390 386/386 383/383
f 3642/3642 3639/3639 3638/3638
f 1994/1994 1990/1990 1993/1993
f 383/383 388/388 390/390
f 381/381 382/382 383/383
f 381/381 379/379 382/382
f 2900/2900 2899/2899 2896/2896
f 2030/2030 2029/2029 2024/2024
f 3638/3638 3639/3639 3640/3640
f 376/376 378/378 379/379
f 2896/2896 2898/2898 2897/2897
f 2907/2907 2897/2897 2906/2906
f 388/388 383/383 382/382
f 2018/2018 2024/2024 2017/2017
f 2018/2018 2017/2017 2012/2012
f 2012/2012 2000/2000 1999/1999
f 407/407 409/409 412/412
f 1990/1990 1983/1983 1976/1976
f 398/398 390/390 388/388
f 388/388 382/382 391/391
f 2901/2901 2899/2899 2900/2900
f 2896/2896 2899/2899 2898/2898
f 2916/2916 2907/2907 2915/2915
f 409/409 407/407 403/403
f 403/403 407/407 398/398
f 1994/1994 1983/1983 1990/1990
f 2901/2901 2900/2900 2910/2910
f 377/377 380/380 378/378
f 2024/2024 2025/2025 2017/2017
f 3640/3640 3639/3639 3641/3641
f 1994/1994 1999/1999 2000/2000
f 398/398 388/388 399/399
f 1976/1976 1983/1983 1979/1979
f 391/391 382/382 385/385
f 2911/2911 2901/2901 2910/2910
f 2907/2907 2906/2906 2915/2915
f 2012/2012 2017/2017 2000/2000
f 412/412 414/414 415/415
f 409/409 414/414 412/412
f 403/403 398/398 399/399
f 1983/1983 1984/1984 1979/1979
f 1979/1979 1984/1984 1985/1985
f 2898/2898 2902/2902 2897/2897
f 2897/2897 2902/2902 2906/2906
f 2000/2000 1995/1995 1994/1994
f 1994/1994 1995/1995 1983/1983
f 2024/2024 2029/2029 2025/2025
f 399/399 388/388 391/391
f 3169/3169 3164/3164 3166/3166
f 385/385 382/382 379/379
f 3439/3439 3437/3437 3438/3438
f 3439/3439 3440/3440 3441/3441
f 3437/3437 3439/3439 3448/3448
f 3441/3441 3440/3440 3442/3442
f 3437/3437 3449/3449 3435/3435
f 3448/3448 3449/3449 3437/3437
f 3435/3435 3449/3449 3450/3450
f 3442/3442 3443/3443 3445/3445
f 3435/3435 3450/3450 3428/3428
f 3447/3447 3445/3445 3446/3446
f 1983/1983 2010/2010 1984/1984
f 3165/3165 3164/3164 3169/3169
f 3164/3164 3165/3165 3163/3163
f 3432/3432 3431/3431 3429/3429
f 3164/3164 3161/3161 3166/3166
f 3432/3432 3434/3434 3433/3433
f 3166/3166 3161/3161 3160/3160
f 3160/3160 3161/3161 3159/3159
f 3145/3145 3144/3144 3146/3146
f 3145/3145 3142/3142 3144/3144
f 3142/3142 3143/3143 3144/3144
f 3159/3159 3158/3158 3160/3160
f 3158/3158 3159/3159 3157/3157
f 3155/3155 3162/3162 3158/3158
f 3144/3144 3148/3148 3146/3146
f 3144/3144 3143/3143 3149/3149
f 3168/3168 3149/3149 3143/3143
f 3154/3154 3162/3162 3155/3155
f 3149/3149 3168/3168 3150/3150
f 3155/3155 3153/3153 3154/3154
f 3148/3148 3149/3149 3150/3150
f 3154/3154 3153/3153 3152/3152
f 3436/3436 3438/3438 3437/3437
f 3440/3440 3439/3439 3438/3438
f 3440/3440 3444/3444 3443/3443
f 3437/3437 3435/3435 3436/3436
f 3443/3443 3442/3442 3440/3440
f 3436/3436 3435/3435 3430/3430
f 3443/3443 3444/3444 3445/3445
f 3451/3451 3446/3446 3444/3444
f 3435/3435 3428/3428 3430/3430
f 3445/3445 3444/3444 3446/3446
f 3428/3428 3429/3429 3430/3430
f 3163/3163 3165/3165 3167/3167
f 3429/3429 3431/3431 3430/3430
f 3432/3432 3433/3433 3431/3431
f 3163/3163 3161/3161 3164/3164
f 3159/3159 3161/3161 3163/3163
f 3146/3146 3147/3147 3145/3145
f 3158/3158 3157/3157 3155/3155
f 3148/3148 3144/3144 3149/3149
f 3155/3155 3157/3157 3156/3156
f 3153/3153 3155/3155 3156/3156
f 3150/3150 3152/3152 3151/3151
f 3151/3151 3148/3148 3150/3150
f 3151/3151 3152/3152 3153/3153
f 1725/1725 1697/1697 1720/1720
f 810/810 808/808 817/817
f 808/808 809/809 817/817
f 816/816 817/817 809/809
f 816/816 809/809 814/814
f 816/816 814/814 821/821
f 817/817 820/820 810/810
f 810/810 820/820 819/819
f 819/819 820/820 834/834
f 821/821 814/814 825/825
f 1779/1779 1770/1770 1781/1781
f 843/843 825/825 842/842
f 1772/1772 1770/1770 1779/1779
f 1772/1772 1767/1767 1770/1770
f 3167/3167 3170/3170 3163/3163
f 1772/1772 1771/1771 1767/1767
f 1767/1767 1771/1771 1766/1766
f 1766/1766 1771/1771 1769/1769
f 3159/3159 3163/3163 3170/3170
f 3170/3170 3171/3171 3159/3159
f 1735/1735 1723/1723 1736/1736
f 1782/1782 1774/1774 1769/1769
f 1710/1710 1721/1721 1732/1732
f 1723/1723 1729/1729 1736/1736
f 1723/1723 1700/1700 1729/1729
f 1710/1710 1703/1703 1721/1721
f 1729/1729 1700/1700 1725/1725
f 1697/1697 1725/1725 1700/1700
f 1710/1710 1699/1699 1703/1703
f 1720/1720 1695/1695 1699/1699
f 1697/1697 1695/1695 1720/1720
f 814/814 809/809 812/812
f 1711/1711 1700/1700 1723/1723
f 825/825 824/824 842/842
f 1770/1770 1767/1767 1768/1768
f 1711/1711 1723/1723 1735/1735
f 1701/1701 1700/1700 1711/1711
f 808/808 806/806 807/807
f 808/808 807/807 809/809
f 808/808 810/810 806/806
f 811/811 810/810 819/819
f 1773/1773 1781/1781 1770/1770
f 840/840 842/842 824/824
f 3626/3626 3627/3627 3628/3628
f 3628/3628 3630/3630 3631/3631
f 1769/1769 1765/1765 1766/1766
f 1702/1702 1703/1703 1699/1699
f 1697/1697 1700/1700 1696/1696
f 1695/1695 1693/1693 1699/1699
f 1695/1695 1697/1697 1696/1696
f 818/818 811/811 819/819
f 1773/1773 1770/1770 1768/1768
f 3627/3627 3629/3629 3628/3628
f 1767/1767 1766/1766 1764/1764
f 1769/1769 1774/1774 1765/1765
f 1700/1700 1701/1701 1696/1696
f 1699/1699 1693/1693 1702/1702
f 810/810 811/811 806/806
f 814/814 824/824 825/825
f 1768/1768 1767/1767 1764/1764
f 3629/3629 3630/3630 3628/3628
f 1695/1695 1696/1696 1694/1694
f 814/814 812/812 800/800
f 819/819 822/822 818/818
f 1695/1695 1694/1694 1693/1693
f 809/809 807/807 812/812
f 811/811 804/804 806/806
f 800/800 824/824 814/814
f 828/828 824/824 800/800
f 842/842 840/840 845/845
f 1764/1764 1766/1766 1765/1765
f 1765/1765 1774/1774 1775/1775
f 1703/1703 1713/1713 1721/1721
f 811/811 818/818 804/804
f 813/813 800/800 812/812
f 1737/1737 1731/1731 1735/1735
f 1711/1711 1731/1731 1705/1705
f 1731/1731 1711/1711 1735/1735
f 806/806 804/804 805/805
f 805/805 807/807 806/806
f 812/812 807/807 813/813
f 824/824 828/828 840/840
f 1711/1711 1705/1705 1701/1701
f 1703/1703 1702/1702 1713/1713
f 1696/1696 1704/1704 1698/1698
f 1704/1704 1696/1696 1701/1701
f 1696/1696 1698/1698 1694/1694
f 807/807 805/805 815/815
f 813/813 807/807 815/815
f 828/828 800/800 766/766
f 840/840 828/828 829/829
f 845/845 840/840 844/844
f 3617/3617 3610/3610 3616/3616
f 3616/3616 3610/3610 3609/3609
f 3616/3616 3615/3615 3618/3618
f 1737/1737 1738/1738 1731/1731
f 1701/1701 1705/1705 1704/1704
f 763/763 815/815 805/805
f 763/763 805/805 729/729
f 764/764 813/813 815/815
f 805/805 804/804 729/729
f 804/804 818/818 765/765
f 800/800 813/813 764/764
f 818/818 795/795 765/765
f 766/766 800/800 764/764
f 818/818 822/822 795/795
f 766/766 829/829 828/828
f 1773/1773 1768/1768 1780/1780
f 3609/3609 3610/3610 3611/3611
f 1764/1764 1739/1739 1768/1768
f 1765/1765 1740/1740 1764/1764
f 3609/3609 3614/3614 3615/3615
f 3616/3616 3609/3609 3615/3615
f 3613/3613 3614/3614 3609/3609
f 1775/1775 1760/1760 1740/1740
f 1765/1765 1775/1775 1740/1740
f 3076/3076 3075/3075 3074/3074
f 3074/3074 3075/3075 3073/3073
f 1733/1733 1705/1705 1731/1731
f 1713/1713 1702/1702 1706/1706
f 1713/1713 1706/1706 1728/1728
f 1702/1702 1685/1685 1706/1706
f 1698/1698 1704/1704 1689/1689
f 1702/1702 1693/1693 1685/1685
f 1693/1693 1687/1687 1685/1685
f 1694/1694 1687/1687 1693/1693
f 1688/1688 1687/1687 1694/1694
f 1698/1698 1688/1688 1694/1694
f 1689/1689 1688/1688 1698/1698
f 765/765 729/729 804/804
f 764/764 815/815 763/763
f 766/766 764/764 749/749
f 829/829 766/766 750/750
f 829/829 830/830 840/840
f 844/844 840/840 830/830
f 830/830 839/839 844/844
f 1780/1780 1768/1768 1754/1754
f 1768/1768 1739/1739 1754/1754
f 3612/3612 3609/3609 3611/3611
f 1739/1739 1764/1764 1740/1740
f 3609/3609 3612/3612 3613/3613
f 3067/3067 3071/3071 3068/3068
f 3071/3071 3072/3072 3073/3073
f 3072/3072 3071/3071 3067/3067
f 3073/3073 3072/3072 3074/3074
f 1733/1733 1691/1691 1705/1705
f 1724/1724 1691/1691 1733/1733
f 1704/1704 1690/1690 1689/1689
f 1705/1705 1690/1690 1704/1704
f 763/763 729/729 726/726
f 763/763 726/726 731/731
f 764/764 763/763 731/731
f 764/764 731/731 749/749
f 839/839 830/830 831/831
f 1754/1754 1739/1739 1743/1743
f 3062/3062 3068/3068 3069/3069
f 1739/1739 1740/1740 1741/1741
f 3060/3060 3067/3067 3068/3068
f 3060/3060 3068/3068 3062/3062
f 1756/1756 1740/1740 1760/1760
f 3061/3061 3067/3067 3060/3060
f 2524/2524 2546/2546 2541/2541
f 2518/2518 2524/2524 2541/2541
f 1706/1706 1727/1727 1728/1728
f 1690/1690 1705/1705 1691/1691
f 1687/1687 1686/1686 1685/1685
f 1688/1688 1686/1686 1687/1687
f 1688/1688 1689/1689 1686/1686
f 749/749 731/731 743/743
f 766/766 749/749 750/750
f 830/830 829/829 750/750
f 830/830 750/750 781/781
f 830/830 781/781 831/831
f 3066/3066 3062/3062 3069/3069
f 3060/3060 3062/3062 3057/3057
f 1741/1741 1740/1740 1756/1756
f 1760/1760 1761/1761 1756/1756
f 1706/1706 1709/1709 1727/1727
f 1691/1691 1724/1724 1658/1658
f 1718/1718 1658/1658 1724/1724
f 750/750 745/745 781/781
f 831/831 832/832 839/839
f 1757/1757 1780/1780 1754/1754
f 832/832 838/838 839/839
f 1754/1754 1743/1743 1757/1757
f 3055/3055 3062/3062 3066/3066
f 1739/1739 1741/1741 1742/1742
f 1685/1685 1677/1677 1706/1706
f 1686/1686 1689/1689 1652/1652
f 1652/1652 1689/1689 1690/1690
f 1690/1690 1691/1691 1656/1656
f 1658/1658 1656/1656 1691/1691
f 729/729 765/765 754/754
f 731/731 726/726 730/730
f 743/743 731/731 730/730
f 743/743 750/750 749/749
f 831/831 781/781 832/832
f 1742/1742 1743/1743 1739/1739
f 1756/1756 1746/1746 1741/1741
f 3057/3057 3059/3059 3060/3060
f 2518/2518 2522/2522 2524/2524
f 1717/1717 1658/1658 1718/1718
f 1706/1706 1677/1677 1709/1709
f 1686/1686 1651/1651 1685/1685
f 726/726 729/729 727/727
f 750/750 743/743 745/745
f 781/781 753/753 832/832
f 1743/1743 1753/1753 1757/1757
f 3055/3055 3057/3057 3062/3062
f 1746/1746 1742/1742 1741/1741
f 3060/3060 3059/3059 3061/3061
f 2516/2516 2517/2517 2518/2518
f 2518/2518 2517/2517 2522/2522
f 1658/1658 1717/1717 1661/1661
f 1656/1656 1658/1658 1657/1657
f 1685/1685 1651/1651 1677/1677
f 1652/1652 1651/1651 1686/1686
f 753/753 781/781 745/745
f 795/795 791/791 765/765
f 1757/1757 1753/1753 1778/1778
f 3057/3057 3055/3055 3056/3056
f 3059/3059 3057/3057 3058/3058
f 1756/1756 1761/1761 1746/1746
f 1658/1658 1661/1661 1657/1657
f 1690/1690 1656/1656 1652/1652
f 726/726 727/727 728/728
f 752/752 753/753 745/745
f 730/730 733/733 743/743
f 745/745 743/743 733/733
f 733/733 752/752 745/745
f 1757/1757 1778/1778 1780/1780
f 3065/3065 3055/3055 3066/3066
f 1753/1753 1743/1743 1744/1744
f 3055/3055 3054/3054 3056/3056
f 730/730 726/726 728/728
f 832/832 753/753 769/769
f 765/765 768/768 754/754
f 838/838 832/832 837/837
f 1743/1743 1742/1742 1744/1744
f 3058/3058 3057/3057 3056/3056
f 1727/1727 1709/1709 1719/1719
f 2517/2517 2523/2523 2522/2522
f 1708/1708 1661/1661 1717/1717
f 1651/1651 1654/1654 1677/1677
f 769/769 837/837 832/832
f 769/769 753/753 752/752
f 729/729 754/754 727/727
f 765/765 791/791 768/768
f 3053/3053 3055/3055 3065/3065
f 1742/1742 1746/1746 1745/1745
f 2516/2516 2519/2519 2517/2517
f 1677/1677 1692/1692 1709/1709
f 1655/1655 1652/1652 1656/1656
f 1657/1657 1655/1655 1656/1656
f 771/771 837/837 769/769
f 730/730 728/728 732/732
f 733/733 730/730 732/732
f 752/752 733/733 751/751
f 1708/1708 1660/1660 1661/1661
f 1661/1661 1660/1660 1657/1657
f 1677/1677 1675/1675 1692/1692
f 771/771 769/769 770/770
f 769/769 752/752 770/770
f 774/774 837/837 771/771
f 733/733 742/742 751/751
f 755/755 754/754 768/768
f 3053/3053 3054/3054 3055/3055
f 3032/3032 3038/3038 3037/3037
f 2520/2520 2519/2519 2516/2516
f 1776/1776 1746/1746 1761/1761
f 2517/2517 2519/2519 2521/2521
f 2517/2517 2521/2521 2523/2523
f 1709/1709 1692/1692 1719/1719
f 1651/1651 1653/1653 1654/1654
f 1651/1651 1652/1652 1653/1653
f 1655/1655 1653/1653 1652/1652
f 771/771 770/770 772/772
f 752/752 751/751 770/770
f 3070/3070 3064/3064 3065/3065
f 742/742 733/733 737/737
f 3064/3064 3053/3053 3065/3065
f 3053/3053 3052/3052 3054/3054
f 3063/3063 3056/3056 3054/3054
f 3031/3031 3032/3032 3037/3037
f 1742/1742 1745/1745 1744/1744
f 2533/2533 2519/2519 2520/2520
f 1755/1755 1746/1746 1776/1776
f 1654/1654 1675/1675 1677/1677
f 771/771 773/773 774/774
f 751/751 742/742 760/760
f 1744/1744 1748/1748 1753/1753
f 2542/2542 2533/2533 2520/2520
f 1746/1746 1755/1755 1745/1745
f 2521/2521 2540/2540 2523/2523
f 1657/1657 1660/1660 1655/1655
f 1655/1655 1659/1659 1653/1653
f 771/771 772/772 773/773
f 742/742 737/737 759/759
f 742/742 759/759 760/760
f 3064/3064 3049/3049 3053/3053
f 3049/3049 3052/3052 3053/3053
f 3034/3034 3030/3030 3031/3031
f 3052/3052 3063/3063 3054/3054
f 3030/3030 3029/3029 3031/3031
f 3453/3453 3458/3458 3454/3454
f 3031/3031 3029/3029 3032/3032
f 3458/3458 3453/3453 3459/3459
f 2532/2532 2519/2519 2533/2533
f 1667/1667 1660/1660 1708/1708
f 782/782 774/774 773/773
f 770/770 783/783 772/772
f 802/802 774/774 782/782
f 754/754 755/755 727/727
f 770/770 751/751 783/783
f 783/783 751/751 836/836
f 751/751 760/760 799/799
f 836/836 751/751 799/799
f 3025/3025 3029/3029 3023/3023
f 3023/3023 3029/3029 3030/3030
f 3452/3452 3453/3453 3454/3454
f 3140/3140 3136/3136 3138/3138
f 841/841 802/802 782/782
f 3041/3041 3043/3043 3045/3045
f 3064/3064 3050/3050 3049/3049
f 799/799 760/760 759/759
f 3042/3042 3027/3027 3041/3041
f 3028/3028 3041/3041 3027/3027
f 3024/3024 3028/3028 3027/3027
f 3455/3455 3456/3456 3457/3457
f 3024/3024 3027/3027 3026/3026
f 3025/3025 3024/3024 3026/3026
f 3023/3023 3024/3024 3025/3025
f 3452/3452 3456/3456 3455/3455
f 3452/3452 3455/3455 3453/3453
f 1747/1747 1744/1744 1745/1745
f 2532/2532 2525/2525 2519/2519
f 1776/1776 1777/1777 1755/1755
f 1712/1712 1719/1719 1692/1692
f 1654/1654 1669/1669 1675/1675
f 1653/1653 1659/1659 1663/1663
f 783/783 826/826 772/772
f 733/733 732/732 737/737
f 3043/3043 3046/3046 3045/3045
f 758/758 768/768 791/791
f 3028/3028 3043/3043 3041/3041
f 3129/3129 3130/3130 3131/3131
f 3028/3028 3024/3024 3033/3033
f 3024/3024 3023/3023 3033/3033
f 3130/3130 3132/3132 3131/3131
f 2521/2521 2519/2519 2525/2525
f 2540/2540 2521/2521 2537/2537
f 1712/1712 1692/1692 1678/1678
f 1675/1675 1678/1678 1692/1692
f 1660/1660 1662/1662 1655/1655
f 1654/1654 1653/1653 1669/1669
f 782/782 773/773 803/803
f 803/803 841/841 782/782
f 732/732 728/728 734/734
f 732/732 734/734 737/737
f 758/758 755/755 768/768
f 759/759 737/737 748/748
f 3049/3049 3050/3050 3051/3051
f 748/748 799/799 759/759
f 3133/3133 3129/3129 3134/3134
f 3538/3538 3539/3539 3540/3540
f 3129/3129 3133/3133 3130/3130
f 3051/3051 3052/3052 3049/3049
f 3034/3034 3035/3035 3030/3030
f 3033/3033 3023/3023 3039/3039
f 3030/3030 3039/3039 3023/3023
f 3132/3132 3130/3130 3135/3135
f 3132/3132 3135/3135 3136/3136
f 3136/3136 3135/3135 3137/3137
f 3137/3137 3138/3138 3136/3136
f 1664/1664 1662/1662 1660/1660
f 772/772 780/780 773/773
f 772/772 826/826 780/780
f 779/779 773/773 780/780
f 773/773 779/779 803/803
f 780/780 826/826 827/827
f 727/727 755/755 736/736
f 727/727 735/735 728/728
f 3538/3538 3541/3541 3542/3542
f 3538/3538 3540/3540 3541/3541
f 1748/1748 1778/1778 1753/1753
f 3036/3036 3040/3040 3030/3030
f 3035/3035 3036/3036 3030/3030
f 3141/3141 3130/3130 3133/3133
f 3555/3555 3556/3556 3557/3557
f 3540/3540 3543/3543 3544/3544
f 3040/3040 3039/3039 3030/3030
f 3543/3543 3545/3545 3544/3544
f 3545/3545 3543/3543 3554/3554
f 3135/3135 3130/3130 3141/3141
f 3545/3545 3552/3552 3544/3544
f 1748/1748 1744/1744 1747/1747
f 3545/3545 3554/3554 3553/3553
f 3553/3553 3552/3552 3545/3545
f 3137/3137 3139/3139 3138/3138
f 2525/2525 2532/2532 2529/2529
f 2527/2527 2526/2526 2525/2525
f 2525/2525 2526/2526 2521/2521
f 2526/2526 2537/2537 2521/2521
f 1655/1655 1662/1662 1659/1659
f 727/727 736/736 735/735
f 3044/3044 3035/3035 3047/3047
f 3047/3047 3035/3035 3048/3048
f 3541/3541 3540/3540 3546/3546
f 3546/3546 3544/3544 3549/3549
f 3540/3540 3544/3544 3546/3546
f 2530/2530 2547/2547 2548/2548
f 2530/2530 2529/2529 2547/2547
f 1664/1664 1660/1660 1667/1667
f 3551/3551 3550/3550 3547/3547
f 780/780 776/776 779/779
f 3550/3550 3541/3541 3547/3547
f 779/779 833/833 803/803
f 737/737 734/734 738/738
f 748/748 737/737 738/738
f 748/748 767/767 835/835
f 3549/3549 3548/3548 3546/3546
f 3044/3044 3036/3036 3035/3035
f 1778/1778 1748/1748 1759/1759
f 2530/2530 2534/2534 2531/2531
f 1748/1748 1747/1747 1749/1749
f 776/776 778/778 779/779
f 728/728 735/735 734/734
f 755/755 758/758 736/736
f 3541/3541 3546/3546 3547/3547
f 791/791 793/793 758/758
f 1752/1752 1748/1748 1749/1749
f 2530/2530 2528/2528 2529/2529
f 2531/2531 2528/2528 2530/2530
f 2529/2529 2528/2528 2525/2525
f 2528/2528 2527/2527 2525/2525
f 1745/1745 1755/1755 1751/1751
f 2537/2537 2526/2526 2527/2527
f 1669/1669 1678/1678 1675/1675
f 1663/1663 1669/1669 1653/1653
f 1659/1659 1665/1665 1663/1663
f 747/747 776/776 792/792
f 779/779 778/778 797/797
f 797/797 833/833 779/779
f 748/748 738/738 740/740
f 792/792 767/767 747/747
f 748/748 740/740 767/767
f 3548/3548 3547/3547 3546/3546
f 1759/1759 1748/1748 1752/1752
f 1667/1667 1684/1684 1664/1664
f 1684/1684 1667/1667 1716/1716
f 1659/1659 1662/1662 1665/1665
f 747/747 775/775 776/776
f 740/740 747/747 767/767
f 2538/2538 2536/2536 2534/2534
f 1747/1747 1745/1745 1751/1751
f 1755/1755 1758/1758 1751/1751
f 1777/1777 1758/1758 1755/1755
f 2544/2544 2537/2537 2527/2527
f 2545/2545 2537/2537 2544/2544
f 1666/1666 1662/1662 1664/1664
f 776/776 777/777 778/778
f 738/738 734/734 739/739
f 757/757 736/736 758/758
f 2543/2543 2536/2536 2538/2538
f 2536/2536 2531/2531 2534/2534
f 2531/2531 2535/2535 2528/2528
f 1747/1747 1751/1751 1750/1750
f 2528/2528 2535/2535 2527/2527
f 2535/2535 2544/2544 2527/2527
f 1634/1634 1619/1619 1648/1648
f 1663/1663 1670/1670 1669/1669
f 776/776 775/775 777/777
f 797/797 778/778 777/777
f 735/735 736/736 744/744
f 1712/1712 1678/1678 1707/1707
f 1664/1664 1684/1684 1679/1679
f 1662/1662 1666/1666 1665/1665
f 1663/1663 1668/1668 1670/1670
f 1665/1665 1668/1668 1663/1663
f 747/747 741/741 775/775
f 735/735 744/744 734/734
f 740/740 738/738 739/739
f 747/747 740/740 741/741
f 793/793 757/757 758/758
f 793/793 801/801 757/757
f 1759/1759 1752/1752 1762/1762
f 2536/2536 2539/2539 2531/2531
f 2531/2531 2539/2539 2535/2535
f 1749/1749 1747/1747 1750/1750
f 1734/1734 1679/1679 1684/1684
f 1679/1679 1666/1666 1664/1664
f 1678/1678 1669/1669 1681/1681
f 1665/1665 1666/1666 1671/1671
f 762/762 775/775 741/741
f 777/777 775/775 762/762
f 777/777 823/823 797/797
f 736/736 746/746 744/744
f 734/734 744/744 739/739
f 740/740 739/739 741/741
f 1633/1633 1650/1650 1617/1617
f 1629/1629 1618/1618 1647/1647
f 1647/1647 1618/1618 1634/1634
f 1763/1763 1750/1750 1751/1751
f 1618/1618 1619/1619 1634/1634
f 1751/1751 1758/1758 1763/1763
f 1712/1712 1707/1707 1726/1726
f 1681/1681 1707/1707 1678/1678
f 1682/1682 1666/1666 1679/1679
f 1668/1668 1665/1665 1671/1671
f 736/736 757/757 746/746
f 1615/1615 1633/1633 1617/1617
f 1629/1629 1615/1615 1618/1618
f 1649/1649 1638/1638 1637/1637
f 1619/1619 1620/1620 1622/1622
f 1726/1726 1707/1707 1722/1722
f 1666/1666 1674/1674 1671/1671
f 739/739 744/744 756/756
f 741/741 739/739 756/756
f 741/741 756/756 761/761
f 741/741 761/761 762/762
f 1616/1616 1632/1632 1621/1621
f 1632/1632 1616/1616 1617/1617
f 1633/1633 1615/1615 1629/1629
f 1643/1643 1599/1599 1645/1645
f 1619/1619 1614/1614 1610/1610
f 1618/1618 1614/1614 1619/1619
f 1619/1619 1610/1610 1620/1620
f 1620/1620 1623/1623 1622/1622
f 1707/1707 1681/1681 1722/1722
f 1669/1669 1680/1680 1681/1681
f 1680/1680 1669/1669 1676/1676
f 1682/1682 1674/1674 1666/1666
f 1669/1669 1670/1670 1676/1676
f 1668/1668 1673/1673 1670/1670
f 1668/1668 1672/1672 1673/1673
f 1671/1671 1672/1672 1668/1668
f 756/756 787/787 761/761
f 794/794 762/762 761/761
f 1642/1642 1630/1630 1644/1644
f 1628/1628 1625/1625 1644/1644
f 744/744 746/746 790/790
f 784/784 756/756 744/744
f 787/787 756/756 784/784
f 761/761 787/787 788/788
f 1628/1628 1644/1644 1630/1630
f 1642/1642 1631/1631 1630/1630
f 1631/1631 1642/1642 1641/1641
f 1617/1617 1616/1616 1615/1615
f 1616/1616 1621/1621 1613/1613
f 1612/1612 1615/1615 1616/1616
f 1607/1607 1631/1631 1640/1640
f 1640/1640 1631/1631 1641/1641
f 1599/1599 1607/1607 1640/1640
f 1599/1599 1640/1640 1645/1645
f 1612/1612 1614/1614 1615/1615
f 1611/1611 1614/1614 1612/1612
f 1618/1618 1615/1615 1614/1614
f 1597/1597 1599/1599 1643/1643
f 1611/1611 1610/1610 1614/1614
f 1643/1643 1637/1637 1597/1597
f 1597/1597 1637/1637 1595/1595
f 1609/1609 1620/1620 1610/1610
f 1637/1637 1638/1638 1595/1595
f 1609/1609 1591/1591 1620/1620
f 1620/1620 1591/1591 1623/1623
f 1639/1639 1595/1595 1638/1638
f 1680/1680 1730/1730 1681/1681
f 1715/1715 1674/1674 1682/1682
f 744/744 790/790 785/785
f 784/784 744/744 785/785
f 784/784 785/785 786/786
f 787/787 784/784 786/786
f 787/787 786/786 788/788
f 761/761 788/788 794/794
f 1627/1627 1613/1613 1621/1621
f 1613/1613 1612/1612 1616/1616
f 1608/1608 1612/1612 1613/1613
f 1611/1611 1612/1612 1608/1608
f 1607/1607 1599/1599 1596/1596
f 1596/1596 1599/1599 1597/1597
f 1591/1591 1608/1608 1590/1590
f 1611/1611 1608/1608 1610/1610
f 1608/1608 1591/1591 1609/1609
f 1610/1610 1608/1608 1609/1609
f 1596/1596 1597/1597 1595/1595
f 1588/1588 1596/1596 1595/1595
f 1595/1595 1639/1639 1589/1589
f 1587/1587 1589/1589 1639/1639
f 1623/1623 1591/1591 1592/1592
f 1730/1730 1680/1680 1676/1676
f 1592/1592 1586/1586 1593/1593
f 1670/1670 1714/1714 1676/1676
f 1670/1670 1673/1673 1714/1714
f 1673/1673 1672/1672 1683/1683
f 1671/1671 1683/1683 1672/1672
f 1683/1683 1671/1671 1674/1674
f 798/798 789/789 785/785
f 786/786 785/785 789/789
f 798/798 785/785 790/790
f 1636/1636 1604/1604 1627/1627
f 1604/1604 1606/1606 1627/1627
f 1606/1606 1613/1613 1627/1627
f 1628/1628 1630/1630 1598/1598
f 1630/1630 1631/1631 1598/1598
f 1598/1598 1631/1631 1607/1607
f 1594/1594 1598/1598 1607/1607
f 1608/1608 1613/1613 1606/1606
f 1596/1596 1594/1594 1607/1607
f 1590/1590 1608/1608 1606/1606
f 1588/1588 1594/1594 1596/1596
f 1591/1591 1590/1590 1586/1586
f 1595/1595 1589/1589 1588/1588
f 1586/1586 1581/1581 1582/1582
f 1591/1591 1586/1586 1592/1592
f 1583/1583 1589/1589 1587/1587
f 1585/1585 1587/1587 1635/1635
f 1585/1585 1601/1601 1582/1582
f 1586/1586 1582/1582 1593/1593
f 1683/1683 1714/1714 1673/1673
f 1593/1593 1582/1582 1601/1601
f 789/789 796/796 786/786
f 796/796 788/788 786/786
f 1626/1626 1624/1624 1646/1646
f 1605/1605 1646/1646 1624/1624
f 1636/1636 1605/1605 1604/1604
f 1626/1626 1625/1625 1600/1600
f 1624/1624 1626/1626 1603/1603
f 1600/1600 1625/1625 1598/1598
f 1628/1628 1598/1598 1625/1625
f 1583/1583 1588/1588 1589/1589
f 1585/1585 1583/1583 1587/1587
f 1580/1580 1583/1583 1585/1585
f 1582/1582 1580/1580 1585/1585
f 1600/1600 1603/1603 1626/1626
f 1602/1602 1624/1624 1603/1603
f 1605/1605 1624/1624 1602/1602
f 1604/1604 1605/1605 1578/1578
f 1606/1606 1604/1604 1590/1590
f 1598/1598 1594/1594 1584/1584
f 1584/1584 1600/1600 1598/1598
f 1584/1584 1594/1594 1588/1588
f 1583/1583 1584/1584 1588/1588
f 1581/1581 1586/1586 1590/1590
f 1581/1581 1580/1580 1582/1582
f 1605/1605 1602/1602 1578/1578
f 1579/1579 1603/1603 1600/1600
f 1578/1578 1590/1590 1604/1604
f 1590/1590 1578/1578 1581/1581
f 1579/1579 1584/1584 1583/1583
f 1578/1578 1579/1579 1580/1580
f 1579/1579 1583/1583 1580/1580
f 1581/1581 1578/1578 1580/1580
f 1602/1602 1603/1603 1579/1579
f 1578/1578 1602/1602 1579/1579
f 1579/1579 1600/1600 1584/1584

