# https://github.com/mikedh/trimesh
mtllib material.mtl

o tmp_5w2bg76.ply
usemtl material_0
v 0.16861400 -1.00119603 -0.00529754
v 0.33741274 -1.00214517 -0.05445512
v 0.32762253 -1.00208664 0.13131060
v 0.16487765 -1.00215745 0.11976770
v 0.30448368 -1.00106025 0.17875461
v 0.24716288 -1.00198019 0.19568469
v 0.18392974 -1.00190210 0.19766679
v 0.33890966 -1.00144649 -0.10281766
v 0.14806437 -1.00154912 -0.09550107
v 0.32166103 -0.99896049 -0.17774133
v 0.13481826 -1.00164330 -0.19721563
v 0.12278941 -1.00166881 -0.17424618
v 0.22527218 -0.99806327 -0.25754777
v 0.34792918 -0.99904513 0.15626165
v 0.35218173 -1.00089300 -0.00444074
v 0.16444080 -0.99701667 -0.24631891
v 0.29310140 -0.99617070 -0.22239693
v 0.14479004 -0.99918848 -0.04373807
v 0.14661191 -0.99614996 -0.00541295
v 0.14430310 -0.99421275 0.07406993
v 0.36824989 -0.99377733 0.03977672
v 0.15991974 -0.99500269 0.16279164
v 0.12687030 -0.99359101 -0.21025173
v 0.35633901 -0.99123621 -0.05549140
v 0.13538833 -0.99375790 -0.09471937
v 0.17685024 -0.99321103 0.21519631
v 0.36967713 -0.98124325 0.15330940
v 0.37785739 -0.97509617 0.13480307
v 0.25078279 -0.97929716 -0.26532668
v 0.29531687 -0.97775739 -0.23758559
v -0.39170170 -1.00207150 0.01441740
v -0.19363092 -1.00121319 -0.10718107
v -0.21280594 -1.00034702 -0.01657011
v -0.38276243 -1.00211787 -0.06608364
v -0.21093322 -1.00172102 0.08250409
v -0.21501179 -1.00176489 0.15644334
v -0.30833951 -1.00149453 0.19172670
v -0.39170635 -1.00059760 0.15737887
v -0.19267793 -1.00026882 -0.04701436
v -0.37514520 -0.99931294 -0.16180187
v -0.25334606 -0.99956495 -0.24436611
v -0.17990650 -1.00165677 -0.20175992
v -0.33183244 -0.99458379 -0.23212630
v -0.40139434 -1.00005460 -0.02782579
v -0.22345345 -0.99372423 0.21701796
v -0.27952456 -0.99515420 -0.25906521
v -0.19115223 -0.99404711 0.01379836
v -0.19243757 -0.99602979 0.08273978
v -0.17464699 -0.99779534 -0.11985625
v -0.18278728 -0.99474829 -0.08966321
v -0.19365552 -0.99000156 -0.23852494
v -0.41900292 -0.98599082 0.13925052
v -0.41530192 -0.98860347 0.01257775
v -0.23454636 -0.98547345 -0.26232857
v -0.39663619 -0.99035627 -0.07242666
v -0.17049944 -0.99392349 -0.19882980
v -0.03072905 0.12348928 -0.22056201
v 0.09728189 0.12448842 -0.22042568
v 0.05321762 0.04273596 -0.21463032
v -0.04107415 0.04195963 -0.21867040
v -0.14543615 0.10573385 -0.21649846
v -0.10969005 0.04131334 -0.21300751
v -0.19867419 0.09737596 -0.20618764
v -0.19115409 0.03908804 -0.19629826
v 0.15256530 0.09080856 -0.20441553
v 0.12049456 0.03837921 -0.20227064
v -0.09540801 0.15944593 -0.23476987
v -0.21680292 0.16335766 -0.23295507
v 0.06496403 0.15400985 -0.23253940
v -0.17299275 0.19373664 -0.24706525
v 0.12944320 0.19597462 -0.24696340
v -0.04529097 0.22740957 -0.25441214
v 0.20355695 0.22266142 -0.25070509
v 0.08528031 0.25682366 -0.26222461
v -0.23324758 0.27228573 -0.26376456
v 0.20321435 0.30854928 -0.26734468
v -0.25543994 0.24636136 -0.25497591
v -0.26877314 0.21917127 -0.24720606
v -0.03693086 0.29720715 -0.26806110
v 0.17147383 0.16052933 -0.23208143
v 0.18899813 0.17800280 -0.23579720
v -0.25152236 0.29731935 -0.26520517
v 0.22187637 0.21518022 -0.24417844
v -0.22163753 0.34239459 -0.26362491
v 0.24277419 0.31004107 -0.25311661
v -0.02171947 0.35673469 -0.26285192
v -0.28245440 0.29229307 -0.25142795
v 0.15916394 0.03856888 -0.18439549
v 0.17839392 0.12011363 -0.20521311
v -0.24624093 0.36996919 -0.25343910
v -0.32109368 0.33799309 -0.24685092
v -0.33536154 0.39436758 -0.23364782
v -0.03207590 0.41669139 -0.24816282
v 0.10004909 0.41743508 -0.24712241
v 0.18119864 0.39492750 -0.24925359
v 0.25420326 0.38428998 -0.24288718
v 0.29697868 0.35272700 -0.23784526
v 0.32178614 0.28931957 -0.21983878
v 0.36196285 0.33730191 -0.21439582
v 0.43170169 0.32832941 -0.21944851
v 0.54079372 0.29612291 -0.22507910
v 0.46232730 0.26077524 -0.21683821
v 0.54306567 0.25041413 -0.21574588
v 0.42212802 0.22493860 -0.19894232
v 0.31192002 0.23142405 -0.19961093
v 0.27732936 0.25210056 -0.21630368
v 0.54436982 0.33574510 -0.21866734
v 0.54379404 0.22591950 -0.20327426
v -0.15866943 0.41253272 -0.24845858
v 0.32060149 0.38509747 -0.22434250
v -0.22550003 0.40370870 -0.24600263
v -0.35764483 0.37709701 -0.23021968
v -0.38617837 0.30413494 -0.22069569
v -0.42027634 0.33774731 -0.21360008
v -0.58814073 0.29659078 -0.22446032
v -0.48316970 0.26906425 -0.21831229
v -0.34767690 0.27194878 -0.21793377
v -0.58948708 0.23708056 -0.21071188
v -0.58710712 0.33850390 -0.21750751
v -0.34770417 0.23179974 -0.19982867
v -0.51883930 0.22329113 -0.20003679
v -0.31056747 0.23683640 -0.21760769
v 0.24820176 0.40935069 -0.23395379
v 0.39864564 0.37219757 -0.18865404
v -0.26181126 0.16701342 -0.21190202
v 0.27301082 0.20453939 -0.17650248
v -0.42801300 0.37631059 -0.19359650
v -0.47761035 0.35469702 -0.20144877
v -0.31118149 0.20534822 -0.18898980
v -0.24925610 0.10355796 -0.16408418
v -0.37498328 0.41632646 -0.19732772
v 0.19763353 0.09141064 -0.15823337
v 0.24044667 0.18230976 -0.19946972
v -0.17695230 0.02188998 -0.21622947
v -0.22026315 0.01867081 -0.18890324
v -0.19063349 -0.05500496 -0.21243887
v -0.13445139 -0.04499732 -0.23435360
v -0.12764841 0.02433104 -0.23144047
v -0.02764177 0.02254439 -0.23926641
v -0.07608531 -0.05389762 -0.23876131
v -0.02487999 -0.05214560 -0.24474591
v 0.02552336 -0.00581457 -0.23752859
v 0.07706277 0.02482703 -0.23219417
v 0.08317585 0.00834654 -0.23305908
v 0.08416104 -0.05439977 -0.23314637
v 0.13042776 0.02182033 -0.21634771
v 0.13103040 -0.06157205 -0.21502672
v -0.15260442 -0.07928201 -0.21605799
v -0.19992781 -0.08055896 -0.19867048
v -0.19909461 -0.17114054 -0.21722929
v -0.12683274 -0.13862467 -0.22977102
v -0.04878958 -0.07654387 -0.22911716
v -0.07258657 -0.17186084 -0.23834571
v -0.15941751 -0.25799280 -0.24132410
v 0.04042082 -0.17462738 -0.23801966
v 0.00714889 -0.07568394 -0.22902939
v 0.07066643 -0.12024277 -0.22840337
v 0.08975051 -0.07473240 -0.22108370
v 0.15182421 -0.25586951 -0.23423529
v 0.15760556 -0.16226777 -0.21536738
v 0.16406770 -0.11398654 -0.20085953
v -0.20260125 -0.25900739 -0.23389509
v -0.11382481 -0.26304853 -0.25014767
v -0.06274120 -0.22306740 -0.25012630
v -0.05340696 -0.26329640 -0.24638350
v -0.03544659 -0.23450424 -0.24627315
v -0.02162389 -0.21011052 -0.24857290
v 0.09302163 -0.26304677 -0.24767229
v 0.00832832 -0.26293588 -0.24911276
v 0.18515758 -0.23264919 -0.21591923
v 0.16518584 -0.26164907 -0.23048118
v -0.24885140 -0.21919967 -0.20199135
v 0.17016844 0.02000557 -0.19440208
v 0.17496653 -0.05411273 -0.19252619
v -0.25097162 -0.25838742 -0.20609245
v 0.20944661 -0.25993443 -0.19869727
v 0.20413347 -0.17839697 -0.18561727
v 0.17890872 -0.07188636 -0.17879245
v 0.68209654 0.41717264 -0.09641781
v 0.73935384 0.42390963 -0.01695024
v 0.73076409 0.42124638 -0.12231553
v 0.83517039 0.42082813 -0.14782524
v 0.86861122 0.42346326 0.04891449
v 0.86660701 0.42020369 -0.09409554
v 0.86046791 0.41819525 0.10545722
v 0.88741159 0.42105377 0.04166135
v 0.66707528 0.40428901 -0.19060828
v 0.80445600 0.40476486 -0.22000155
v 0.86992210 0.40531299 -0.22699168
v 0.68585044 0.40637711 0.03045435
v 0.73251176 0.40436134 0.12279034
v 0.85507715 0.40608993 0.15240069
v 0.66421413 0.40346426 -0.00900254
v 0.67273492 0.38438511 0.12666775
v 0.65122366 0.42426738 -0.11204295
v 0.64559633 0.42152399 -0.04740549
v 0.57162470 0.42197964 -0.04501140
v 0.57213175 0.42317763 -0.15459371
v 0.64612424 0.42048302 -0.16442081
v 0.55351132 0.41839960 -0.12538655
v 0.57496852 0.39354938 -0.22341864
v 0.65069127 0.39776978 -0.22041480
v 0.57198453 0.39992735 0.00218427
v 0.88579005 0.40032345 -0.19915263
v 0.66503537 0.38473487 -0.22677822
v 0.88664156 0.40000406 0.12170015
v 0.73433125 0.38674936 0.15245256
v 0.64407516 0.38084179 0.02446194
v 0.65719706 0.38174787 0.04457724
v 0.55294770 0.40275776 -0.02811361
v 0.55330819 0.38531139 -0.21223332
v 0.78492928 0.37851858 -0.24723224
v 0.86371446 0.38408849 -0.24769379
v 0.86778498 0.39515391 0.15510631
v 0.55906916 0.35213131 -0.24805711
v -0.02183683 0.95654166 -0.08912684
v -0.00360216 0.95292777 -0.00846334
v 0.04287927 0.95405889 -0.07081747
v -0.08756388 0.95507187 -0.05698870
v -0.05455380 0.94484079 0.02651108
v 0.08313787 0.93577218 0.03080748
v 0.01875518 0.93674803 0.07748557
v -0.07942277 0.93392551 0.08300383
v -0.05531253 0.92340207 0.12876646
v 0.09754250 0.91972011 0.10296809
v 0.03037286 0.91907150 0.13596244
v 0.11413533 0.90275609 0.15735164
v 0.11924507 0.93833065 -0.06756024
v 0.13508670 0.91943836 0.04500208
v -0.03106690 0.90327656 0.18171732
v -0.12954746 0.91676593 0.12683137
v 0.04194498 0.90085691 0.17962395
v -0.12780240 0.89816952 0.17767584
v -0.17024930 0.93686116 -0.03084472
v -0.13314912 0.94326258 -0.06914670
v -0.17282154 0.90148950 0.15778883
v -0.18355957 0.91894710 0.05024996
v -0.16902056 0.93245107 -0.13663533
v -0.14456281 0.93384606 -0.17216226
v -0.08166161 0.93874413 -0.18278559
v 0.05199253 0.93946326 -0.18020986
v 0.12141930 0.93182337 -0.14047256
v 0.13750823 0.89924568 0.12668805
v 0.01420644 0.88889706 0.20122094
v 0.11618198 0.91972888 -0.18557356
v -0.07236527 0.88451385 0.20208120
v 0.11317040 0.88509971 0.18166284
v 0.16257481 0.90507936 -0.07587925
v 0.13489559 0.88502872 0.16003813
v -0.19982335 0.90112197 -0.16887781
v 0.04414051 0.90281117 -0.23282643
v 0.10253152 0.87219954 -0.26236859
v -0.13749017 0.87177032 -0.26646867
v -0.08411799 0.87004960 -0.27775240
v 0.03168406 0.86849117 -0.28050178
v -0.17305470 0.87628651 -0.24432413
v 0.14471523 0.87189478 -0.23313056
v 0.18223076 0.87610513 -0.14519872
v 0.16331430 0.89446449 0.01525315
v -0.23430365 0.87838697 -0.07766777
v 0.18941399 0.87430733 -0.06511000
v -0.06021980 -0.41385967 -0.03271128
v -0.07426658 -0.49847555 -0.05383096
v -0.06316119 -0.39229092 -0.11132800
v -0.08398659 -0.52105635 -0.11253086
v -0.08066536 -0.55959076 -0.05726615
v -0.09481736 -0.57596827 -0.14300197
v -0.04093710 -0.32239282 -0.09615132
v -0.03873725 -0.32818833 -0.04778864
v -0.02487747 -0.27242309 -0.03868096
v -0.09634677 -0.66289854 -0.15765022
v -0.08772346 -0.66042233 -0.09465005
v -0.10156307 -0.68173879 -0.14459017
v -0.08097473 -0.47027823 0.01725713
v -0.04102641 -0.29051456 0.01787836
v -0.09753102 -0.56959534 0.00611168
v -0.09561566 -0.68326944 -0.04433537
v -0.06954857 -0.38131490 0.02874988
v -0.02317387 -0.27633357 -0.08599764
v -0.02351208 -0.24992223 0.02259080
v -0.11395217 -0.68583399 0.00770586
v -0.03449111 -0.24759629 0.06797077
v -0.02210527 -0.21666487 0.06789802
v -0.02263193 -0.21119514 0.11644091
v -0.03494615 -0.23708998 0.12438305
v -0.05346237 -0.27825448 0.05365712
v -0.05580840 -0.29014289 -0.15559325
v -0.05469460 -0.26726705 0.12031599
v -0.11162021 -0.45740283 0.07454153
v -0.13986436 -0.68252057 0.05273971
v -0.13475665 -0.54416502 0.06971568
v -0.09994903 -0.35502070 0.07525529
v -0.06785769 -0.27339646 0.07252159
v -0.05820572 -0.25753969 0.13621590
v -0.10494385 -0.66476548 -0.17808604
v -0.11226965 -0.48805970 -0.17382750
v -0.11634281 -0.56104141 -0.19666341
v -0.12017976 -0.66908014 -0.22244175
v -0.11136828 -0.67575240 -0.17430967
v -0.09244716 -0.35978970 -0.17380624
v -0.02356063 -0.25854865 -0.15126769
v -0.03996684 -0.26315454 -0.17093436
v -0.02349464 -0.21900879 -0.19138534
v -0.03544659 -0.23450424 -0.24627315
v -0.02162389 -0.21011052 -0.24857290
v -0.05340696 -0.26329640 -0.24638350
v -0.03770409 -0.20491542 0.13285948
v -0.01434875 0.39246419 0.09571077
v 0.01399889 0.42333633 0.09092489
v -0.05979761 0.41943875 0.09004980
v -0.09285474 0.36257410 0.10299432
v 0.01773542 0.35017011 0.11304870
v -0.02737766 0.31663883 0.13261640
v 0.07226155 0.38028890 0.08411919
v 0.06628615 0.41243407 0.07062539
v 0.11308361 0.38390866 0.08233862
v -0.06854840 0.32224038 0.13534881
v -0.02394482 0.24759862 0.17558302
v 0.00486618 0.28872979 0.15339467
v 0.02391043 0.32559547 0.13505299
v 0.11060327 0.25043043 0.14317660
v 0.09163217 0.23546258 0.15398262
v 0.07356369 0.33577931 0.11695560
v 0.15651755 0.27663296 0.12256995
v 0.06941433 0.35914230 0.10687541
v 0.16724293 0.32610983 0.09347548
v 0.20222233 0.37506759 0.06121559
v 0.03569476 0.22619785 0.16662849
v 0.14624956 0.23580745 0.13842423
v 0.18386236 0.23574413 0.12490468
v 0.22616708 0.32381374 0.06917858
v 0.19968626 0.28015026 0.10006326
v 0.24467313 0.38774475 0.04134778
v 0.30978554 0.35616446 0.02670323
v 0.32023939 0.39855725 0.00994274
v 0.26247767 0.42221260 0.01667021
v 0.20014410 0.41877210 0.02570982
v 0.14189230 0.41398078 0.04493703
v 0.37665391 0.36187586 -0.00376667
v -0.10741318 0.34235650 0.11836543
v -0.13744386 0.36828870 0.09791115
v 0.10846791 0.44323483 0.01843398
v -0.18312185 0.23991276 0.14146005
v -0.10841199 0.23290347 0.15981285
v -0.18005398 0.31764418 0.10814500
v -0.18267986 0.38536236 0.07616359
v -0.21729057 0.24520588 0.13153163
v -0.18258545 0.40551260 0.05895803
v -0.24550788 0.31402782 0.08846702
v -0.28075948 0.38169825 0.04414476
v -0.25495222 0.41225836 0.03043859
v -0.30750474 0.42549577 0.01014062
v -0.37775964 0.40509012 -0.00120433
v -0.21900380 0.45280150 -0.01720394
v -0.13879424 0.39526835 0.06355141
v -0.37378538 0.36421537 0.01804707
v 0.17055781 0.45349562 -0.02069108
v 0.27192852 0.44853970 -0.02533731
v -0.16697058 0.42826489 0.01945450
v -0.32466319 0.44868761 -0.03083946
v 0.13989498 0.44441137 -0.00736163
v 0.35269433 0.41878530 -0.03635591
v 0.41216931 0.37955296 -0.03118056
v 0.48504472 0.34979823 -0.00528357
v 0.45616791 0.31361619 0.01387501
v 0.54447824 0.31370729 0.01056960
v 0.54294890 0.35219952 -0.00936730
v 0.34484357 0.32133597 0.01415855
v 0.54026270 0.37306476 -0.03858795
v -0.18482228 0.46270806 -0.03991569
v 0.12099122 0.46320131 -0.01249493
v 0.54496336 0.38409999 -0.04998496
v -0.43887973 0.37655523 -0.01895532
v 0.48728308 0.28153789 0.01486067
v 0.54197288 0.29244965 0.01557527
v -0.30455023 0.32634926 0.04783667
v 0.42205498 0.28335023 0.01551743
v 0.31537822 0.29373264 0.01536111
v -0.25556529 0.27671409 0.09596553
v 0.07114004 0.45417553 0.06935237
v -0.40179577 0.33514100 0.00947248
v -0.49093735 0.35814372 -0.00818346
v -0.52603406 0.30498931 0.01501484
v -0.58961785 0.29862839 0.01644810
v -0.58846265 0.37627926 -0.04089003
v -0.44998580 0.29396641 0.01734909
v -0.33846897 0.28814530 0.01685271
v -0.52133268 0.28292701 0.01535667
v -0.11455888 0.45241496 0.07022963
v -0.22991627 0.23526765 0.12543684
v 0.29118118 0.29046682 0.02023431
v -0.27999669 0.27823988 0.07044744
v 0.23131093 0.25333741 0.07677137
v 0.23875396 0.25770009 0.05300350
v -0.45066318 0.23946886 -0.00081290
v -0.32837564 0.24943426 -0.00431907
v 0.44955596 0.24874014 0.00260629
v -0.53045368 0.23914200 -0.00225484
v -0.59052223 0.23217711 -0.00842631
v 0.38529971 0.24122842 -0.00263091
v 0.27812207 0.24892184 -0.00389774
v 0.46295521 0.23339419 -0.00463943
v 0.54416478 0.23516823 -0.00538536
v 0.01340895 0.44229168 0.10254656
v -0.07256316 0.44539142 0.10026611
v -0.13982806 0.46727535 0.03808634
v -0.19014339 -0.54829067 0.08759721
v -0.24794397 -0.45559490 0.08856187
v -0.26363885 -0.51492602 0.07793675
v -0.16456580 -0.45067853 0.09865715
v -0.28032446 -0.66431093 0.07379884
v -0.15762106 -0.35283411 0.09505181
v -0.18406138 -0.62233067 0.07893685
v -0.24657150 -0.68525034 0.07630635
v -0.19393426 -0.68346083 0.07271343
v -0.22972645 -0.31177518 0.07415560
v -0.17822531 -0.27277327 0.08342065
v -0.13387471 -0.27264115 0.09068938
v -0.24502480 -0.27347690 0.06030178
v -0.30508527 -0.52016258 0.05709985
v -0.34201270 -0.66687882 0.04271223
v -0.29144126 -0.45041314 0.06676308
v -0.27172437 -0.35360530 0.05768904
v -0.12453355 -0.38337392 0.08488781
v -0.13475665 -0.54416502 0.06971568
v -0.13986436 -0.68252057 0.05273971
v -0.09994903 -0.35502070 0.07525529
v -0.06785769 -0.27339646 0.07252159
v -0.11162021 -0.45740283 0.07454153
v -0.28879502 -0.67947817 0.05803409
v -0.27131623 0.13879949 -0.01261254
v -0.28785008 0.20454358 -0.01370795
v -0.27775887 0.13014129 -0.09604053
v -0.25732788 0.08660271 -0.05270389
v -0.25222567 0.08185472 -0.00062484
v -0.24747834 0.03955771 -0.08266582
v -0.23101555 0.04012956 0.03554695
v -0.30438659 0.19068584 -0.09979367
v -0.31219375 0.19793749 -0.16687855
v -0.26680601 0.23657161 0.08663374
v -0.25251377 0.15846957 0.06628202
v -0.23315848 0.08577567 0.06626516
v -0.28823805 0.26238549 0.05296878
v -0.20114121 0.03884099 0.08466514
v -0.27999669 0.27823988 0.07044744
v -0.24407564 0.07277444 -0.13579383
v -0.30455023 0.32634926 0.04783667
v -0.24925610 0.10355796 -0.16408418
v -0.23005396 0.04121451 -0.14669561
v -0.31401125 0.22025724 -0.04412382
v -0.32837564 0.24943426 -0.00431907
v -0.21614869 0.18774562 0.11986338
v -0.33846897 0.28814530 0.01685271
v -0.22991627 0.23526765 0.12543684
v -0.25556529 0.27671409 0.09596553
v -0.20965129 0.12957256 0.10511690
v -0.32186007 0.20544945 -0.08825756
v -0.26181126 0.16701342 -0.21190202
v -0.31118149 0.20534822 -0.18898980
v -0.19115409 0.03908804 -0.19629826
v -0.29837781 -0.32765016 -0.12385748
v -0.31468126 -0.40427363 -0.12574184
v -0.31842825 -0.36330277 -0.05955220
v -0.33400482 -0.46075174 -0.09247053
v -0.29827794 -0.27600813 -0.06311629
v -0.32406694 -0.48876849 -0.15053833
v -0.33522949 -0.45084697 -0.04750441
v -0.34772077 -0.51452255 -0.06333646
v -0.34608191 -0.54307967 -0.14461319
v -0.29522443 -0.27175304 -0.10915245
v -0.35097590 -0.53612274 -0.03740994
v -0.36008638 -0.55497140 -0.09701359
v -0.36095396 -0.58605623 -0.14771195
v -0.37838730 -0.62647694 -0.12886687
v -0.36986476 -0.63349950 -0.18168238
v -0.36779252 -0.58931601 -0.05003307
v -0.38620779 -0.64980352 -0.08764485
v -0.31642124 -0.40353093 0.00532850
v -0.29826877 -0.33520654 0.00652057
v -0.29120702 -0.27270141 -0.00546551
v -0.33350706 -0.51625204 0.01206586
v -0.36800447 -0.65437782 -0.00028071
v -0.33196256 -0.56997961 -0.19744542
v -0.36347175 -0.64885479 -0.17510633
v -0.27116835 -0.27472159 -0.15635043
v -0.28436980 -0.40406245 -0.18068060
v -0.30581018 -0.51354313 -0.20092873
v -0.33510298 -0.63472110 -0.23779750
v -0.27958605 -0.46876070 -0.19903888
v -0.30538771 -0.57986671 -0.23143704
v -0.29144126 -0.45041314 0.06676308
v -0.27172437 -0.35360530 0.05768904
v -0.27614540 -0.27424842 0.02279813
v -0.34201270 -0.66687882 0.04271223
v -0.30508527 -0.52016258 0.05709985
v -0.30879322 -0.25856239 -0.04002297
v -0.29211155 -0.21707875 -0.12536919
v -0.28527248 -0.25414303 -0.15928105
v -0.28002524 -0.12962857 -0.06332168
v -0.29079315 -0.20467758 0.01081814
v -0.27348626 -0.12710059 0.00735334
v -0.26814291 -0.08104579 -0.03984217
v -0.26342323 -0.07398178 -0.10403492
v -0.26677781 -0.04254081 0.00028856
v -0.26588488 -0.14611185 -0.14332101
v -0.26892528 0.02062440 -0.02745131
v -0.26617450 -0.04940439 -0.11047482
v -0.26468220 0.02306610 -0.09500955
v -0.29270831 -0.25448176 0.03127581
v -0.24897099 0.02123534 -0.14487965
v -0.24858356 0.01883147 0.04120812
v -0.23717391 -0.08010069 -0.16550766
v -0.23816304 -0.05620431 -0.17068240
v -0.24885140 -0.21919967 -0.20199135
v -0.23466240 -0.08057220 0.05615041
v -0.27101895 -0.25447434 0.06656668
v -0.22026315 0.01867081 -0.18890324
v -0.25097162 -0.25838742 -0.20609245
v -0.21996143 0.00759085 0.08338925
v -0.24502480 -0.27347690 0.06030178
v -0.35254064 -0.66934699 0.01430599
v -0.24422076 -0.25873950 0.09322301
v -0.19992781 -0.08055896 -0.19867048
v -0.19063349 -0.05500496 -0.21243887
v -0.77160794 0.42177004 -0.02826366
v -0.71882558 0.41530952 -0.10670762
v -0.78412801 0.42155829 -0.11712019
v -0.87774998 0.42496222 -0.01334849
v -0.87768620 0.42015702 -0.15815620
v -0.80851024 0.41850021 0.04395010
v -0.91330701 0.42108956 0.08873046
v -0.93127728 0.42221650 0.04834305
v -0.93014634 0.41854849 -0.04179902
v -0.71591127 0.40404311 -0.18868153
v -0.78805143 0.40446514 0.12458120
v -0.73606485 0.40141848 0.07657361
v -0.72815305 0.40594992 0.01210890
v -0.71026713 0.40426752 -0.01254750
v -0.91159344 0.40611729 0.15136211
v -0.91064590 0.41213822 -0.18455021
v -0.81595224 0.40434238 -0.21803722
v -0.91701633 0.40463305 -0.22685558
v -0.71415895 0.38390008 0.10889167
v -0.72854358 0.38430539 0.13371295
v -0.80152595 0.39460799 0.14968893
v -0.71109986 0.38441551 -0.22785665
v -0.70401013 0.38530642 0.03208023
v -0.69114196 0.38008896 0.02384733
v -0.69564611 0.42550468 -0.10426164
v -0.68742573 0.41746131 -0.03069735
v -0.60870111 0.42060930 -0.04668108
v -0.61863351 0.42545444 -0.09508161
v -0.61850214 0.42170221 -0.16086526
v -0.69295132 0.42080396 -0.16350079
v -0.60120648 0.41654894 -0.13767372
v -0.60628188 0.40507060 -0.01215684
v -0.69535685 0.40312222 -0.21079899
v -0.61756974 0.39719746 -0.21599133
v -0.93325549 0.40252152 -0.18037358
v -0.61899167 0.37801188 0.02393781
v -0.59968203 0.39260095 -0.19988905
v -0.93447751 0.39594787 0.12670273
v -0.83288181 0.38338834 -0.24420795
v -0.91520965 0.38537461 -0.24658842
v -0.69413477 0.36769980 -0.25124100
v -0.68004429 0.33581054 0.04462541
v -0.69989854 0.35468298 0.06045832
v -0.62009794 0.33182430 0.04233440
v 0.02833983 0.60795659 -0.25883695
v -0.07084085 0.62140799 -0.26477909
v 0.02685248 0.66870439 -0.28342995
v -0.06743050 0.55622679 -0.23675050
v 0.03329239 0.55183572 -0.23059623
v 0.08898519 0.55687630 -0.22370917
v 0.09575008 0.63192356 -0.25267628
v -0.09930643 0.68244755 -0.28128064
v 0.12199678 0.68301404 -0.26147979
v -0.13460907 0.62387490 -0.25076249
v -0.13822399 0.55585515 -0.22034888
v -0.15806727 0.67713189 -0.26432875
v -0.09800476 0.77822685 -0.28338686
v 0.04488168 0.78051424 -0.28439692
v -0.07711675 0.85410994 -0.28230909
v 0.03168406 0.86849117 -0.28050178
v 0.05340581 0.85298699 -0.27906722
v 0.12219963 0.79577869 -0.26295853
v -0.17075206 0.78814739 -0.26247263
v -0.13749017 0.87177032 -0.26646867
v 0.10253152 0.87219954 -0.26236859
v -0.08411799 0.87004960 -0.27775240
v -0.18207273 0.85475075 -0.25115505
v -0.18904300 0.61787009 -0.22050720
v -0.18842921 0.67277676 -0.24593049
v 0.12958680 0.59220415 -0.21736731
v 0.14806999 0.85206467 -0.24056375
v 0.14961196 0.77369910 -0.24469951
v -0.19639495 0.77596623 -0.24299350
v -0.16817053 0.56036443 -0.20036991
v -0.17305470 0.87628651 -0.24432413
v 0.14471523 0.87189478 -0.23313056
v 0.00583839 0.52381700 -0.19682494
v -0.09551042 0.52784044 -0.19144389
v 0.03014209 0.45544258 -0.20380875
v -0.08768381 0.45612559 -0.20294963
v 0.07653173 0.48189953 -0.18549053
v 0.07324637 0.53091580 -0.18488906
v -0.12945521 0.46944201 -0.18358338
v -0.14507946 0.53499091 -0.16757907
v -0.97974998 0.33164197 -0.02128569
v -0.98531485 0.27639639 -0.14302900
v -1.00057209 0.26907453 -0.02130143
v -0.96686721 0.33199379 -0.14808579
v -0.96133173 0.37895545 -0.06495535
v -0.94442898 0.38055566 -0.18459076
v -0.95674771 0.39459088 0.01102067
v -0.93325549 0.40252152 -0.18037358
v -0.97283167 0.27176368 -0.19083971
v -0.94927484 0.29207709 -0.24729429
v -0.98581362 0.27420789 0.09383865
v -0.95482188 0.38128582 0.07827715
v -0.91701633 0.40463305 -0.22685558
v -0.91520965 0.38537461 -0.24658842
v -0.93127728 0.42221650 0.04834305
v -0.93014634 0.41854849 -0.04179902
v -0.93447751 0.39594787 0.12670273
v -0.96276116 0.30198121 0.12538014
v -0.98360747 0.20923847 -0.05886193
v -0.94976598 0.23751996 -0.23702614
v -0.95648885 0.26813120 0.14964752
v -0.97387803 0.21742557 0.07736789
v -0.98336464 0.21329764 -0.00050435
v -0.96465158 0.21260680 -0.15921350
v -0.91761774 0.35088828 0.16912664
v -0.91159344 0.40611729 0.15136211
v -0.93569833 0.29562876 -0.26592106
v -0.93836039 0.21478657 -0.23757602
v -0.93134511 0.26582894 -0.26461911
v -0.91856599 0.27970487 0.18437803
v -0.93133324 0.24792226 0.17288537
v -0.93009895 0.20634168 0.13845679
v 0.01321293 -0.41266152 -0.04707263
v 0.02959377 -0.45296600 -0.11653792
v 0.03007103 -0.50676191 -0.04743173
v 0.01403102 -0.37624097 -0.11234483
v -0.00667109 -0.32846251 -0.06009599
v -0.00727626 -0.30038440 -0.11797008
v 0.03799873 -0.54654759 -0.10700458
v 0.04317368 -0.66507196 -0.09122642
v 0.04963684 -0.66748953 -0.15532511
v 0.00321872 -0.33070996 0.01224185
v -0.00630918 -0.28272995 0.01318176
v 0.02636590 -0.41819450 0.01801794
v 0.04814455 -0.56360674 0.00275582
v 0.04903551 -0.68688661 -0.05091676
v 0.05068979 -0.51756877 0.02401932
v 0.00727108 -0.27123737 0.06081155
v 0.06227015 -0.61642730 0.01496034
v 0.06369414 -0.68656516 -0.00648989
v -0.02487747 -0.27242309 -0.03868096
v -0.02317387 -0.27633357 -0.08599764
v -0.01462600 -0.27272338 -0.13599908
v -0.02351208 -0.24992223 0.02259080
v -0.01352962 -0.25095245 0.05758212
v -0.02210527 -0.21666487 0.06789802
v -0.02263193 -0.21119514 0.11644091
v 0.00463571 -0.25996745 0.13544618
v 0.06116889 -0.67823720 -0.16065854
v 0.04622966 -0.50587779 -0.13312753
v 0.08893366 -0.68691617 0.04070108
v 0.06725607 -0.45539659 0.07516297
v 0.03573658 -0.30423191 0.07218575
v 0.05934665 -0.39261419 0.07507820
v 0.08508880 -0.57830209 0.05862528
v 0.08429801 -0.50529015 0.07501262
v 0.02403680 -0.27188900 0.07634240
v 0.10268950 -0.68151689 0.05678393
v 0.03025113 -0.39205846 -0.13615793
v 0.07209681 -0.56672001 -0.20199625
v 0.07280739 -0.66535455 -0.22338930
v -0.02356063 -0.25854865 -0.15126769
v 0.07245825 -0.49026996 -0.18317126
v 0.05358832 -0.36303088 -0.18040942
v 0.02169664 -0.28101906 -0.17010653
v 0.07707825 -0.67948580 -0.16793872
v 0.72597718 0.24562213 -0.23813969
v 0.66691613 0.25081959 -0.24329583
v 0.73695511 0.28728834 -0.25848293
v 0.66797906 0.30177918 -0.25370958
v 0.77686167 0.29365328 -0.26519650
v 0.65977252 0.19560869 -0.19080548
v 0.75396115 0.20613249 -0.20051423
v 0.77140474 0.23058638 -0.21699418
v 0.77004999 0.25871167 -0.22396408
v 0.81723297 0.20789930 -0.22128443
v 0.79479867 0.28730083 -0.26497066
v 0.81534630 0.23841609 -0.24576622
v 0.88992131 0.27827424 -0.26807207
v 0.88293773 0.21113861 -0.23585966
v 0.84407002 0.32489383 -0.26345786
v 0.89933056 0.21312825 -0.22572891
v 0.64570284 0.29782349 -0.26562399
v 0.64765322 0.24248789 -0.24821973
v 0.57259506 0.29347840 -0.26231033
v 0.56280982 0.23991406 -0.24730796
v 0.64833879 0.21131447 -0.22279222
v 0.56630629 0.19379738 -0.20477396
v 0.55284703 0.29107779 -0.24928568
v 0.78492928 0.37851858 -0.24723224
v 0.66584826 0.35549462 -0.24675569
v 0.64064050 0.35991323 -0.25090012
v 0.55906916 0.35213131 -0.24805711
v 0.86371446 0.38408849 -0.24769379
v 0.57496852 0.39354938 -0.22341864
v 0.66503537 0.38473487 -0.22677822
v 0.65069127 0.39776978 -0.22041480
v -0.35908708 -0.83760059 -0.09032559
v -0.35643995 -0.85188806 -0.14643943
v -0.36441734 -0.87520456 -0.11419632
v -0.37742597 -0.91415584 -0.05477597
v -0.37811351 -0.97474676 -0.16835745
v -0.39613649 -0.95082742 -0.03048081
v -0.39663619 -0.99035627 -0.07242666
v -0.41530192 -0.98860347 0.01257775
v -0.42560530 -0.97181535 0.06588218
v -0.39039472 -0.91997868 0.01973611
v -0.36218014 -0.97358304 -0.20920765
v -0.35702568 -0.76496530 -0.12574673
v -0.34084833 -0.85044342 -0.18593709
v -0.34359816 -0.92864162 -0.21472342
v -0.34207982 -0.66293693 -0.15951476
v -0.35366204 -0.66850817 -0.08238092
v -0.37514520 -0.99931294 -0.16180187
v -0.36004668 -0.87384176 -0.06960072
v -0.31913155 -0.66361755 -0.19857979
v -0.36368683 -0.89009523 0.01398732
v -0.41454166 -0.94868135 0.14183451
v -0.41900292 -0.98599082 0.13925052
v -0.33892637 -0.73330891 -0.03714803
v -0.34194613 -0.67342681 -0.03069405
v -0.33225054 -0.97786611 -0.24692065
v -0.40139434 -1.00005460 -0.02782579
v -0.39789051 -0.96584880 0.17676690
v -0.32907137 -0.83173180 -0.03921760
v -0.32640776 -0.85534823 -0.02595902
v -0.33183244 -0.99458379 -0.23212630
v -0.35144880 0.45295998 -0.10599793
v -0.25610697 0.46892539 -0.11334331
v -0.33603284 0.45082730 -0.16184631
v -0.24731085 0.46307316 -0.16854821
v -0.18664275 0.47314587 -0.14437853
v -0.19948299 0.47932905 -0.10053606
v -0.19652492 0.45433068 -0.20392126
v -0.30592051 0.44372067 -0.19454919
v -0.39082921 0.43123740 -0.14680511
v -0.21942256 0.46898586 -0.06145163
v -0.32466319 0.44868761 -0.03083946
v -0.38371348 0.43181953 -0.05411458
v -0.43726745 0.40902758 -0.09291154
v -0.47848442 0.38816565 -0.06975833
v -0.47292849 0.38898560 -0.13292855
v -0.58947015 0.39020395 -0.13667622
v -0.58846265 0.37627926 -0.04089003
v -0.18482228 0.46270806 -0.03991569
v -0.21900380 0.45280150 -0.01720394
v -0.47556457 0.37240142 -0.17891149
v -0.42801300 0.37631059 -0.19359650
v -0.59072971 0.36897343 -0.18707819
v -0.37498328 0.41632646 -0.19732772
v -0.17003971 0.49480617 -0.12889242
v -0.17308436 0.49028897 -0.03260102
v -0.37775964 0.40509012 -0.00120433
v -0.49093735 0.35814372 -0.00818346
v -0.43887973 0.37655523 -0.01895532
v -0.47761035 0.35469702 -0.20144877
v -0.58710712 0.33850390 -0.21750751
v 0.27391616 0.45945710 -0.09085169
v 0.31220639 0.44935682 -0.08271195
v 0.29323286 0.45008400 -0.16251846
v 0.37566847 0.41336724 -0.13346611
v 0.41198322 0.39599693 -0.07387799
v 0.43424186 0.39037803 -0.11834788
v 0.35269433 0.41878530 -0.03635591
v 0.45901364 0.38711643 -0.07098774
v 0.27192852 0.44853970 -0.02533731
v 0.41216931 0.37955296 -0.03118056
v 0.17055781 0.45349562 -0.02069108
v 0.15333304 0.47780576 -0.09115713
v 0.18526661 0.47134522 -0.14466700
v 0.13265368 0.47895336 -0.14303531
v 0.13015911 0.49052501 -0.06017260
v 0.26657826 0.44971254 -0.17976022
v 0.54322034 0.39234066 -0.12815614
v 0.54496336 0.38409999 -0.04998496
v 0.44916326 0.37379381 -0.03645138
v 0.48504472 0.34979823 -0.00528357
v 0.54026270 0.37306476 -0.03858795
v 0.13989498 0.44441137 -0.00736163
v 0.12099122 0.46320131 -0.01249493
v -0.03207590 0.41669139 -0.24816282
v -0.02635944 0.42515019 -0.22584772
v 0.10004909 0.41743508 -0.24712241
v -0.13405578 0.42563337 -0.22984314
v 0.08354355 0.42843586 -0.22481138
v -0.15866943 0.41253272 -0.24845858
v 0.12495398 0.43352908 -0.22868885
v 0.11576964 0.44332051 -0.20665950
v 0.15136607 0.45511746 -0.20147748
v 0.22115342 0.43447709 -0.21300495
v 0.25873637 0.43218660 -0.21421258
v 0.30538327 0.43116558 -0.19350275
v 0.12703952 0.45741776 -0.17617057
v 0.06244897 0.45660433 -0.20088044
v 0.24820176 0.40935069 -0.23395379
v -0.16990885 0.43440989 -0.22894865
v -0.16151239 0.44124073 -0.20559448
v -0.08768381 0.45612559 -0.20294963
v -0.12945521 0.46944201 -0.18358338
v 0.03014209 0.45544258 -0.20380875
v 0.18119864 0.39492750 -0.24925359
v -0.22550003 0.40370870 -0.24600263
v -0.33536154 0.39436758 -0.23364782
v 0.32060149 0.38509747 -0.22434250
v 0.07653173 0.48189953 -0.18549053
v 0.11364093 0.49367046 -0.14910978
v 0.38474542 0.38811386 -0.18407793
v 0.39864564 0.37219757 -0.18865404
v 0.54334581 0.37622783 -0.17392664
v 0.54315192 0.35310984 -0.20573060
v 0.43170169 0.32832941 -0.21944851
v 0.54436982 0.33574510 -0.21866734
v -0.21262302 0.66673487 0.06952653
v -0.22695474 0.69945925 0.02474231
v -0.22277944 0.60196763 0.01366126
v -0.21613385 0.72993261 0.07153900
v -0.23146361 0.78305572 0.03858877
v -0.24046282 0.72012055 -0.02603770
v -0.21728674 0.54666066 0.02953382
v -0.20440310 0.63459265 0.08132634
v -0.21959059 0.86101711 0.07383273
v -0.23261671 0.85885251 0.02473337
v -0.24756718 0.79957378 -0.07310788
v -0.24625631 0.71229565 -0.06102774
v -0.21390583 0.79526043 0.10317108
v -0.20168491 0.86166602 0.12684254
v -0.20222068 0.79592794 0.12955171
v -0.18029572 0.80208617 0.18034674
v -0.20528118 0.52272379 0.04857325
v -0.18231884 0.57767451 0.11431797
v -0.18532339 0.48425999 0.07444857
v -0.16369067 0.54977816 0.14204134
v -0.16181424 0.47496131 0.12967864
v -0.15419175 0.54708976 0.16563131
v -0.14842500 0.45858458 0.15531042
v -0.13346237 0.49635196 0.18473959
v -0.16815343 0.88049567 0.18026945
v -0.12987666 0.45497712 0.17924435
v -0.24541464 0.69513851 0.00014097
v -0.26789916 0.65828049 -0.05277328
v -0.27018026 0.68448329 -0.05246051
v -0.24815974 0.57704777 -0.02829632
v -0.26324505 0.59892285 -0.05858242
v -0.21377450 0.56641370 0.00923281
v -0.18661195 0.72841084 0.09486603
v -0.17288969 0.60355014 0.11852795
v -0.16259488 0.63346201 0.14282809
v -0.15192088 0.74603891 0.15234184
v -0.17617677 0.76590836 0.11497677
v -0.15524265 0.77944928 0.15063332
v -0.14331570 0.58113778 0.15890536
v -0.14557087 0.64238346 0.16625506
v -0.17282154 0.90148950 0.15778883
v -0.24660347 0.68219870 -0.08613170
v -0.23430365 0.87838697 -0.07766777
v -0.13025407 0.57047647 0.18433592
v -0.26514357 0.64359719 -0.07380110
v -0.20221984 0.51510406 0.03085952
v -0.23231740 0.84805930 -0.16638139
v -0.23760843 0.66787535 -0.13835129
v -0.23141444 0.61160433 -0.08703996
v -0.23298347 0.62503564 -0.13073954
v -0.20731182 0.55772001 -0.12010199
v -0.19676301 0.55876750 -0.06397412
v -0.21761917 0.73857200 -0.21086922
v -0.21722414 0.63871819 -0.18370928
v -0.18355957 0.91894710 0.05024996
v -0.21198298 0.85664892 -0.21070212
v -0.19982335 0.90112197 -0.16887781
v -0.18842921 0.67277676 -0.24593049
v -0.18904300 0.61787009 -0.22050720
v -0.19639495 0.77596623 -0.24299350
v -0.16817053 0.56036443 -0.20036991
v -0.18207273 0.85475075 -0.25115505
v -0.18066032 0.54068512 -0.11037623
v -0.17625211 0.51962358 -0.09024412
v -0.18921648 0.56023705 -0.01119448
v -0.17094874 0.51646847 -0.00203358
v -0.17308436 0.49028897 -0.03260102
v -0.17003971 0.49480617 -0.12889242
v -0.15612784 0.48702613 0.01940417
v -0.15920809 0.44994369 0.00706562
v -0.13982806 0.46727535 0.03808634
v -0.18482228 0.46270806 -0.03991569
v -0.14507946 0.53499091 -0.16757907
v -0.16697058 0.42826489 0.01945450
v -0.12945521 0.46944201 -0.18358338
v -0.17305470 0.87628651 -0.24432413
v 0.26259518 -0.25679040 -0.05151758
v 0.25082344 -0.25241578 -0.12711416
v 0.24607095 -0.17660518 -0.05266462
v 0.23636018 -0.17820007 -0.11446343
v 0.22236070 -0.08165569 -0.05632921
v 0.21533322 -0.08315524 -0.10764851
v 0.21175991 -0.12368713 -0.14555044
v 0.23089306 -0.25186545 -0.17352372
v 0.17890872 -0.07188636 -0.17879245
v 0.20413347 -0.17839697 -0.18561727
v 0.22474085 -0.05292486 -0.05333362
v 0.21403551 -0.04868988 -0.13109481
v 0.21080175 0.02000097 -0.12926713
v 0.22184801 0.01816626 -0.04071286
v 0.17016844 0.02000557 -0.19440208
v 0.17496653 -0.05411273 -0.19252619
v 0.25010142 -0.23193780 0.01502026
v 0.23482780 -0.16767725 0.00746776
v 0.21517862 -0.07314671 0.00798129
v 0.21154897 -0.13084294 0.03772986
v 0.21591555 0.02049801 0.00240805
v 0.24716410 -0.25723052 0.02602202
v 0.24640396 -0.27395386 -0.11148828
v 0.19882730 0.03952284 -0.08616307
v 0.25227582 -0.27732909 -0.06408013
v 0.26074499 -0.34947360 -0.11608965
v 0.26539472 -0.33570415 -0.05966778
v 0.27612674 -0.45029184 -0.13303240
v 0.28143626 -0.39620078 -0.06040782
v 0.29925975 -0.50410151 -0.05428305
v 0.30339932 -0.53629410 -0.12299757
v 0.32150415 -0.58945143 -0.04806326
v 0.32924181 -0.63289994 -0.15891717
v 0.30170703 -0.58183557 -0.18028034
v 0.33818829 -0.65053403 -0.10022449
v 0.33160493 -0.65109384 -0.03654283
v 0.26042181 -0.35781562 0.00361347
v 0.24534777 -0.27484295 -0.00894593
v 0.27405944 -0.43381649 0.01322362
v 0.28552338 -0.50399083 0.01283449
v 0.30473259 -0.60190845 0.01367317
v 0.29664478 -0.63446587 -0.23086700
v 0.31387025 -0.65006697 0.01058536
v 0.25389332 -0.46783122 -0.18139717
v 0.22614850 -0.35385722 -0.17931268
v 0.21264096 -0.27518395 -0.17000987
v 0.27498800 -0.58259302 -0.22037730
v 0.19391219 0.01553732 0.05598793
v 0.31990081 -0.65052032 -0.16800599
v 0.22432300 -0.23551397 0.06327376
v 0.18422626 0.04282340 -0.14550318
v 0.21444918 0.10232471 -0.11888548
v 0.21045168 0.09230448 -0.01543539
v 0.19890019 0.03969380 -0.02065898
v 0.22716856 0.14306189 -0.02154788
v 0.19708441 0.11034162 0.05724470
v 0.21977490 0.20661846 0.05975607
v 0.18316396 0.03693914 0.04404329
v 0.19763353 0.09141064 -0.15823337
v 0.21440798 -0.27218050 0.04393151
v 0.18714418 -0.07888927 0.05811038
v 0.24424061 -0.42719081 0.05914294
v 0.23875396 0.25770009 0.05300350
v 0.24335659 0.21467142 -0.01407367
v 0.24192157 0.16162023 -0.06689183
v 0.23131093 0.25333741 0.07677137
v 0.22616708 0.32381374 0.06917858
v 0.25064006 0.17610437 -0.16069765
v 0.26325554 -0.55007249 0.05732395
v 0.19694133 0.17451178 0.08519091
v 0.18867958 -0.18573055 0.08616476
v 0.28477719 -0.66836369 0.05279384
v 0.15916394 0.03856888 -0.18439549
v 0.26063240 0.21343036 -0.05341708
v 0.27440694 0.20487981 -0.09349326
v 0.30942079 -0.66426927 0.00211498
v 0.24044667 0.18230976 -0.19946972
v 0.19746779 -0.26050511 0.09281705
v 0.15408118 0.03959874 0.08487187
v 0.16153039 -0.05368192 0.08912262
v 0.16167469 0.11710661 0.10330731
v 0.18515758 -0.23264919 -0.21591923
v 0.20944661 -0.25993443 -0.19869727
v 0.27301082 0.20453939 -0.17650248
v 0.18386236 0.23574413 0.12490468
v 0.66868687 0.20370427 -0.02244021
v 0.77698010 0.20142698 0.04751797
v 0.69545287 0.20570643 0.03090072
v 0.74418390 0.19103645 -0.03023343
v 0.84130305 0.19183618 0.03939048
v 0.64831328 0.21268407 0.00855810
v 0.68097931 0.21141905 0.04134454
v 0.81167865 0.18345378 -0.10110101
v 0.66857344 0.18842614 -0.06622022
v 0.66534513 0.18701294 -0.15535417
v 0.90832144 0.19054906 -0.05033325
v 0.90561604 0.18994553 -0.12930694
v 0.81252342 0.18728915 -0.15954094
v 0.86007154 0.19121155 -0.18459581
v 0.91478342 0.20163491 0.02885116
v 0.89294904 0.18852369 0.09693477
v 0.84942162 0.18299165 0.12505721
v 0.82760203 0.18071225 0.12170868
v 0.75396115 0.20613249 -0.20051423
v 0.65977252 0.19560869 -0.19080548
v 0.81723297 0.20789930 -0.22128443
v 0.88293773 0.21113861 -0.23585966
v 0.89933056 0.21312825 -0.22572891
v 0.77732563 0.17982090 0.09750748
v 0.71771991 0.18570811 0.08529986
v 0.77028167 0.15583855 0.15718691
v 0.73713917 0.15830077 0.14013852
v 0.71636111 0.17024404 0.11447541
v 0.64460385 0.17413218 -0.14536060
v 0.64632452 0.17469807 -0.06620247
v 0.56710738 0.17272329 -0.06896870
v 0.57110947 0.17380452 -0.15148951
v 0.56630629 0.19379738 -0.20477396
v 0.56122154 0.19483538 -0.01324784
v 0.64833879 0.21131447 -0.22279222
v 0.53895462 0.18777710 -0.11070976
v 0.91790789 0.20351696 0.08404620
v 0.93630016 0.21538490 0.00015280
v 0.82358521 0.21033464 0.16833329
v 0.54106307 0.19240414 -0.14736792
v 0.48412812 0.18619823 -0.14379913
v 0.48327771 0.19300185 -0.05841595
v 0.35705182 0.19674914 -0.11669804
v 0.36038864 0.20320947 -0.15934479
v 0.27301082 0.20453939 -0.17650248
v 0.27440694 0.20487981 -0.09349326
v 0.34950000 0.20906912 -0.05303025
v 0.26063240 0.21343036 -0.05341708
v 0.54144472 0.20586376 -0.04540816
v 0.54379404 0.22591950 -0.20327426
v 0.42212802 0.22493860 -0.19894232
v 0.31192002 0.23142405 -0.19961093
v 0.46295521 0.23339419 -0.00463943
v 0.38529971 0.24122842 -0.00263091
v 0.27812207 0.24892184 -0.00389774
v 0.54416478 0.23516823 -0.00538536
v 0.93489200 0.21179487 -0.06942099
v 0.88293338 0.21389584 0.14410037
v 0.79403645 0.20351240 0.18701240
v 0.24335659 0.21467142 -0.01407367
v 0.23875396 0.25770009 0.05300350
v 0.12880960 -0.48109803 -0.21992674
v 0.11665527 -0.38861421 -0.20902538
v 0.17076157 -0.47899827 -0.22271633
v 0.18919259 -0.36933830 -0.20179893
v 0.15759814 -0.28346449 -0.19650318
v 0.10023374 -0.28876981 -0.20175065
v 0.18050800 -0.50312406 -0.23109983
v 0.12149353 -0.57243341 -0.24111447
v 0.22941776 -0.46808779 -0.20200758
v 0.23527749 -0.56846988 -0.24320742
v 0.16460705 -0.58866709 -0.25737393
v 0.24120459 -0.63464803 -0.26969486
v 0.19241145 -0.65215719 -0.27928826
v 0.13640238 -0.65552866 -0.26784641
v 0.11368473 -0.64779848 -0.25560802
v 0.22614850 -0.35385722 -0.17931268
v 0.21264096 -0.27518395 -0.17000987
v 0.29664478 -0.63446587 -0.23086700
v 0.27498800 -0.58259302 -0.22037730
v 0.25389332 -0.46783122 -0.18139717
v 0.10329507 -0.27048749 -0.20797153
v 0.20944661 -0.25993443 -0.19869727
v 0.05358832 -0.36303088 -0.18040942
v 0.05753202 -0.27750009 -0.19010237
v 0.09397018 -0.47253761 -0.20062912
v 0.02169664 -0.28101906 -0.17010653
v 0.07245825 -0.49026996 -0.18317126
v 0.07209681 -0.56672001 -0.20199625
v 0.07280739 -0.66535455 -0.22338930
v 0.12591587 -0.66609985 -0.24719872
v -0.78796560 0.19006117 -0.16741014
v -0.71205360 0.18950988 -0.16885421
v -0.71972680 0.18715449 -0.07153074
v -0.86586672 0.18351327 -0.09930310
v -0.92880958 0.19078141 -0.17395352
v -0.96190768 0.18951419 -0.08056990
v -0.80464554 0.18821985 -0.03720152
v -0.90584689 0.19298369 0.02987774
v -0.82594252 0.20134778 0.04518456
v -0.96385294 0.20211327 0.01512347
v -0.94818735 0.19217050 0.08073682
v -0.89910078 0.18345936 0.12321635
v -0.85153836 0.18871813 0.08814938
v -0.71808547 0.20496552 -0.01089468
v -0.73215580 0.20838419 0.04240439
v -0.84642625 0.20616269 -0.21545383
v -0.93836039 0.21478657 -0.23757602
v -0.79953623 0.18644607 0.07819740
v -0.75417060 0.18173453 0.10053992
v -0.86573774 0.17523579 0.12503612
v -0.77573514 0.15995911 0.13045284
v -0.83002388 0.16116145 0.15126225
v -0.79421210 0.15826520 0.15044844
v -0.71373981 0.21561687 -0.21499285
v -0.69307363 0.22007231 -0.23491281
v -0.69378638 0.18829957 -0.02773387
v -0.78529179 0.22680245 -0.22145437
v -0.69618881 0.17335108 -0.07775653
v -0.61483794 0.17136899 -0.07169561
v -0.69345754 0.17242835 -0.13747387
v -0.61439764 0.17533858 -0.15996224
v -0.69608909 0.19048102 -0.19176073
v -0.61783189 0.19344012 -0.20630941
v -0.61159855 0.18996322 -0.02205420
v -0.96465158 0.21260680 -0.15921350
v -0.93009895 0.20634168 0.13845679
v -0.98360747 0.20923847 -0.05886193
v -0.98336464 0.21329764 -0.00050435
v -0.97387803 0.21742557 0.07736789
v -0.60217708 0.20428094 -0.20894425
v -0.60963148 0.21107852 0.00732069
v -0.58689326 0.19466011 -0.15146747
v -0.58828437 0.19083951 -0.07899854
v -0.49405393 0.18632720 -0.11278884
v -0.52060884 0.19033527 -0.15012597
v -0.52081621 0.19217624 -0.06075425
v -0.36793754 0.20339085 -0.15858975
v -0.43801826 0.20381966 -0.05590244
v -0.32186007 0.20544945 -0.08825756
v -0.31219375 0.19793749 -0.16687855
v -0.31401125 0.22025724 -0.04412382
v -0.51883930 0.22329113 -0.20003679
v -0.34770417 0.23179974 -0.19982867
v -0.58948708 0.23708056 -0.21071188
v -0.59052223 0.23217711 -0.00842631
v -0.31118149 0.20534822 -0.18898980
v -0.45066318 0.23946886 -0.00081290
v -0.53045368 0.23914200 -0.00225484
v -0.69344223 0.23069267 0.02355076
v -0.32837564 0.24943426 -0.00431907
v -0.80536097 0.19272472 0.19205008
v -0.87311274 0.21264231 0.16904777
v -0.83852720 0.20159508 0.18782428
v -0.74307090 0.24132064 0.18501751
v -0.72592956 0.23414145 0.14330727
v -0.70759934 0.24294719 0.05290637
v -0.68823195 0.25028691 0.03532898
v -0.61206853 0.23966002 0.02670039
v -0.70033479 0.28378522 0.13526317
v -0.68540871 0.29059964 0.05039226
v -0.71256614 0.27789968 0.15853252
v -0.61303622 0.28983346 0.04386767
v 0.14720613 -0.53305382 0.09050529
v 0.18957478 -0.45015892 0.09128468
v 0.11996786 -0.43955606 0.09849730
v 0.17783378 -0.54296255 0.08317279
v 0.22892490 -0.53572482 0.07320631
v 0.22989985 -0.66726524 0.07436504
v 0.19809060 -0.68547153 0.07564855
v 0.14215709 -0.37187994 0.09237229
v 0.15245517 -0.67888367 0.07671317
v 0.13433936 -0.56304532 0.08277617
v 0.08955050 -0.27626905 0.09031496
v 0.18555541 -0.31832898 0.07418863
v 0.16942334 -0.27284777 0.07463722
v 0.23130082 -0.44178274 0.07323217
v 0.26325554 -0.55007249 0.05732395
v 0.28477719 -0.66836369 0.05279384
v 0.24424061 -0.42719081 0.05914294
v 0.21440798 -0.27218050 0.04393151
v 0.09952893 -0.45970783 0.09089556
v 0.08429801 -0.50529015 0.07501262
v 0.05934665 -0.39261419 0.07507820
v 0.03573658 -0.30423191 0.07218575
v 0.02403680 -0.27188900 0.07634240
v 0.06725607 -0.45539659 0.07516297
v 0.08508880 -0.57830209 0.05862528
v 0.10268950 -0.68151689 0.05678393
v 0.94840592 0.26980132 0.01172452
v 0.94766390 0.27456126 -0.06728119
v 0.92816758 0.34504247 -0.00809811
v 0.92312765 0.34366608 -0.09227628
v 0.90448391 0.39298949 -0.08650549
v 0.90741533 0.35665393 -0.17178456
v 0.88579005 0.40032345 -0.19915263
v 0.93001390 0.26596144 -0.17517826
v 0.90374404 0.40043107 0.03633153
v 0.90661049 0.27359715 -0.24754551
v 0.88524508 0.34569052 -0.24604234
v 0.93011719 0.30677861 0.08070452
v 0.90741330 0.37318537 0.08784245
v 0.93619347 0.26587102 0.09755216
v 0.88664156 0.40000406 0.12170015
v 0.90909731 0.30675775 0.13508064
v 0.88741159 0.42105377 0.04166135
v 0.86992210 0.40531299 -0.22699168
v 0.93489200 0.21179487 -0.06942099
v 0.93630016 0.21538490 0.00015280
v 0.92124796 0.21540849 -0.14906541
v 0.89760220 0.27864927 0.16280122
v 0.86778498 0.39515391 0.15510631
v 0.91645569 0.25782716 0.13130221
v 0.89933056 0.21312825 -0.22572891
v 0.91790789 0.20351696 0.08404620
v 0.88992131 0.27827424 -0.26807207
v 0.86371446 0.38408849 -0.24769379
v 0.88228542 0.24630406 0.17105836
v 0.88293338 0.21389584 0.14410037
v 0.90561604 0.18994553 -0.12930694
v 0.14789422 -0.96501106 -0.02864981
v 0.14597128 -0.85326213 -0.04833612
v 0.13538833 -0.99375790 -0.09471937
v 0.14479004 -0.99918848 -0.04373807
v 0.12802900 -0.87563831 -0.11516531
v 0.12513949 -0.98780638 -0.13421319
v 0.14661191 -0.99614996 -0.00541295
v 0.14430310 -0.99421275 0.07406993
v 0.12887174 -0.93242401 -0.17422792
v 0.12643875 -0.85056955 -0.14624369
v 0.12278941 -1.00166881 -0.17424618
v 0.15873207 -0.91554797 0.03429591
v 0.16014096 -0.88105100 -0.02266353
v 0.16129920 -0.94715047 0.16118582
v 0.15991974 -0.99500269 0.16279164
v 0.17685024 -0.99321103 0.21519631
v 0.17928553 -0.94556522 0.21777907
v 0.12687030 -0.99359101 -0.21025173
v 0.11119346 -0.80872732 -0.11337778
v 0.12618347 -0.81939214 -0.06486803
v 0.10222652 -0.76465714 -0.08915480
v 0.09797750 -0.73327893 -0.15080644
v 0.08595767 -0.70208281 -0.11160208
v 0.08600772 -0.68995929 -0.04902500
v 0.09483577 -0.67989796 -0.18625696
v 0.12297064 -0.81570423 -0.16923700
v 0.12198494 -0.73301816 -0.02641719
v 0.14387777 -0.84624594 -0.19492693
v 0.11503828 -0.72390133 -0.19557193
v 0.06116889 -0.67823720 -0.16065854
v 0.14674850 -0.79692447 -0.02826630
v 0.15663332 -0.90845519 -0.23113748
v 0.13029552 -0.68923736 0.00636619
v 0.18803485 -0.92819113 0.19159696
v 0.18342635 -0.86253995 -0.01011837
v 0.17685999 -0.90437138 0.05866008
v 0.18564531 -0.84806484 -0.02195228
v -0.33668679 -0.88564342 0.03558438
v -0.28560084 -0.90607452 0.10831126
v -0.24668069 -0.89736390 0.06790356
v -0.24741612 -0.92624706 0.18252502
v -0.33154434 -0.92295915 0.15957665
v -0.36993209 -0.91066301 0.06230548
v -0.39301172 -0.93595904 0.15254954
v -0.31273925 -0.94413835 0.20262180
v -0.36431411 -0.95202643 0.19487178
v -0.36368683 -0.89009523 0.01398732
v -0.22749959 -0.95242888 0.22256514
v -0.26492986 -0.87262547 0.03128056
v -0.32640776 -0.85534823 -0.02595902
v -0.25602511 -0.85027361 -0.01513926
v -0.22360133 -0.93029100 0.16936152
v -0.22287758 -0.90560883 0.06417242
v -0.22411580 -0.86962450 -0.00545000
v -0.21175469 -0.84998673 -0.03234968
v -0.41454166 -0.94868135 0.14183451
v -0.39039472 -0.91997868 0.01973611
v -0.36004668 -0.87384176 -0.06960072
v -0.39789051 -0.96584880 0.17676690
v -0.18874308 -0.48064592 -0.22089888
v -0.23889080 -0.40846512 -0.20766881
v -0.18300754 -0.44989631 -0.21791132
v -0.21990067 -0.34020329 -0.20177898
v -0.23985015 -0.47835368 -0.21832347
v -0.14844337 -0.34260276 -0.20339388
v -0.21434088 -0.27312854 -0.19392246
v -0.14379120 -0.28077319 -0.20216604
v -0.25854343 -0.51497793 -0.23122554
v -0.19622591 -0.52452064 -0.23686059
v -0.23349333 -0.56562430 -0.24997851
v -0.18258946 -0.60071230 -0.25362411
v -0.27886531 -0.58121622 -0.24842320
v -0.22210087 -0.59473640 -0.26187629
v -0.24249932 -0.65076232 -0.27934566
v -0.29521880 -0.63410419 -0.26469326
v -0.17479807 -0.65453064 -0.26505521
v -0.14767312 -0.40937954 -0.20502193
v -0.27958605 -0.46876070 -0.19903888
v -0.23941043 -0.27475744 -0.18242437
v -0.28436980 -0.40406245 -0.18068060
v -0.30581018 -0.51354313 -0.20092873
v -0.30538771 -0.57986671 -0.23143704
v -0.33510298 -0.63472110 -0.23779750
v -0.27116835 -0.27472159 -0.15635043
v -0.12839535 -0.48632866 -0.19519855
v -0.14691845 -0.58195770 -0.23100965
v -0.15788473 -0.65037060 -0.25546059
v -0.09244716 -0.35978970 -0.17380624
v -0.09553698 -0.29024830 -0.18462844
v -0.11226965 -0.48805970 -0.17382750
v -0.05580840 -0.29014289 -0.15559325
v -0.15381315 -0.66917449 -0.24799086
v -0.12017976 -0.66908014 -0.22244175
v -0.11634281 -0.56104141 -0.19666341
v -0.07867584 -0.27180651 -0.19187178
v -0.28306577 -0.65272743 -0.25898263
v -0.25928730 -0.84751463 -0.22206219
v -0.21679859 -0.84958041 -0.21596281
v -0.22531733 -0.89810896 -0.24174055
v -0.28623044 -0.90764201 -0.24902716
v -0.30516237 -0.84688979 -0.21704069
v -0.23454636 -0.98547345 -0.26232857
v -0.27891576 -0.97857487 -0.26747227
v -0.30828130 -0.78124839 -0.21235727
v -0.24017803 -0.69648790 -0.23342553
v -0.27514449 -0.66392905 -0.22688437
v -0.20520009 -0.66832060 -0.23530297
v -0.33225054 -0.97786611 -0.24692065
v -0.31913155 -0.66361755 -0.19857979
v -0.34359816 -0.92864162 -0.21472342
v -0.34084833 -0.85044342 -0.18593709
v -0.27952456 -0.99515420 -0.25906521
v -0.33183244 -0.99458379 -0.23212630
v -0.19218120 -0.81310886 -0.20358542
v -0.17226492 -0.67596036 -0.21828328
v -0.19655590 -0.93713540 -0.22933371
v -0.19365552 -0.99000156 -0.23852494
v -0.18366912 -0.86083460 -0.18708333
v -0.17272493 -0.86027730 -0.11182646
v -0.15707955 -0.76990741 -0.06229813
v -0.18932164 -0.86778146 -0.06320762
v -0.17464699 -0.99779534 -0.11985625
v -0.18278728 -0.99474829 -0.08966321
v -0.19521868 -0.96290493 -0.02099863
v -0.19267793 -1.00026882 -0.04701436
v -0.16343890 -0.80374789 -0.15669225
v -0.17641275 -0.93895394 -0.17306139
v -0.17049944 -0.99392349 -0.19882980
v -0.19115223 -0.99404711 0.01379836
v -0.13374503 -0.70264947 -0.11303683
v -0.13826522 -0.69495469 -0.04782496
v -0.13754332 -0.69377691 -0.16453514
v -0.18366912 -0.86083460 -0.18708333
v -0.20618412 -0.91319966 0.03189753
v -0.20538747 -0.88265878 -0.02254897
v -0.20731281 -0.94458079 0.13632768
v -0.19243757 -0.99602979 0.08273978
v -0.20424750 -0.98590654 0.16101740
v -0.19655590 -0.93713540 -0.22933371
v -0.22360133 -0.93029100 0.16936152
v -0.22749959 -0.95242888 0.22256514
v -0.22345345 -0.99372423 0.21701796
v -0.16394883 -0.69557732 -0.00709928
v -0.21501179 -1.00176489 0.15644334
v -0.15767537 -0.71807438 -0.19008772
v -0.21175469 -0.84998673 -0.03234968
v -0.19218120 -0.81310886 -0.20358542
v -0.19365552 -0.99000156 -0.23852494
v -0.20363520 -0.77649277 -0.01529817
v -0.12495316 -0.68132854 -0.16213334
v -0.22411580 -0.86962450 -0.00545000
v -0.22287758 -0.90560883 0.06417242
v -0.17226492 -0.67596036 -0.21828328
v -0.00126541 -0.08024259 0.16934261
v 0.03982514 -0.06999210 0.16682303
v -0.00061371 0.02566892 0.17031619
v 0.04062416 0.02559758 0.16624747
v -0.08697806 0.02637348 0.16764505
v -0.08734285 -0.07089941 0.16782653
v 0.03279447 -0.08986224 0.14757298
v -0.08242816 -0.08816397 0.13510783
v 0.31131348 -0.86603564 -0.06931099
v 0.31300765 -0.90082192 -0.17094253
v 0.30986157 -0.83466965 -0.13786997
v 0.31138340 -0.79451382 -0.08911940
v 0.29836527 -0.66309857 -0.15454826
v 0.30756754 -0.66804111 -0.08898674
v 0.29645109 -0.84400505 -0.17993350
v 0.32667759 -0.90612346 -0.08797964
v 0.32901430 -0.97445560 -0.17957988
v 0.34044227 -0.98965091 -0.13498026
v 0.34686229 -0.96816528 -0.07209400
v 0.31972337 -0.89094317 -0.01759794
v 0.33890966 -1.00144649 -0.10281766
v 0.35633901 -0.99123621 -0.05549140
v 0.35115054 -0.94302362 -0.00607743
v 0.36336994 -0.98505086 -0.00521526
v 0.37701872 -0.96900934 0.04604289
v 0.31573448 -0.97107637 -0.20909169
v 0.28851643 -0.88856643 -0.21335185
v 0.29531687 -0.97775739 -0.23758559
v 0.27219039 -0.66471201 -0.19757722
v 0.34277076 -0.92211759 0.03716170
v 0.36824989 -0.99377733 0.03977672
v 0.32166103 -0.99896049 -0.17774133
v 0.29213464 -0.68960881 -0.03389238
v 0.37785739 -0.97509617 0.13480307
v 0.35438326 -0.93543768 0.13905285
v 0.35621068 -0.95024556 0.16422819
v 0.29310140 -0.99617070 -0.22239693
v 0.26470765 -0.79229033 -0.21106669
v 0.29045039 -0.83440483 -0.04745603
v 0.25776613 -0.85009217 -0.21717848
v 0.36967713 -0.98124325 0.15330940
v 0.35218173 -1.00089300 -0.00444074
v 0.30942079 -0.66426927 0.00211498
v 0.27333030 -0.67981035 -0.00813411
v -0.80638754 0.28572389 0.19516191
v -0.78684336 0.31189129 0.18771707
v -0.80361521 0.34318179 0.17905687
v -0.74307090 0.24132064 0.18501751
v -0.71256614 0.27789968 0.15853252
v -0.73560214 0.35106885 0.15264080
v -0.80152595 0.39460799 0.14968893
v -0.72854358 0.38430539 0.13371295
v -0.89330977 0.38977298 0.16660023
v -0.88808435 0.32190400 0.18772125
v -0.84504890 0.31223857 0.18282120
v -0.86787254 0.26634994 0.18529914
v -0.80536097 0.19272472 0.19205008
v -0.91856599 0.27970487 0.18437803
v -0.91761774 0.35088828 0.16912664
v -0.83708471 0.26061213 0.18408670
v -0.83852720 0.20159508 0.18782428
v -0.93133324 0.24792226 0.17288537
v -0.91159344 0.40611729 0.15136211
v -0.82433754 0.29087919 0.18381688
v -0.85527974 0.23472646 0.17053716
v -0.87311274 0.21264231 0.16904777
v -0.70601100 0.32196352 0.13165641
v -0.95648885 0.26813120 0.14964752
v -0.93009895 0.20634168 0.13845679
v -0.70033479 0.28378522 0.13526317
v -0.71415895 0.38390008 0.10889167
v 0.67641199 0.24809283 0.15912484
v 0.66197640 0.28546613 0.15512952
v 0.65112233 0.28643173 0.12168927
v 0.68436056 0.21011610 0.10161323
v 0.64524180 0.28317070 0.06204480
v 0.66111261 0.24194577 0.05293772
v 0.68097931 0.21141905 0.04134454
v 0.71636111 0.17024404 0.11447541
v 0.71002549 0.22003414 0.18181945
v 0.73713917 0.15830077 0.14013852
v 0.63263214 0.29138646 0.04772668
v 0.64831328 0.21268407 0.00855810
v 0.69254637 0.25030205 0.18547893
v 0.63878733 0.32994759 0.04792099
v 0.71771991 0.18570811 0.08529986
v 0.67273492 0.38438511 0.12666775
v 0.65719706 0.38174787 0.04457724
v 0.64407516 0.38084179 0.02446194
v 0.77028167 0.15583855 0.15718691
v 0.76270920 0.19826207 0.19633543
v -0.07236527 0.88451385 0.20208120
v -0.03251456 0.77090430 0.22819355
v -0.01600229 0.84884650 0.21831748
v -0.10227512 0.78317636 0.20630907
v -0.13447408 0.85898995 0.19300729
v -0.18029572 0.80208617 0.18034674
v -0.16815343 0.88049567 0.18026945
v -0.12780240 0.89816952 0.17767584
v 0.01420644 0.88889706 0.20122094
v 0.02830642 0.77619261 0.21821538
v 0.06081315 0.87409061 0.19747798
v 0.07443789 0.78792554 0.20222493
v 0.10869059 0.79583967 0.19079360
v 0.11317040 0.88509971 0.18166284
v 0.13560465 0.80719537 0.17814140
v 0.04194498 0.90085691 0.17962395
v -0.17282154 0.90148950 0.15778883
v -0.07687766 0.44057319 0.18000643
v -0.07256316 0.44539142 0.10026611
v 0.01340895 0.44229168 0.10254656
v 0.01111598 0.43994704 0.18391658
v 0.06825030 0.44725123 0.15983659
v -0.13845330 0.45693779 0.10676268
v -0.11455888 0.45241496 0.07022963
v -0.12987666 0.45497712 0.17924435
v -0.14842500 0.45858458 0.15531042
v 0.10306122 0.45775399 0.12592311
v 0.07114004 0.45417553 0.06935237
v -0.18532339 0.48425999 0.07444857
v -0.13982806 0.46727535 0.03808634
v 0.12917492 0.47499287 0.08726326
v 0.10232867 0.47475332 0.03238786
v 0.10056381 0.46140236 0.16353619
v 0.08545471 0.46221110 0.18121153
v 0.14960690 0.50190330 0.04892394
v -0.15612784 0.48702613 0.01940417
v -0.20221984 0.51510406 0.03085952
v -0.16181424 0.47496131 0.12967864
v -0.17094874 0.51646847 -0.00203358
v 0.21543822 -0.84840351 -0.22406997
v 0.16572411 -0.76886380 -0.22035861
v 0.20829582 -0.77506942 -0.22577007
v 0.16747710 -0.85102665 -0.21495877
v 0.17508961 -0.68176270 -0.23417155
v 0.14803787 -0.75523061 -0.21548370
v 0.13143505 -0.67751193 -0.22113428
v 0.23299025 -0.66433102 -0.22546148
v 0.25776613 -0.85009217 -0.21717848
v 0.26470765 -0.79229033 -0.21106669
v 0.20285594 -0.90111363 -0.24761474
v 0.24505347 -0.90401387 -0.24696961
v 0.17708853 -0.97776985 -0.26200286
v 0.25078279 -0.97929716 -0.26532668
v 0.22527218 -0.99806327 -0.25754777
v 0.15663332 -0.90845519 -0.23113748
v 0.29531687 -0.97775739 -0.23758559
v 0.28851643 -0.88856643 -0.21335185
v 0.27219039 -0.66471201 -0.19757722
v 0.14387777 -0.84624594 -0.19492693
v 0.11503828 -0.72390133 -0.19557193
v 0.16444080 -0.99701667 -0.24631891
v 0.09483577 -0.67989796 -0.18625696
v 0.12687030 -0.99359101 -0.21025173
v 0.03982514 -0.06999210 0.16682303
v 0.05209446 -0.06206915 0.13045199
v 0.04062416 0.02559758 0.16624747
v 0.05355894 0.01643235 0.12776336
v 0.03279447 -0.08986224 0.14757298
v 0.03232866 -0.08799580 0.13294157
v 0.25637987 -0.91154605 0.12628786
v 0.23316967 -0.88526654 0.05745660
v 0.20471451 -0.90891612 0.11473797
v 0.26871711 -0.92654872 0.17646240
v 0.18803485 -0.92819113 0.19159696
v 0.29572532 -0.89065272 0.04456076
v 0.28512809 -0.86067545 -0.02421838
v 0.35438326 -0.93543768 0.13905285
v 0.31684095 -0.90780914 0.06800076
v 0.29227719 -0.94316673 0.19652054
v 0.22997944 -0.84616941 -0.01496712
v 0.35621068 -0.95024556 0.16422819
v 0.17928553 -0.94556522 0.21777907
v 0.17685999 -0.90437138 0.05866008
v 0.18342635 -0.86253995 -0.01011837
v 0.34277076 -0.92211759 0.03716170
v 0.31972337 -0.89094317 -0.01759794
v 0.31131348 -0.86603564 -0.06931099
v 0.29045039 -0.83440483 -0.04745603
v 0.18564531 -0.84806484 -0.02195228
v 0.32933289 -0.96766841 0.19236778
v 0.56990081 0.29007247 0.04432332
v 0.57016891 0.22209422 0.01991110
v 0.63263214 0.29138646 0.04772668
v 0.64831328 0.21268407 0.00855810
v 0.56627786 0.33448565 0.04458636
v 0.63878733 0.32994759 0.04792099
v 0.55449682 0.27343723 0.03077498
v 0.56122154 0.19483538 -0.01324784
v 0.54416478 0.23516823 -0.00538536
v 0.55325913 0.36045516 0.02412206
v 0.64407516 0.38084179 0.02446194
v 0.57198453 0.39992735 0.00218427
v 0.21046855 -0.79527169 -0.00679222
v 0.24536164 -0.76440781 -0.00981640
v 0.18991339 -0.71192580 0.01051004
v 0.25755832 -0.67797941 0.00798211
v 0.22997944 -0.84616941 -0.01496712
v 0.18564531 -0.84806484 -0.02195228
v 0.15721940 -0.73092699 -0.00162750
v 0.13029552 -0.68923736 0.00636619
v 0.14674850 -0.79692447 -0.02826630
v 0.19966799 -0.68292385 0.02892151
v 0.14597128 -0.85326213 -0.04833612
v 0.12198494 -0.73301816 -0.02641719
v 0.29045039 -0.83440483 -0.04745603
v 0.27333030 -0.67981035 -0.00813411
v 0.16014096 -0.88105100 -0.02266353
v 0.82153654 0.24934703 0.18263553
v 0.86909860 0.28872949 0.18596004
v 0.80934107 0.30035383 0.18435220
v 0.83919191 0.32149208 0.18845102
v 0.77379298 0.33681425 0.18237953
v 0.88228542 0.24630406 0.17105836
v 0.82358521 0.21033464 0.16833329
v 0.84698385 0.38787344 0.16799220
v 0.86778498 0.39515391 0.15510631
v 0.73433125 0.38674936 0.15245256
v 0.74886882 0.33004078 0.18496917
v 0.68591636 0.35264161 0.15209202
v 0.66197640 0.28546613 0.15512952
v 0.69254637 0.25030205 0.18547893
v 0.73721761 0.23923102 0.19527684
v 0.78108913 0.28018004 0.18780184
v 0.76270920 0.19826207 0.19633543
v 0.79403645 0.20351240 0.18701240
v 0.71002549 0.22003414 0.18181945
v 0.67273492 0.38438511 0.12666775
v 0.85507715 0.40608993 0.15240069
v 0.80660468 0.23335169 0.17015103
v 0.79373223 0.25785381 0.17556758
v 0.89760220 0.27864927 0.16280122
v 0.88293338 0.21389584 0.14410037
v 0.77028167 0.15583855 0.15718691
v 0.80417043 0.27472883 0.15097739
v -0.71332753 0.27520600 -0.25152233
v -0.76674765 0.32706025 -0.25313580
v -0.71379596 0.35354856 -0.24752523
v -0.79617381 0.28079563 -0.25547990
v -0.82935917 0.36970830 -0.24951378
v -0.91161537 0.33414242 -0.26111650
v -0.80868357 0.29352388 -0.26543403
v -0.83148199 0.28835785 -0.26511249
v -0.93569833 0.29562876 -0.26592106
v -0.91520965 0.38537461 -0.24658842
v -0.93134511 0.26582894 -0.26461911
v -0.83288181 0.38338834 -0.24420795
v -0.71109986 0.38441551 -0.22785665
v -0.86054188 0.25150141 -0.25312462
v -0.94927484 0.29207709 -0.24729429
v -0.93836039 0.21478657 -0.23757602
v -0.69289190 0.28559062 -0.26489642
v -0.69413477 0.36769980 -0.25124100
v -0.61959857 0.29722846 -0.26353917
v -0.62869060 0.35957041 -0.24968258
v -0.60045296 0.33326629 -0.24713208
v -0.69302291 0.24469979 -0.25102162
v -0.61908460 0.24121204 -0.24957445
v -0.60279286 0.24691299 -0.24101679
v -0.61756974 0.39719746 -0.21599133
v -0.71373981 0.21561687 -0.21499285
v -0.78529179 0.22680245 -0.22145437
v -0.69307363 0.22007231 -0.23491281
v -0.84642625 0.20616269 -0.21545383
v -0.61783189 0.19344012 -0.20630941
v -0.60217708 0.20428094 -0.20894425
v -0.81586951 0.26159820 -0.22578298
v -0.14589798 -0.68884164 -0.00017940
v -0.12126640 -0.68879884 -0.06014134
v -0.10414158 -0.68816942 -0.04491099
v -0.11395217 -0.68583399 0.00770586
v -0.15082887 -0.68956470 0.04466076
v -0.20231374 -0.68964273 0.01922615
v -0.10156307 -0.68173879 -0.14459017
v -0.12495316 -0.68132854 -0.16213334
v -0.23349166 -0.68624628 0.02890179
v -0.19393426 -0.68346083 0.07271343
v -0.24657150 -0.68525034 0.07630635
v -0.28879502 -0.67947817 0.05803409
v -0.28237444 -0.67611241 0.02383936
v -0.35254064 -0.66934699 0.01430599
v -0.31433672 -0.67570186 0.00013618
v -0.34194613 -0.67342681 -0.03069405
v -0.34201270 -0.66687882 0.04271223
v -0.11136828 -0.67575240 -0.17430967
v -0.17226492 -0.67596036 -0.21828328
v -0.12017976 -0.66908014 -0.22244175
v -0.15381315 -0.66917449 -0.24799086
v -0.17479807 -0.65453064 -0.26505521
v -0.20520009 -0.66832060 -0.23530297
v -0.24249932 -0.65076232 -0.27934566
v -0.28306577 -0.65272743 -0.25898263
v -0.27514449 -0.66392905 -0.22688437
v -0.32757574 -0.64886981 -0.22764923
v -0.31913155 -0.66361755 -0.19857979
v -0.36347175 -0.64885479 -0.17510633
v -0.34207982 -0.66293693 -0.15951476
v -0.38620779 -0.64980352 -0.08764485
v -0.35366204 -0.66850817 -0.08238092
v -0.36800447 -0.65437782 -0.00028071
v -0.16394883 -0.69557732 -0.00709928
v -0.13826522 -0.69495469 -0.04782496
v -0.13374503 -0.70264947 -0.11303683
v -0.13986436 -0.68252057 0.05273971
v -0.09561566 -0.68326944 -0.04433537
v -0.29521880 -0.63410419 -0.26469326
v -0.33510298 -0.63472110 -0.23779750
v -0.36986476 -0.63349950 -0.18168238
v -0.20363520 -0.77649277 -0.01529817
v -0.28226772 -0.75082052 -0.00279919
v -0.28529614 -0.80440891 -0.01428956
v -0.21611585 -0.73131037 0.00226025
v -0.27350914 -0.70892024 0.00779723
v -0.20231374 -0.68964273 0.01922615
v -0.25602511 -0.85027361 -0.01513926
v -0.16394883 -0.69557732 -0.00709928
v -0.21175469 -0.84998673 -0.03234968
v -0.31433672 -0.67570186 0.00013618
v -0.32907137 -0.83173180 -0.03921760
v -0.33892637 -0.73330891 -0.03714803
v -0.28237444 -0.67611241 0.02383936
v -0.23349166 -0.68624628 0.02890179
v -0.32640776 -0.85534823 -0.02595902
v -0.34194613 -0.67342681 -0.03069405
v 0.13029552 -0.68923736 0.00636619
v 0.19966799 -0.68292385 0.02892151
v 0.13640156 -0.68917912 0.05678830
v 0.19809060 -0.68547153 0.07564855
v 0.26220801 -0.67504549 0.05012598
v 0.25755832 -0.67797941 0.00798211
v 0.08893366 -0.68691617 0.04070108
v 0.06369414 -0.68656516 -0.00648989
v 0.08600772 -0.68995929 -0.04902500
v 0.04903551 -0.68688661 -0.05091676
v 0.06116889 -0.67823720 -0.16065854
v 0.30942079 -0.66426927 0.00211498
v 0.28477719 -0.66836369 0.05279384
v 0.27333030 -0.67981035 -0.00813411
v 0.29213464 -0.68960881 -0.03389238
v 0.10268950 -0.68151689 0.05678393
v 0.22989985 -0.66726524 0.07436504
v 0.15245517 -0.67888367 0.07671317
v -0.82092631 0.30288243 0.10562564
v -0.83779377 0.26026168 0.13311674
v -0.82433754 0.29087919 0.18381688
v -0.83708471 0.26061213 0.18408670
v -0.81541455 0.31574088 0.15112935
v -0.80361521 0.34318179 0.17905687
v -0.83924818 0.26270986 0.09652909
v -0.85280555 0.25791091 0.14256279
v -0.85527974 0.23472646 0.17053716
v -0.60870111 0.42060930 -0.04668108
v -0.58947015 0.39020395 -0.13667622
v -0.60120648 0.41654894 -0.13767372
v -0.58846265 0.37627926 -0.04089003
v -0.60628188 0.40507060 -0.01215684
v -0.59968203 0.39260095 -0.19988905
v -0.59072971 0.36897343 -0.18707819
v -0.60212868 0.36086240 0.02242632
v -0.58961785 0.29862839 0.01644810
v -0.60045296 0.33326629 -0.24713208
v -0.58710712 0.33850390 -0.21750751
v -0.61303622 0.28983346 0.04386767
v -0.61206853 0.23966002 0.02670039
v -0.59052223 0.23217711 -0.00842631
v -0.60963148 0.21107852 0.00732069
v -0.62009794 0.33182430 0.04233440
v -0.61756974 0.39719746 -0.21599133
v -0.61899167 0.37801188 0.02393781
v -0.03251456 0.77090430 0.22819355
v -0.06715564 0.75985920 0.18732095
v -0.02338550 0.75499839 0.20632826
v -0.10227512 0.78317636 0.20630907
v -0.02523001 0.74491394 0.18989922
v -0.11745358 0.75968045 0.16609241
v -0.15524265 0.77944928 0.15063332
v -0.18029572 0.80208617 0.18034674
v -0.20222068 0.79592794 0.12955171
v -0.17617677 0.76590836 0.11497677
v -0.21390583 0.79526043 0.10317108
v 0.02123738 0.74335057 0.18256684
v 0.02830642 0.77619261 0.21821538
v 0.05555354 0.76445490 0.17151377
v 0.07443789 0.78792554 0.20222493
v 0.09107186 0.77846402 0.16317014
v 0.10869059 0.79583967 0.19079360
v 0.14159136 0.79147726 0.13577843
v 0.13560465 0.80719537 0.17814140
v -0.24502480 -0.27347690 0.06030178
v -0.17822531 -0.27277327 0.08342065
v -0.21615742 -0.26503429 0.09586781
v -0.15285639 -0.26556873 0.11474043
v -0.13387471 -0.27264115 0.09068938
v -0.05469460 -0.26726705 0.12031599
v -0.06785769 -0.27339646 0.07252159
v -0.05820572 -0.25753969 0.13621590
v -0.15944923 -0.25983992 0.12271243
v -0.18500011 -0.25784996 0.11382974
v -0.24422076 -0.25873950 0.09322301
v -0.25710857 -0.26637337 0.06022296
v -0.27614540 -0.27424842 0.02279813
v -0.27101895 -0.25447434 0.06656668
v -0.29270831 -0.25448176 0.03127581
v 0.80417043 0.27472883 0.15097739
v 0.80934107 0.30035383 0.18435220
v 0.78881168 0.29513156 0.10256715
v 0.79049158 0.26333904 0.09416933
v 0.82153654 0.24934703 0.18263553
v 0.80660468 0.23335169 0.17015103
v 0.77403092 0.30697247 0.10681989
v 0.77523631 0.32075879 0.15126130
v 0.77379298 0.33681425 0.18237953
v -0.01458283 0.64469874 0.21826512
v -0.02523001 0.74491394 0.18989922
v -0.05202290 0.68241668 0.19348164
v -0.06549283 0.74337202 0.18308522
v -0.12546331 0.67697287 0.17017683
v -0.08275264 0.61112505 0.19212000
v -0.11745358 0.75968045 0.16609241
v -0.15192088 0.74603891 0.15234184
v -0.14557087 0.64238346 0.16625506
v -0.11313214 0.60524571 0.17566995
v -0.15524265 0.77944928 0.15063332
v -0.08316085 0.58104372 0.19536793
v -0.14331570 0.58113778 0.15890536
v -0.13025407 0.57047647 0.18433592
v -0.02882149 0.62313962 0.22810766
v -0.06715564 0.75985920 0.18732095
v -0.07961346 0.46198866 0.18906271
v 0.03965659 0.46734768 0.18982881
v -0.02231688 0.53767699 0.20158531
v 0.01111598 0.43994704 0.18391658
v -0.13346237 0.49635196 0.18473959
v -0.12987666 0.45497712 0.17924435
v -0.01361233 0.59025502 0.19929132
v 0.06663760 0.58179665 0.18917371
v 0.09070926 0.55482239 0.18413137
v 0.08545471 0.46221110 0.18121153
v 0.04724177 0.61262578 0.18575768
v -0.07687766 0.44057319 0.18000643
v 0.01071351 0.67413998 0.19307068
v 0.06973962 0.63924086 0.17491129
v 0.02123738 0.74335057 0.18256684
v 0.05555354 0.76445490 0.17151377
v 0.08978394 0.66158849 0.17031159
v 0.09696402 0.62322468 0.16544798
v 0.07471126 0.60055661 0.17271131
v 0.10308604 0.75024271 0.15267697
v 0.09107186 0.77846402 0.16317014
v 0.10172055 0.65778226 0.16442962
v 0.09302163 -0.26304677 -0.24767229
v 0.14648806 -0.26563638 -0.22240058
v 0.10329507 -0.27048749 -0.20797153
v 0.00832832 -0.26293588 -0.24911276
v 0.05753202 -0.27750009 -0.19010237
v 0.02169664 -0.28101906 -0.17010653
v 0.20944661 -0.25993443 -0.19869727
v 0.16518584 -0.26164907 -0.23048118
v 0.15182421 -0.25586951 -0.23423529
v -0.01125601 -0.25605735 -0.17541818
v -0.01462600 -0.27272338 -0.13599908
v -0.02356063 -0.25854865 -0.15126769
v -0.02162389 -0.21011052 -0.24857290
v -0.02349464 -0.21900879 -0.19138534
v -0.08734285 -0.07089941 0.16782653
v -0.10085417 0.00352673 0.13213801
v -0.09885330 -0.06550271 0.12969901
v -0.08697806 0.02637348 0.16764505
v -0.08899686 0.03479718 0.12211019
v -0.08242816 -0.08816397 0.13510783
v -0.08602839 -0.08822174 0.11536265
v -0.05468681 -0.10176881 0.12371256
v 0.28117964 -0.65016323 -0.22426902
v 0.21435972 -0.65924370 -0.23892184
v 0.19241145 -0.65215719 -0.27928826
v 0.12591587 -0.66609985 -0.24719872
v 0.13640238 -0.65552866 -0.26784641
v 0.23299025 -0.66433102 -0.22546148
v 0.27219039 -0.66471201 -0.19757722
v 0.29836527 -0.66309857 -0.15454826
v 0.31990081 -0.65052032 -0.16800599
v 0.33818829 -0.65053403 -0.10022449
v 0.30756754 -0.66804111 -0.08898674
v 0.33160493 -0.65109384 -0.03654283
v 0.30942079 -0.66426927 0.00211498
v 0.29664478 -0.63446587 -0.23086700
v 0.24120459 -0.63464803 -0.26969486
v 0.17508961 -0.68176270 -0.23417155
v 0.13143505 -0.67751193 -0.22113428
v 0.09011640 -0.67210811 -0.22472228
v 0.09483577 -0.67989796 -0.18625696
v 0.07280739 -0.66535455 -0.22338930
v 0.07707825 -0.67948580 -0.16793872
v 0.08595767 -0.70208281 -0.11160208
v 0.06116889 -0.67823720 -0.16065854
v 0.04963684 -0.66748953 -0.15532511
v -0.14379120 -0.28077319 -0.20216604
v -0.21434088 -0.27312854 -0.19392246
v -0.19501312 -0.26545429 -0.22146642
v -0.20260125 -0.25900739 -0.23389509
v -0.25097162 -0.25838742 -0.20609245
v -0.15941751 -0.25799280 -0.24132410
v -0.23941043 -0.27475744 -0.18242437
v -0.13690807 -0.27007562 -0.21025699
v -0.11382481 -0.26304853 -0.25014767
v -0.07867584 -0.27180651 -0.19187178
v -0.05340696 -0.26329640 -0.24638350
v -0.03996684 -0.26315454 -0.17093436
v -0.28527248 -0.25414303 -0.15928105
v -0.09553698 -0.29024830 -0.18462844
v -0.05580840 -0.29014289 -0.15559325
v -0.27116835 -0.27472159 -0.15635043
v 0.04619863 -0.26850289 0.11751036
v 0.00727108 -0.27123737 0.06081155
v 0.02403680 -0.27188900 0.07634240
v 0.00463571 -0.25996745 0.13544618
v 0.12650388 -0.25985971 0.11929373
v 0.01078652 -0.25466266 0.13741213
v 0.08955050 -0.27626905 0.09031496
v 0.78108913 0.28018004 0.18780184
v 0.79049158 0.26333904 0.09416933
v 0.76950526 0.30273721 0.14134885
v 0.79373223 0.25785381 0.17556758
v 0.74886882 0.33004078 0.18496917
v 0.79403645 0.20351240 0.18701240
v 0.78881168 0.29513156 0.10256715
v 0.77403092 0.30697247 0.10681989
v 0.77523631 0.32075879 0.15126130
v -0.08697806 0.02637348 0.16764505
v -0.00061371 0.02566892 0.17031619
v -0.01881152 0.03703396 0.13510929
v 0.04062416 0.02559758 0.16624747
v -0.08899686 0.03479718 0.12211019
v 0.05355894 0.01643235 0.12776336
v -0.08242816 -0.08816397 0.13510783
v -0.05468681 -0.10176881 0.12371256
v 0.03232866 -0.08799580 0.13294157
v 0.02930212 -0.10242639 0.12090732
v 0.04861096 -0.08568410 0.11403605
v 0.05209446 -0.06206915 0.13045199
v 0.03279447 -0.08986224 0.14757298
v -0.01881152 0.03703396 0.13510929
v 0.05355894 0.01643235 0.12776336
v 0.04571367 0.03806558 0.12193397
v 0.10519288 0.03263819 0.10515802
v 0.09378775 0.00665084 0.12276588
v 0.14606659 0.00619603 0.10210661
v 0.15408118 0.03959874 0.08487187
v 0.12562817 -0.06506507 0.10696806
v 0.16153039 -0.05368192 0.08912262
v 0.15224563 -0.09341221 0.08834449
v 0.10070659 0.10320564 0.12379263
v 0.03462153 0.08134585 0.13441251
v 0.09255998 0.16714562 0.14099620
v -0.02674856 0.06091912 0.14036240
v -0.02446308 0.10849282 0.15348738
v 0.06143346 0.18342833 0.15286651
v -0.02946238 0.17137799 0.16666286
v 0.03569476 0.22619785 0.16662849
v 0.09163217 0.23546258 0.15398262
v 0.14624956 0.23580745 0.13842423
v -0.02394482 0.24759862 0.17558302
v 0.18386236 0.23574413 0.12490468
v 0.16167469 0.11710661 0.10330731
v 0.09554172 -0.08683630 0.10635418
v 0.14522545 -0.17970766 0.10677966
v 0.09905705 -0.17672402 0.11281680
v 0.12650388 -0.25985971 0.11929373
v 0.01078652 -0.25466266 0.13741213
v 0.17703986 -0.25981784 0.10574869
v -0.01636381 -0.19661044 0.13188094
v -0.03770409 -0.20491542 0.13285948
v 0.18867958 -0.18573055 0.08616476
v -0.10474805 -0.15615936 0.12080537
v -0.05820572 -0.25753969 0.13621590
v -0.10841199 0.23290347 0.15981285
v -0.15944923 -0.25983992 0.12271243
v -0.09743103 0.18913765 0.15572199
v -0.08899686 0.03479718 0.12211019
v -0.13147749 0.08742820 0.12352369
v -0.13539156 0.16899617 0.14220572
v -0.18312185 0.23991276 0.14146005
v -0.08602839 -0.08822174 0.11536265
v -0.14382547 -0.08782041 0.10609953
v -0.18500011 -0.25784996 0.11382974
v -0.21199970 -0.19213827 0.10124257
v -0.14167330 0.03117136 0.10809949
v -0.17264435 0.15650815 0.12585214
v -0.21729057 0.24520588 0.13153163
v -0.22991627 0.23526765 0.12543684
v -0.21614869 0.18774562 0.11986338
v -0.24422076 -0.25873950 0.09322301
v -0.20965129 0.12957256 0.10511690
v -0.19563906 -0.08800454 0.08948197
v -0.18834142 -0.06283370 0.10110140
v -0.09885330 -0.06550271 0.12969901
v -0.17108528 0.00664632 0.10972885
v -0.10085417 0.00352673 0.13213801
v -0.20114121 0.03884099 0.08466514
v -0.21996143 0.00759085 0.08338925
v -0.03494615 -0.23708998 0.12438305
v 0.19746779 -0.26050511 0.09281705
v 0.18714418 -0.07888927 0.05811038
v -0.23466240 -0.08057220 0.05615041
v 0.19391219 0.01553732 0.05598793
v -0.02263193 -0.21119514 0.11644091
v 0.00463571 -0.25996745 0.13544618
v 0.17488708 0.58132172 -0.06273226
v 0.21473871 0.61585099 -0.07309758
v 0.21539205 0.60257649 -0.05126873
v 0.19945490 0.57626009 -0.02689846
v 0.18247977 0.60213721 -0.08095479
v 0.14739375 0.56108385 -0.01266969
v 0.16970249 0.57013392 0.00856026
v 0.14146830 0.54275858 -0.06550982
v 0.15860154 0.55578679 -0.10680666
v 0.12658291 0.54122120 -0.12895666
v 0.11966563 0.55188203 -0.19159234
v 0.09832910 0.53256762 -0.16085131
v 0.07324637 0.53091580 -0.18488906
v 0.13812585 0.57477874 -0.19104427
v 0.13339873 0.54195070 -0.01247301
v 0.08898519 0.55687630 -0.22370917
v 0.18034665 0.60245562 -0.12554833
v 0.13273023 0.52281249 -0.06481089
v 0.16786452 0.63034356 -0.18702321
v 0.12958680 0.59220415 -0.21736731
v 0.12291231 0.51941150 -0.11470168
v 0.18800205 0.65489268 -0.14976679
v 0.15332100 0.65965921 -0.22673306
v 0.16994549 0.54234415 0.02405510
v 0.16123232 0.52361107 0.02881352
v 0.12155994 0.50811058 0.00089943
v 0.14960690 0.50190330 0.04892394
v 0.10232867 0.47475332 0.03238786
v 0.17007306 0.71000528 -0.20942821
v 0.13015911 0.49052501 -0.06017260
v 0.18576337 0.82525438 -0.16867037
v 0.16657935 0.85246474 -0.21332994
v 0.14961196 0.77369910 -0.24469951
v 0.12099122 0.46320131 -0.01249493
v 0.18223076 0.87610513 -0.14519872
v 0.14806999 0.85206467 -0.24056375
v 0.13265368 0.47895336 -0.14303531
v 0.11364093 0.49367046 -0.14910978
v 0.12199678 0.68301404 -0.26147979
v 0.10846791 0.44323483 0.01843398
v 0.07653173 0.48189953 -0.18549053
v 0.14471523 0.87189478 -0.23313056
v 0.06628615 0.41243407 0.07062539
v 0.07114004 0.45417553 0.06935237
v 0.19799075 0.65549308 -0.08815236
v 0.22035128 0.66363835 -0.06994279
v 0.20062542 0.71488816 -0.06063469
v 0.17862819 0.67481381 0.02655896
v 0.16645496 0.65363246 0.06933448
v 0.16891587 0.73667997 0.07609715
v 0.18713352 0.70611668 0.00709226
v 0.18352529 0.78488004 0.03949065
v 0.16351829 0.77650040 0.10057454
v 0.16037904 0.80431920 0.12234881
v 0.16799891 0.85881841 0.08782380
v 0.18659930 0.85639215 0.02376262
v 0.15355024 0.61982203 0.08827257
v 0.15840536 0.52932620 0.04886195
v 0.13740836 0.58160907 0.11154303
v 0.14320143 0.49681124 0.07250251
v 0.11895428 0.48414573 0.12413654
v 0.11254106 0.55878359 0.15166953
v 0.10056381 0.46140236 0.16353619
v 0.13489559 0.88502872 0.16003813
v 0.13560465 0.80719537 0.17814140
v 0.09070926 0.55482239 0.18413137
v 0.12917492 0.47499287 0.08726326
v 0.19970621 0.79778641 -0.09317734
v 0.22135258 0.69567305 -0.03900240
v 0.18716808 0.62705255 -0.00123386
v 0.08545471 0.46221110 0.18121153
v 0.14041501 0.67691827 0.09556147
v 0.18941399 0.87430733 -0.06511000
v 0.12251398 0.59666228 0.12459657
v 0.12125447 0.63739103 0.13536057
v 0.12014864 0.76963961 0.12751403
v 0.14257918 0.73300409 0.09156529
v 0.10297036 0.57784146 0.15062293
v 0.10172055 0.65778226 0.16442962
v 0.09696402 0.62322468 0.16544798
v 0.10308604 0.75024271 0.15267697
v 0.09107186 0.77846402 0.16317014
v 0.11317040 0.88509971 0.18166284
v 0.10306122 0.45775399 0.12592311
v 0.14159136 0.79147726 0.13577843
v 0.13750823 0.89924568 0.12668805
v 0.07471126 0.60055661 0.17271131
v 0.16331430 0.89446449 0.01525315
v -0.23141444 0.61160433 -0.08703996
v -0.22464494 0.58061236 -0.05907410
v -0.26324505 0.59892285 -0.05858242
v -0.19676301 0.55876750 -0.06397412
v -0.24815974 0.57704777 -0.02829632
v -0.26514357 0.64359719 -0.07380110
v -0.24660347 0.68219870 -0.08613170
v -0.18921648 0.56023705 -0.01119448
v 0.54334581 0.37622783 -0.17392664
v 0.54322034 0.39234066 -0.12815614
v 0.55351132 0.41839960 -0.12538655
v 0.55330819 0.38531139 -0.21223332
v 0.54315192 0.35310984 -0.20573060
v 0.54496336 0.38409999 -0.04998496
v 0.55294770 0.40275776 -0.02811361
v 0.54294890 0.35219952 -0.00936730
v 0.55325913 0.36045516 0.02412206
v 0.54447824 0.31370729 0.01056960
v 0.54197288 0.29244965 0.01557527
v 0.55906916 0.35213131 -0.24805711
v 0.54436982 0.33574510 -0.21866734
v 0.55284703 0.29107779 -0.24928568
v 0.54079372 0.29612291 -0.22507910
v 0.54306567 0.25041413 -0.21574588
v 0.56280982 0.23991406 -0.24730796
v 0.54379404 0.22591950 -0.20327426
v 0.55449682 0.27343723 0.03077498
v 0.54416478 0.23516823 -0.00538536
v 0.56630629 0.19379738 -0.20477396
v 0.57198453 0.39992735 0.00218427
v -0.38444453 -0.98538142 0.17986032
v -0.36431411 -0.95202643 0.19487178
v -0.39789051 -0.96584880 0.17676690
v -0.31398603 -0.97097641 0.21142267
v -0.30833951 -1.00149453 0.19172670
v -0.22345345 -0.99372423 0.21701796
v -0.39170635 -1.00059760 0.15737887
v -0.41900292 -0.98599082 0.13925052
v -0.22749959 -0.95242888 0.22256514
v -0.31273925 -0.94413835 0.20262180
v -0.58948708 0.23708056 -0.21071188
v -0.60217708 0.20428094 -0.20894425
v -0.60279286 0.24691299 -0.24101679
v -0.58689326 0.19466011 -0.15146747
v -0.58814073 0.29659078 -0.22446032
v -0.60045296 0.33326629 -0.24713208
v -0.58710712 0.33850390 -0.21750751
v -0.61959857 0.29722846 -0.26353917
v -0.61908460 0.24121204 -0.24957445
v 0.17703986 -0.25981784 0.10574869
v 0.16942334 -0.27284777 0.07463722
v 0.19746779 -0.26050511 0.09281705
v 0.21440798 -0.27218050 0.04393151
v 0.12650388 -0.25985971 0.11929373
v 0.08955050 -0.27626905 0.09031496
v 0.24716410 -0.25723052 0.02602202
v 0.24534777 -0.27484295 -0.00894593
v 0.17685024 -0.99321103 0.21519631
v 0.20452461 -0.97049046 0.22469528
v 0.17928553 -0.94556522 0.21777907
v 0.29227719 -0.94316673 0.19652054
v 0.29193953 -0.97581011 0.20312306
v 0.32933289 -0.96766841 0.19236778
v 0.24716288 -1.00198019 0.19568469
v 0.30448368 -1.00106025 0.17875461
v 0.34792918 -0.99904513 0.15626165
v 0.36967713 -0.98124325 0.15330940
v 0.18392974 -1.00190210 0.19766679
v 0.35621068 -0.95024556 0.16422819
v 0.77379298 0.33681425 0.18237953
v 0.74886882 0.33004078 0.18496917
v 0.77523631 0.32075879 0.15126130
v 0.76950526 0.30273721 0.14134885
v -0.84779769 0.27611053 0.13492765
v -0.85280555 0.25791091 0.14256279
v -0.83779377 0.26026168 0.13311674
v -0.86787254 0.26634994 0.18529914
v -0.85527974 0.23472646 0.17053716
v -0.83924818 0.26270986 0.09652909
v -0.84011126 0.29513830 0.10203060
v -0.84504890 0.31223857 0.18282120
v -0.81541455 0.31574088 0.15112935
v -0.82092631 0.30288243 0.10562564
v -0.80361521 0.34318179 0.17905687
v -0.83924818 0.26270986 0.09652909
v -0.82092631 0.30288243 0.10562564
v -0.84011126 0.29513830 0.10203060
v -0.70601100 0.32196352 0.13165641
v -0.68540871 0.29059964 0.05039226
v -0.69989854 0.35468298 0.06045832
v -0.71415895 0.38390008 0.10889167
v -0.70033479 0.28378522 0.13526317
v -0.68004429 0.33581054 0.04462541
v -0.68540871 0.29059964 0.05039226
v -0.61303622 0.28983346 0.04386767
v -0.68004429 0.33581054 0.04462541
v -0.62009794 0.33182430 0.04233440
v 0.79049158 0.26333904 0.09416933
v 0.79373223 0.25785381 0.17556758
v 0.80417043 0.27472883 0.15097739
vt 0.27851245 0.88957971
vt 0.28718039 0.95218009
vt 0.22283731 0.93915683
vt 0.23506406 0.88188046
vt 0.20742853 0.92848790
vt 0.20440096 0.90720034
vt 0.20692353 0.88456488
vt 0.30399171 0.95515406
vt 0.31102687 0.88688225
vt 0.33100963 0.95285934
vt 0.34717590 0.88739973
vt 0.33980244 0.88191324
vt 0.36370495 0.92266673
vt 0.21307546 0.94515026
vt 0.26896933 0.95485306
vt 0.36291051 0.90043372
vt 0.34807447 0.94503570
vt 0.29312301 0.88305455
vt 0.27968419 0.88155061
vt 0.25210768 0.87637866
vt 0.25262967 0.95874888
vt 0.22028697 0.87721878
vt 0.35267550 0.88475764
vt 0.28656664 0.96001840
vt 0.31134057 0.88153583
vt 0.20099367 0.88011217
vt 0.21248665 0.95529413
vt 0.21833041 0.96001840
vt 0.36720866 0.93382978
vt 0.35574901 0.94864148
vt 0.80711699 0.88320410
vt 0.75066805 0.82234913
vt 0.78335804 0.82232785
vt 0.77867275 0.88608193
vt 0.81742972 0.81428707
vt 0.84324443 0.81019938
vt 0.86223185 0.84052634
vt 0.85646063 0.87253261
vt 0.77136248 0.81755829
vt 0.74506503 0.89052105
vt 0.70773095 0.85368079
vt 0.71709394 0.82467663
vt 0.71753609 0.88057953
vt 0.79325342 0.88979703
vt 0.86495030 0.80854964
vt 0.70434600 0.86407208
vt 0.79219061 0.81208563
vt 0.81609333 0.80744487
vt 0.74484092 0.81647074
vt 0.75588286 0.81665373
vt 0.70453006 0.83193582
vt 0.85252029 0.88483620
vt 0.80852622 0.89292282
vt 0.69873530 0.84822780
vt 0.77746469 0.89292282
vt 0.71674699 0.82021743
vt 0.21057460 0.14077961
vt 0.16505195 0.14176977
vt 0.18055403 0.11182815
vt 0.21378051 0.11134046
vt 0.25123185 0.13361895
vt 0.23783275 0.11086887
vt 0.27064416 0.12925309
vt 0.26655564 0.10809332
vt 0.14438061 0.12900442
vt 0.15624636 0.10986120
vt 0.23357658 0.15434921
vt 0.27654833 0.15542412
vt 0.17694636 0.15315032
vt 0.26094356 0.16724753
vt 0.15475033 0.16983372
vt 0.21625797 0.18028277
vt 0.12944250 0.18020874
vt 0.17086251 0.19206756
vt 0.28210422 0.19571191
vt 0.13006544 0.21102273
vt 0.28969651 0.18605608
vt 0.29391623 0.17620236
vt 0.21373080 0.20601904
vt 0.13929644 0.15679812
vt 0.13360545 0.16343862
vt 0.28868732 0.20433998
vt 0.12310812 0.17745745
vt 0.27887240 0.22075379
vt 0.11533629 0.21152198
vt 0.20874418 0.22748506
vt 0.30055106 0.20189130
vt 0.14152835 0.10888153
vt 0.13480604 0.13979900
vt 0.28822058 0.23077166
vt 0.31511584 0.21832317
vt 0.32137510 0.23946649
vt 0.21268597 0.24960685
vt 0.16625702 0.25045955
vt 0.13740134 0.24261409
vt 0.11104660 0.23885781
vt 0.09534181 0.22757965
vt 0.08366723 0.20369661
vt 0.06931765 0.22326046
vt 0.04329330 0.21996200
vt 0.00221693 0.20981920
vt 0.03087191 0.19524640
vt 0.00090735 0.19225705
vt 0.04524785 0.17987192
vt 0.08546799 0.18040407
vt 0.09945565 0.18793207
vt 0.00160543 0.22506416
vt 0.00045167 0.18193877
vt 0.25736314 0.24723995
vt 0.08644675 0.24002981
vt 0.28121856 0.24376255
vt 0.32965186 0.23304325
vt 0.34130165 0.20521754
vt 0.35443160 0.21874923
vt 0.41832691 0.20213884
vt 0.37838855 0.19155955
vt 0.32704788 0.19207239
vt 0.41869918 0.17859596
vt 0.41793063 0.21839672
vt 0.32764775 0.17531151
vt 0.39181468 0.17252648
vt 0.31286481 0.17885995
vt 0.11275195 0.24866915
vt 0.05541281 0.23941344
vt 0.29411563 0.15396422
vt 0.09604073 0.16520107
vt 0.35849479 0.23516363
vt 0.37631980 0.22631043
vt 0.31583771 0.16324919
vt 0.29390433 0.12516761
vt 0.33950183 0.25045955
vt 0.12200020 0.12362379
vt 0.11140672 0.16063249
vt 0.25952312 0.10079163
vt 0.27663866 0.10040617
vt 0.26460919 0.07474864
vt 0.24453080 0.07804018
vt 0.24253438 0.10147029
vt 0.20899914 0.10142702
vt 0.22503221 0.07497460
vt 0.20784986 0.07584953
vt 0.19093139 0.09175730
vt 0.17340197 0.10220903
vt 0.17150760 0.09659833
vt 0.17109917 0.07514042
vt 0.15491812 0.10146642
vt 0.15406433 0.07263148
vt 0.25202185 0.06545681
vt 0.26930195 0.06547368
vt 0.26800382 0.03338695
vt 0.24276097 0.04433072
vt 0.21603566 0.06611329
vt 0.22404686 0.03262293
vt 0.25352454 0.00249964
vt 0.18535849 0.03179020
vt 0.19682823 0.06643009
vt 0.17492740 0.05104566
vt 0.16836023 0.06721979
vt 0.14715292 0.00384456
vt 0.14457308 0.03693914
vt 0.14133415 0.05440044
vt 0.26843929 0.00228834
vt 0.23775664 0.00049245
vt 0.22046825 0.01441216
vt 0.21718922 0.00045955
vt 0.21112455 0.01045793
vt 0.20657450 0.01900584
vt 0.16756023 0.00079244
vt 0.19634347 0.00073636
vt 0.13482490 0.01270401
vt 0.14237927 0.00204742
vt 0.28647438 0.01753944
vt 0.13983496 0.10113204
vt 0.13747948 0.07606322
vt 0.28736144 0.00388068
vt 0.12404080 0.00414026
vt 0.12546180 0.03294337
vt 0.13354498 0.06968516
vt 0.23584120 0.79937071
vt 0.26434499 0.82040608
vt 0.22683242 0.81737566
vt 0.21809682 0.85513020
vt 0.28787956 0.86698186
vt 0.23715574 0.86633116
vt 0.30798450 0.86383706
vt 0.28539157 0.87396979
vt 0.20154883 0.79443663
vt 0.19178681 0.84437567
vt 0.18966682 0.86813778
vt 0.28172857 0.80042499
vt 0.31434694 0.81755668
vt 0.32525623 0.86176759
vt 0.26773593 0.79177296
vt 0.31676903 0.79502684
vt 0.23011638 0.78792655
vt 0.25254327 0.78527462
vt 0.25231415 0.75953805
vt 0.21510550 0.76056165
vt 0.21181910 0.78621644
vt 0.22455400 0.75297445
vt 0.18940702 0.76123357
vt 0.19097431 0.78794825
vt 0.27008066 0.75830740
vt 0.19941500 0.87454045
vt 0.18687142 0.79373574
vt 0.31518143 0.87454045
vt 0.32658193 0.81724632
vt 0.28140977 0.78317881
vt 0.28816941 0.78757644
vt 0.25924811 0.75106013
vt 0.19215614 0.75245291
vt 0.17854121 0.83693427
vt 0.17910613 0.86561394
vt 0.32746160 0.86764729
vt 0.17479675 0.75045955
vt 0.70156318 0.44990307
vt 0.70108181 0.47858500
vt 0.68135279 0.46046323
vt 0.72561228 0.45583248
vt 0.72106957 0.48727405
vt 0.67362487 0.49864137
vt 0.69934827 0.51073647
vt 0.73426467 0.50552434
vt 0.72941065 0.52426100
vt 0.67290622 0.52615547
vt 0.69929814 0.53358281
vt 0.67034930 0.54802257
vt 0.65543264 0.46644294
vt 0.65552348 0.50765526
vt 0.72507447 0.54687208
vt 0.75605345 0.51794779
vt 0.69816041 0.55190176
vt 0.76021630 0.53795731
vt 0.75609863 0.45808512
vt 0.74031442 0.44798064
vt 0.77479607 0.52637613
vt 0.76914620 0.48553109
vt 0.74715382 0.42172122
vt 0.73628789 0.41225761
vt 0.71467227 0.41369128
vt 0.67069870 0.42421174
vt 0.65025419 0.44176280
vt 0.65892148 0.53902960
vt 0.71022052 0.55928308
vt 0.64820784 0.42587829
vt 0.74254251 0.55356860
vt 0.67157114 0.55928308
vt 0.63596213 0.46660846
vt 0.66143233 0.55305469
vt 0.75796801 0.40530753
vt 0.66757041 0.40187144
vt 0.64298719 0.39344990
vt 0.72758365 0.37283862
vt 0.70763755 0.37270224
vt 0.66658694 0.38014120
vt 0.74234980 0.37828887
vt 0.62948734 0.40759861
vt 0.62104785 0.44233203
vt 0.63943255 0.50033802
vt 0.78184283 0.43395591
vt 0.62186551 0.47273088
vt 0.69696295 0.67603517
vt 0.70512295 0.64486849
vt 0.72510338 0.68419790
vt 0.72644961 0.63660049
vt 0.70667470 0.62246341
vt 0.73754215 0.61634284
vt 0.71864247 0.71062434
vt 0.70154357 0.70822006
vt 0.69790554 0.72862327
vt 0.74233764 0.58514255
vt 0.72022355 0.58627665
vt 0.73809177 0.57795841
vt 0.67930675 0.65408516
vt 0.67777807 0.72084147
vt 0.68348330 0.61764783
vt 0.70276284 0.57738966
vt 0.67402905 0.68637621
vt 0.71426541 0.72809023
vt 0.67685425 0.73662305
vt 0.68352133 0.57535732
vt 0.66067410 0.73729348
vt 0.66222358 0.74887598
vt 0.64645761 0.75332981
vt 0.64216918 0.74415106
vt 0.66402131 0.72370672
vt 0.74066049 0.72129965
vt 0.64101940 0.73175555
vt 0.65609550 0.65615195
vt 0.66529930 0.57490808
vt 0.65667379 0.62407660
vt 0.65327817 0.69268370
vt 0.65568107 0.72337443
vt 0.63550138 0.73502976
vt 0.74995446 0.58416027
vt 0.75085789 0.64757240
vt 0.75830466 0.62119651
vt 0.76643002 0.58222175
vt 0.74927211 0.57939452
vt 0.75034559 0.69418824
vt 0.73622960 0.73681891
vt 0.74463284 0.73308218
vt 0.75097597 0.75052416
vt 0.77095056 0.74483651
vt 0.77111340 0.75505513
vt 0.77190608 0.73256636
vt 0.63888067 0.75505513
vt 0.22423008 0.42825937
vt 0.23385739 0.44029832
vt 0.20707092 0.43798470
vt 0.19563900 0.41534179
vt 0.23641682 0.41189146
vt 0.22100911 0.39680350
vt 0.25563282 0.42673445
vt 0.25363427 0.43879354
vt 0.26973918 0.42817414
vt 0.20613854 0.39684695
vt 0.22451428 0.36793405
vt 0.23331577 0.38517785
vt 0.23911275 0.40014470
vt 0.27155596 0.37673974
vt 0.26531059 0.37001622
vt 0.25651509 0.40700698
vt 0.28682101 0.38899970
vt 0.25463569 0.41586614
vt 0.28993201 0.40910894
vt 0.30137160 0.42989588
vt 0.24623398 0.36384904
vt 0.28454870 0.37351680
vt 0.29802734 0.37622786
vt 0.31144279 0.41295278
vt 0.30270559 0.39419001
vt 0.31624180 0.43737447
vt 0.34106937 0.43064368
vt 0.34240541 0.44705260
vt 0.32206339 0.45175409
vt 0.30106053 0.44947410
vt 0.28055096 0.44443697
vt 0.36545309 0.44092870
vt 0.19131342 0.40501803
vt 0.17877905 0.41557574
vt 0.26961786 0.45855701
vt 0.16716681 0.36483091
vt 0.19431324 0.36259192
vt 0.16506541 0.39532006
vt 0.16081139 0.42216146
vt 0.15465963 0.36654651
vt 0.15892999 0.43141711
vt 0.14061333 0.39407700
vt 0.12387795 0.42132914
vt 0.13133983 0.43482322
vt 0.11138152 0.43957651
vt 0.08608115 0.43242621
vt 0.13895832 0.45968497
vt 0.17543723 0.43168235
vt 0.08858716 0.41591644
vt 0.29235643 0.47009981
vt 0.32644817 0.46820486
vt 0.16034549 0.44853187
vt 0.10156476 0.45454812
vt 0.28161123 0.46540415
vt 0.35503334 0.46302724
vt 0.37669146 0.45347261
vt 0.40326566 0.44480228
vt 0.39635882 0.42903626
vt 0.42557076 0.43548894
vt 0.42232355 0.44996130
vt 0.35766804 0.42242539
vt 0.41939136 0.46203923
vt 0.14877427 0.47104776
vt 0.27430126 0.47104776
vt 0.42037380 0.46772695
vt 0.06228537 0.42454648
vt 0.40899214 0.42059124
vt 0.42624092 0.42803991
vt 0.11554042 0.40099353
vt 0.38726914 0.41622663
vt 0.35037586 0.40928745
vt 0.13781899 0.38012481
vt 0.25382406 0.45309758
vt 0.07656512 0.40593135
vt 0.04321215 0.41678792
vt 0.02979077 0.39522517
vt 0.00612905 0.39335924
vt 0.00665978 0.42971206
vt 0.05801401 0.39043880
vt 0.09909779 0.38666642
vt 0.03134732 0.38691831
vt 0.18696420 0.45135808
vt 0.14941251 0.36347634
vt 0.34160215 0.40572369
vt 0.12558918 0.38249004
vt 0.31824839 0.38922679
vt 0.32186297 0.39164472
vt 0.05701539 0.36878675
vt 0.10222181 0.37002885
vt 0.39925650 0.40609574
vt 0.02745854 0.36922729
vt 0.00496838 0.36658454
vt 0.37917122 0.39781636
vt 0.34451503 0.38869143
vt 0.40490586 0.40153039
vt 0.43134597 0.40793908
vt 0.23228894 0.44771862
vt 0.20413373 0.44846296
vt 0.17433432 0.45972419
vt 0.83193368 0.94433367
vt 0.80316418 0.91834337
vt 0.82489896 0.91573066
vt 0.79642218 0.94739860
vt 0.87823808 0.91918230
vt 0.76223081 0.94410527
vt 0.85777700 0.95096588
vt 0.88368797 0.93246025
vt 0.87995064 0.95127106
vt 0.75203896 0.91511101
vt 0.73541003 0.93146831
vt 0.73273027 0.94749373
vt 0.73930943 0.90626138
vt 0.82964987 0.89946252
vt 0.88355827 0.89476103
vt 0.80407774 0.90086937
vt 0.76880139 0.90091962
vt 0.77077961 0.95838201
vt 0.82780248 0.96507227
vt 0.87697238 0.97196692
vt 0.75926334 0.96607375
vt 0.72854561 0.97196692
vt 0.79595542 0.96829706
vt 0.88572717 0.91547817
vt 0.50073850 0.09910685
vt 0.49880114 0.07505322
vt 0.47147006 0.10326767
vt 0.48791212 0.11968672
vt 0.50674880 0.12025827
vt 0.47858647 0.13837850
vt 0.52171141 0.13568163
vt 0.46845922 0.08017468
vt 0.44563144 0.07850391
vt 0.53433406 0.06366223
vt 0.52903301 0.09188455
vt 0.53111380 0.11827749
vt 0.52133590 0.05339444
vt 0.54200482 0.13585764
vt 0.52877414 0.04872859
vt 0.45844880 0.12765867
vt 0.52135092 0.02987134
vt 0.44859496 0.11728489
vt 0.45391199 0.14016294
vt 0.48598304 0.06743640
vt 0.49663293 0.05357993
vt 0.55214214 0.08358514
vt 0.50273573 0.03904808
vt 0.55239385 0.06627250
vt 0.54070067 0.05046046
vt 0.54774988 0.10413671
vt 0.47103977 0.07181340
vt 0.42932498 0.09785867
vt 0.43793732 0.07678086
vt 0.43264022 0.14349163
vt 0.47154614 0.27466387
vt 0.47220138 0.30378407
vt 0.49611157 0.28807676
vt 0.48555210 0.32540154
vt 0.49331790 0.25476253
vt 0.46363083 0.33571804
vt 0.50201124 0.32107663
vt 0.49737477 0.34571385
vt 0.46765214 0.35752237
vt 0.47622147 0.25341463
vt 0.50746781 0.35337627
vt 0.48587298 0.36230779
vt 0.46766207 0.37459874
vt 0.47572422 0.39043486
vt 0.45627168 0.39319593
vt 0.50380152 0.37447780
vt 0.49124888 0.39872551
vt 0.52069658 0.30143297
vt 0.52028805 0.27515751
vt 0.51456267 0.25198889
vt 0.52590030 0.34368980
vt 0.52399641 0.39716852
vt 0.44716913 0.36676383
vt 0.45835719 0.39941287
vt 0.45721352 0.25475496
vt 0.44950476 0.30217135
vt 0.44357988 0.34401113
vt 0.43239415 0.39071751
vt 0.44066718 0.32524133
vt 0.43106431 0.36767030
vt 0.54706067 0.31530666
vt 0.54207939 0.27884781
vt 0.52609253 0.25155973
vt 0.54301023 0.39869958
vt 0.54548734 0.34191871
vt 0.50089878 0.24694216
vt 0.47021011 0.23372281
vt 0.45828477 0.24648780
vt 0.48937014 0.20121813
vt 0.51693034 0.22580153
vt 0.51390207 0.19799018
vt 0.49618196 0.18296480
vt 0.47366557 0.18187726
vt 0.50912237 0.16860187
vt 0.46144095 0.20806497
vt 0.49813196 0.14813805
vt 0.47158039 0.17317843
vt 0.47562090 0.14788640
vt 0.52565295 0.24237758
vt 0.45801210 0.14930344
vt 0.52169502 0.14591593
vt 0.45043853 0.18418169
vt 0.44932434 0.17578685
vt 0.44026119 0.23315477
vt 0.53245163 0.17860514
vt 0.53949606 0.23984033
vt 0.44104439 0.15096194
vt 0.43866104 0.24657083
vt 0.53887588 0.14773440
vt 0.54328805 0.24796146
vt 0.53230250 0.40211397
vt 0.55239385 0.23839849
vt 0.43363273 0.18326545
vt 0.42863595 0.17498529
vt 0.41341570 0.81864744
vt 0.38470677 0.83805567
vt 0.38140950 0.81390244
vt 0.41837090 0.77976757
vt 0.36691549 0.77989781
vt 0.43906501 0.80466390
vt 0.45436355 0.76656777
vt 0.44009876 0.76008213
vt 0.40808535 0.76068759
vt 0.35500041 0.83860165
vt 0.46790963 0.81155127
vt 0.45199451 0.83082587
vt 0.42893711 0.83531719
vt 0.41956797 0.84271151
vt 0.47708628 0.76710093
vt 0.35729161 0.76786566
vt 0.34503603 0.80213594
vt 0.34201682 0.76548660
vt 0.46435645 0.83849794
vt 0.47263110 0.83313417
vt 0.47741643 0.80704975
vt 0.33935896 0.84042275
vt 0.43827978 0.84646177
vt 0.43544817 0.85264230
vt 0.38533118 0.84717876
vt 0.41125888 0.85126245
vt 0.40365449 0.87878907
vt 0.38724306 0.87438565
vt 0.36494520 0.87347496
vt 0.36476496 0.84773153
vt 0.37212586 0.88062286
vt 0.41613764 0.88065857
vt 0.34766534 0.84642851
vt 0.34436986 0.87354147
vt 0.35841846 0.75889456
vt 0.43159854 0.87808138
vt 0.34884736 0.88097429
vt 0.46946609 0.75689340
vt 0.33297592 0.79636425
vt 0.33220032 0.76639903
vt 0.32926831 0.84627169
vt 0.45047525 0.86122769
vt 0.45133832 0.85236597
vt 0.44753674 0.88097429
vt 0.77186680 0.05735040
vt 0.77642316 0.09246433
vt 0.79424751 0.05864418
vt 0.75170094 0.09129995
vt 0.74983484 0.05478626
vt 0.75149363 0.03436697
vt 0.77995408 0.03310245
vt 0.79794961 0.10257649
vt 0.79858363 0.02413183
vt 0.77571237 0.11543310
vt 0.74989754 0.11690009
vt 0.79473025 0.12378925
vt 0.83098191 0.10324198
vt 0.83274484 0.05276906
vt 0.85775661 0.09658611
vt 0.86345792 0.05766737
vt 0.85802001 0.04970062
vt 0.83807892 0.02428925
vt 0.83342367 0.13048458
vt 0.86361712 0.11945838
vt 0.86502296 0.03109628
vt 0.86350757 0.09939319
vt 0.85714328 0.13665903
vt 0.76986784 0.13714755
vt 0.79165125 0.13627142
vt 0.76291358 0.01849329
vt 0.85826933 0.01272166
vt 0.83047312 0.01240808
vt 0.82852662 0.14200366
vt 0.74793625 0.12956095
vt 0.86585367 0.13487154
vt 0.86585367 0.01258481
vt 0.73272783 0.06375730
vt 0.73269296 0.10361660
vt 0.70718551 0.05433393
vt 0.70596206 0.09819096
vt 0.71718365 0.03657150
vt 0.73440957 0.03772891
vt 0.70983005 0.11459738
vt 0.73188156 0.12462616
vt 0.60814124 0.83385152
vt 0.65004230 0.85445875
vt 0.60764873 0.85703170
vt 0.65268672 0.83376157
vt 0.62379944 0.81614405
vt 0.66668928 0.81518149
vt 0.59716409 0.80989498
vt 0.66589540 0.80604851
vt 0.66718674 0.85576975
vt 0.68879682 0.84785628
vt 0.56794655 0.85334665
vt 0.57335603 0.81389606
vt 0.68380010 0.80452400
vt 0.69110078 0.81153190
vt 0.58369547 0.79641545
vt 0.61638099 0.79744792
vt 0.55524230 0.80630434
vt 0.55568647 0.84215271
vt 0.62084126 0.87913603
vt 0.68551481 0.86797440
vt 0.54576403 0.85401368
vt 0.57146263 0.87453485
vt 0.59962285 0.87750769
vt 0.65734762 0.87809050
vt 0.53656048 0.82042378
vt 0.54396749 0.80024719
vt 0.69736904 0.84675765
vt 0.68743742 0.87707645
vt 0.69783199 0.85801750
vt 0.52800363 0.84616518
vt 0.53381556 0.86225474
vt 0.54426295 0.87913603
vt 0.74591058 0.25421894
vt 0.72314835 0.27325630
vt 0.75076884 0.28876364
vt 0.72069091 0.24478889
vt 0.73702478 0.22376549
vt 0.71518213 0.21680397
vt 0.73168159 0.30656385
vt 0.74400496 0.34785211
vt 0.72177827 0.35262024
vt 0.76298720 0.22171181
vt 0.76090670 0.20426381
vt 0.76976746 0.25365460
vt 0.77201229 0.30707633
vt 0.75928581 0.35357285
vt 0.77773380 0.28977591
vt 0.77791476 0.19880509
vt 0.77976269 0.32560384
vt 0.77563816 0.35147691
vt 0.74144167 0.20187163
vt 0.72545981 0.20569217
vt 0.70819545 0.20711887
vt 0.76113832 0.19072211
vt 0.77371848 0.18941027
vt 0.77440578 0.17645311
vt 0.79026151 0.17049634
vt 0.80171633 0.18771785
vt 0.72052395 0.35843354
vt 0.71926510 0.29393029
vt 0.79439795 0.34986424
vt 0.79509145 0.26611650
vt 0.78687727 0.21177530
vt 0.79280889 0.24377263
vt 0.79599303 0.31069559
vt 0.79911822 0.28431034
vt 0.78579432 0.19963157
vt 0.80171633 0.34751207
vt 0.71207494 0.25290751
vt 0.69755733 0.32033575
vt 0.69662756 0.35645038
vt 0.70278478 0.20154250
vt 0.69851065 0.29246098
vt 0.69241190 0.24720877
vt 0.69316626 0.21592498
vt 0.71588624 0.36259192
vt 0.92761350 0.83607137
vt 0.92252582 0.85732019
vt 0.91181380 0.82937753
vt 0.90359128 0.85427707
vt 0.91066605 0.81432557
vt 0.94986451 0.86259651
vt 0.94818366 0.82784510
vt 0.93824083 0.82024336
vt 0.92846799 0.81976700
vt 0.94662100 0.80329245
vt 0.91359466 0.80766910
vt 0.93265104 0.80178326
vt 0.91918015 0.77329403
vt 0.94557559 0.77853715
vt 0.90131021 0.78877509
vt 0.94732118 0.77159929
vt 0.90368438 0.86328363
vt 0.92337626 0.86520332
vt 0.90188885 0.88836914
vt 0.92013735 0.89469498
vt 0.93719298 0.86697763
vt 0.94174421 0.89659929
vt 0.90173095 0.89659929
vt 0.87949616 0.80881035
vt 0.88379997 0.85321242
vt 0.88192195 0.86229539
vt 0.88093174 0.89078188
vt 0.87980902 0.77991664
vt 0.86495030 0.88361895
vt 0.87102664 0.85248315
vt 0.86562639 0.85715169
vt 0.38534686 0.10206425
vt 0.36538127 0.09537423
vt 0.37768644 0.08742428
vt 0.39986375 0.07402736
vt 0.36104059 0.04995799
vt 0.40976161 0.05993462
vt 0.39548123 0.04515111
vt 0.42592505 0.04585177
vt 0.44414902 0.05223274
vt 0.42653593 0.07241321
vt 0.34598961 0.05049384
vt 0.37062854 0.12770784
vt 0.35024515 0.09547126
vt 0.34124100 0.06714892
vt 0.35534072 0.16401380
vt 0.38320351 0.16406250
vt 0.36291689 0.04090071
vt 0.39338654 0.08926082
vt 0.33923125 0.16299790
vt 0.42298567 0.08636969
vt 0.46953833 0.06224549
vt 0.46937490 0.04868209
vt 0.40213025 0.14203656
vt 0.40220889 0.16401380
vt 0.32926831 0.04914975
vt 0.41109443 0.04133904
vt 0.48373982 0.05751580
vt 0.40623909 0.10640913
vt 0.41164035 0.09840643
vt 0.33346573 0.04191273
vt 0.09938300 0.30493528
vt 0.13122207 0.30124140
vt 0.10739212 0.32218736
vt 0.13674861 0.31959820
vt 0.15654849 0.30850124
vt 0.15012223 0.29294616
vt 0.15472126 0.33050895
vt 0.11826277 0.33192790
vt 0.08769227 0.32134742
vt 0.13948610 0.28118134
vt 0.10247798 0.27839822
vt 0.08395618 0.29020774
vt 0.06680588 0.30687010
vt 0.04927731 0.30155087
vt 0.05554670 0.32399255
vt 0.01569185 0.33247709
vt 0.00948509 0.29929554
vt 0.14815965 0.27065951
vt 0.13543157 0.26588202
vt 0.05656327 0.34156120
vt 0.07275546 0.34453154
vt 0.01830436 0.35108733
vt 0.09453381 0.33883864
vt 0.16314147 0.30014241
vt 0.15773270 0.26867640
vt 0.07869721 0.27076781
vt 0.03890608 0.27933836
vt 0.05733083 0.28000855
vt 0.05679540 0.35135102
vt 0.02194693 0.36534929
vt 0.33061489 0.29233342
vt 0.34483823 0.29204142
vt 0.33347869 0.31880188
vt 0.36697823 0.31530648
vt 0.38584495 0.29604626
vt 0.39146611 0.31483686
vt 0.36519596 0.27814859
vt 0.40394560 0.29817349
vt 0.33512509 0.26846576
vt 0.39055458 0.27968431
vt 0.29926395 0.25957942
vt 0.28694621 0.28511000
vt 0.29609621 0.30661213
vt 0.27719662 0.30354619
vt 0.27750441 0.27343726
vt 0.32379848 0.32377762
vt 0.43145609 0.32469904
vt 0.43676603 0.29583883
vt 0.40331236 0.28363824
vt 0.41874817 0.27195632
vt 0.43580088 0.29008222
vt 0.29008207 0.25137866
vt 0.28073367 0.25363326
vt 0.21396258 0.34981549
vt 0.21595728 0.34096336
vt 0.26260939 0.34854186
vt 0.17707089 0.34248948
vt 0.25647348 0.33919996
vt 0.16846761 0.35090047
vt 0.27201936 0.33964521
vt 0.26868129 0.33043075
vt 0.28224650 0.32723516
vt 0.30735207 0.33629483
vt 0.32068509 0.33729744
vt 0.33733660 0.33137572
vt 0.27339169 0.31792295
vt 0.24855384 0.32510591
vt 0.31742686 0.34853709
vt 0.16422907 0.34080386
vt 0.16716740 0.33226383
vt 0.19334553 0.32730156
vt 0.17814192 0.31950903
vt 0.23648135 0.32660401
vt 0.29268155 0.35605860
vt 0.14557476 0.35320401
vt 0.10830154 0.35312128
vt 0.34535265 0.35043520
vt 0.25284696 0.31338847
vt 0.26835293 0.30099750
vt 0.36903247 0.33640170
vt 0.37517166 0.34091234
vt 0.42894411 0.34253520
vt 0.42701811 0.35720462
vt 0.38481990 0.36248416
vt 0.42647219 0.36534929
vt 0.09733076 0.70388085
vt 0.08428319 0.68788266
vt 0.11815586 0.68072641
vt 0.07448042 0.70633817
vt 0.05469699 0.69417584
vt 0.07556430 0.66938370
vt 0.13831013 0.68514597
vt 0.10931665 0.70782989
vt 0.02760249 0.70852143
vt 0.02785236 0.69054973
vt 0.04640996 0.65409213
vt 0.07728331 0.65635520
vt 0.05124337 0.71872419
vt 0.02753878 0.72860551
vt 0.05107211 0.72950023
vt 0.04860547 0.74990690
vt 0.14776735 0.69219965
vt 0.13128145 0.71968603
vt 0.16319101 0.70178592
vt 0.14290144 0.73053116
vt 0.16937566 0.72321844
vt 0.14532825 0.73950744
vt 0.17668323 0.73309904
vt 0.16487567 0.74722379
vt 0.02001450 0.75137866
vt 0.17973259 0.74394441
vt 0.08555900 0.67710799
vt 0.09574447 0.65738255
vt 0.08858245 0.65865493
vt 0.12199458 0.66292709
vt 0.11369060 0.65333891
vt 0.13142768 0.67691505
vt 0.07708023 0.71994042
vt 0.12235582 0.72422588
vt 0.11281769 0.73500431
vt 0.07381494 0.74481404
vt 0.06495249 0.72981352
vt 0.06198177 0.74513716
vt 0.13255964 0.74148756
vt 0.11090788 0.74581671
vt 0.01217608 0.74292338
vt 0.08625241 0.64669889
vt 0.01805737 0.65430403
vt 0.13810501 0.75137866
vt 0.09915631 0.65016222
vt 0.15063877 0.68593347
vt 0.02723906 0.62184954
vt 0.09015117 0.62761247
vt 0.11180814 0.64413691
vt 0.10520235 0.62911302
vt 0.13037851 0.62908858
vt 0.13559337 0.64873552
vt 0.06401401 0.60222167
vt 0.09976587 0.60962510
vt 0.00225836 0.70411992
vt 0.02244371 0.60505855
vt 0.00527320 0.61970788
vt 0.08715641 0.58501840
vt 0.10778138 0.59312212
vt 0.04977269 0.58894932
vt 0.13070409 0.59694934
vt 0.02020161 0.58669925
vt 0.14208104 0.63002485
vt 0.15112312 0.63708496
vt 0.13824917 0.66830140
vt 0.15504947 0.67043722
vt 0.16347177 0.65823704
vt 0.16081306 0.62236774
vt 0.16714142 0.67817229
vt 0.17988066 0.67177093
vt 0.17565618 0.68608755
vt 0.17322925 0.65261561
vt 0.14623863 0.60489738
vt 0.18925023 0.67318857
vt 0.17051129 0.59694767
vt 0.01093430 0.58862549
vt 0.24449234 0.52839720
vt 0.24483766 0.50180244
vt 0.27221751 0.52600998
vt 0.27083582 0.50431544
vt 0.30581182 0.52235651
vt 0.30438197 0.50386554
vt 0.28976229 0.49129772
vt 0.24571395 0.48448420
vt 0.30779165 0.47614950
vt 0.27125436 0.47737002
vt 0.31591409 0.52267975
vt 0.31607592 0.49574029
vt 0.33877555 0.49475431
vt 0.34024730 0.52516496
vt 0.33770043 0.46919513
vt 0.31353545 0.47143352
vt 0.25519124 0.55080926
vt 0.27739248 0.54683912
vt 0.31095511 0.54488295
vt 0.29227221 0.55744129
vt 0.34208271 0.53972089
vt 0.24714799 0.55598629
vt 0.23647672 0.50670475
vt 0.34961182 0.50787228
vt 0.23612176 0.52459586
vt 0.20836271 0.50734460
vt 0.21453974 0.52797824
vt 0.17081843 0.50375444
vt 0.19192651 0.52957302
vt 0.15239568 0.53524715
vt 0.13837723 0.51072311
vt 0.12044983 0.54025298
vt 0.10111797 0.50095242
vt 0.12077435 0.49029875
vt 0.09581790 0.52310175
vt 0.09822606 0.54671872
vt 0.20897205 0.55219722
vt 0.23901968 0.54487854
vt 0.18139674 0.55826300
vt 0.15564014 0.56069720
vt 0.11942263 0.56434894
vt 0.10128890 0.47197127
vt 0.10164162 0.56502491
vt 0.16509780 0.48382425
vt 0.20732605 0.48077118
vt 0.23606673 0.48188794
vt 0.12196579 0.47253561
vt 0.34256092 0.55927038
vt 0.09439928 0.49676585
vt 0.25729683 0.56939530
vt 0.34812316 0.48536110
vt 0.37212235 0.49444592
vt 0.37110797 0.53239274
vt 0.35149837 0.53214169
vt 0.39001784 0.52843636
vt 0.37851584 0.55909365
vt 0.41356984 0.55726570
vt 0.35150614 0.55681849
vt 0.36534494 0.48054683
vt 0.24429588 0.56695127
vt 0.31159291 0.56478924
vt 0.18765022 0.57765532
vt 0.43244857 0.55269814
vt 0.41606551 0.52944148
vt 0.39679906 0.51109987
vt 0.43108657 0.56172180
vt 0.45663956 0.55911875
vt 0.39964265 0.47699457
vt 0.14249487 0.58215612
vt 0.40140796 0.56882530
vt 0.27715302 0.57921153
vt 0.09860127 0.58501840
vt 0.34501740 0.46953249
vt 0.41644171 0.51443225
vt 0.41460204 0.49949443
vt 0.09550939 0.56397158
vt 0.39823312 0.46277571
vt 0.25195876 0.58471203
vt 0.35216656 0.57480717
vt 0.32137200 0.57739550
vt 0.37948710 0.58001947
vt 0.25381428 0.46380675
vt 0.24341168 0.47311574
vt 0.41175345 0.47055030
vt 0.42216730 0.58501840
vt 0.59385687 0.49862456
vt 0.60806811 0.54242337
vt 0.60974824 0.51260805
vt 0.58400518 0.52431828
vt 0.59943634 0.56449926
vt 0.60637528 0.49411291
vt 0.61452281 0.50801659
vt 0.55390775 0.54155624
vt 0.57789314 0.49490571
vt 0.54776341 0.48624277
vt 0.56282109 0.57943678
vt 0.53619468 0.57167953
vt 0.53391194 0.53681618
vt 0.52143520 0.55110294
vt 0.58922452 0.58929783
vt 0.61419809 0.58720934
vt 0.62782604 0.57571691
vt 0.62987435 0.56782734
vt 0.52351010 0.51268786
vt 0.53584385 0.48114574
vt 0.51124096 0.53296095
vt 0.50090337 0.55465144
vt 0.50271404 0.56144458
vt 0.62656528 0.54766613
vt 0.62720561 0.52585709
vt 0.64905703 0.55051672
vt 0.64614648 0.53773808
vt 0.63837963 0.52825731
vt 0.55343729 0.47917032
vt 0.57917559 0.48596251
vt 0.58463186 0.45933199
vt 0.55685246 0.45393121
vt 0.53802484 0.44869423
vt 0.60485297 0.46244419
vt 0.52473009 0.47494864
vt 0.57361561 0.44375783
vt 0.60771990 0.59586006
vt 0.57729995 0.59604782
vt 0.64721537 0.57744282
vt 0.55935806 0.44112813
vt 0.56614667 0.42091954
vt 0.59632295 0.42672932
vt 0.58487827 0.37716514
vt 0.56925547 0.37498534
vt 0.57023555 0.34236473
vt 0.59918976 0.34910214
vt 0.60850739 0.37894356
vt 0.61449939 0.34679717
vt 0.59872419 0.44928348
vt 0.53645229 0.43518877
vt 0.54839611 0.39321196
vt 0.55545574 0.35395741
vt 0.62128532 0.42326170
vt 0.62784338 0.39545238
vt 0.63532150 0.35660702
vt 0.61664838 0.45249891
vt 0.55361950 0.58963716
vt 0.63159245 0.59248871
vt 0.65718156 0.57050151
vt 0.62827682 0.33961397
vt 0.65718156 0.34311676
vt 0.54929358 0.93551612
vt 0.58320624 0.93367577
vt 0.54730910 0.91996497
vt 0.58573133 0.90647727
vt 0.61815017 0.91201645
vt 0.61915642 0.93308306
vt 0.53747672 0.91815096
vt 0.51656097 0.94366568
vt 0.54894972 0.89687890
vt 0.51082730 0.90257651
vt 0.50691390 0.92917061
vt 0.48570889 0.90513319
vt 0.48193315 0.92351401
vt 0.48538211 0.94359690
vt 0.49058023 0.95153403
vt 0.58963907 0.89065468
vt 0.61743164 0.88992107
vt 0.48673055 0.88097429
vt 0.50620425 0.88607991
vt 0.54911232 0.88541168
vt 0.62524182 0.93089098
vt 0.62737125 0.89398044
vt 0.59703743 0.95608979
vt 0.62591696 0.94770736
vt 0.55603808 0.94881338
vt 0.62737125 0.96224606
vt 0.55254161 0.95988679
vt 0.52531892 0.96444625
vt 0.49059689 0.97104782
vt 0.48237434 0.95210546
vt 0.66624123 0.19500375
vt 0.66770595 0.16750908
vt 0.63246614 0.16923386
vt 0.64118785 0.22187567
vt 0.66601533 0.24508798
vt 0.63348949 0.25507420
vt 0.62013566 0.19984579
vt 0.59679377 0.23438084
vt 0.59208494 0.20773566
vt 0.60045552 0.25471723
vt 0.57949072 0.24696326
vt 0.56717443 0.23047227
vt 0.57858038 0.21621764
vt 0.60889173 0.16830397
vt 0.58911061 0.17539060
vt 0.68300158 0.21695411
vt 0.68937606 0.25015974
vt 0.58046228 0.20059663
vt 0.57211536 0.18844700
vt 0.56689626 0.21978408
vt 0.56516504 0.19601029
vt 0.56070572 0.20886570
vt 0.56112921 0.20057869
vt 0.68657535 0.16907835
vt 0.69421864 0.16186637
vt 0.61721689 0.15880108
vt 0.68944108 0.19488227
vt 0.63554710 0.15965402
vt 0.63432896 0.13079292
vt 0.65621847 0.15919042
vt 0.66541082 0.13179737
vt 0.67579186 0.16132313
vt 0.68280607 0.13366234
vt 0.61611313 0.12998074
vt 0.66167933 0.26021433
vt 0.56054413 0.24178225
vt 0.62547427 0.26516545
vt 0.60503405 0.26312715
vt 0.57894605 0.25873649
vt 0.68532789 0.12668502
vt 0.60392058 0.12889051
vt 0.66450447 0.11919075
vt 0.63590431 0.11796421
vt 0.65159047 0.08084542
vt 0.66559756 0.09227222
vt 0.63076848 0.09055996
vt 0.67228937 0.02850366
vt 0.62903017 0.05669087
vt 0.64327657 0.00872064
vt 0.67554510 0.00455421
vt 0.62434095 0.00484502
vt 0.68984568 0.09265572
vt 0.69372636 0.02094483
vt 0.69421864 0.12261647
vt 0.60434580 0.11660922
vt 0.68521279 0.00321692
vt 0.60228795 0.06033409
vt 0.60131943 0.09273791
vt 0.59352243 0.15738440
vt 0.60391176 0.00958544
vt 0.54731965 0.20175374
vt 0.54986560 0.22428024
vt 0.54645872 0.21238017
vt 0.54516715 0.17988729
vt 0.55676901 0.17522013
vt 0.58124882 0.16207397
vt 0.58601338 0.15329236
vt 0.59343070 0.12972152
vt 0.55391496 0.15964639
vt 0.57454634 0.14797843
vt 0.54828942 0.16485971
vt 0.57828122 0.12775165
vt 0.12124355 0.92320383
vt 0.09495495 0.94266647
vt 0.08732114 0.91901153
vt 0.12676209 0.93369865
vt 0.12718838 0.95271695
vt 0.17372924 0.94543201
vt 0.17841011 0.93302411
vt 0.06524436 0.93082881
vt 0.17358354 0.91704518
vt 0.13144635 0.91683137
vt 0.02897965 0.91798913
vt 0.04891742 0.95012522
vt 0.03212393 0.94697517
vt 0.09447493 0.95900357
vt 0.13442656 0.96540135
vt 0.17742285 0.96645218
vt 0.09011940 0.96637750
vt 0.03384555 0.96645218
vt 0.09309530 0.91047370
vt 0.10851733 0.90133643
vt 0.06736478 0.89894301
vt 0.03517903 0.89625788
vt 0.02303523 0.89476103
vt 0.08985699 0.89793515
vt 0.13480760 0.89642000
vt 0.17226054 0.89764124
vt 0.06654377 0.83439064
vt 0.09374214 0.83730686
vt 0.07213163 0.86235821
vt 0.10153525 0.86369962
vt 0.09882552 0.88241434
vt 0.12952739 0.87101442
vt 0.13902861 0.88905859
vt 0.13196935 0.83749443
vt 0.05547475 0.88335270
vt 0.15832593 0.84292215
vt 0.15740755 0.87021708
vt 0.04182598 0.84743685
vt 0.03759106 0.87239218
vt 0.03690846 0.83275950
vt 0.02394624 0.88331610
vt 0.02137865 0.84768319
vt 0.05288317 0.89292282
vt 0.15027991 0.89292282
vt 0.09636389 0.81426209
vt 0.07092226 0.81428123
vt 0.12531428 0.81787086
vt 0.01028924 0.83742458
vt 0.00981332 0.88250780
vt 0.02362173 0.82981455
vt 0.15405135 0.81960726
vt 0.04002344 0.80917501
vt 0.16757001 0.84575295
vt 0.15942346 0.88643509
vt 0.00496838 0.82421547
vt 0.01423286 0.81117332
vt 0.12053204 0.80560660
vt 0.79856265 0.78661060
vt 0.80554724 0.74630433
vt 0.82255554 0.79679632
vt 0.80427796 0.79883546
vt 0.83050096 0.75386822
vt 0.83688909 0.79471940
vt 0.79072237 0.79818720
vt 0.76247633 0.79904807
vt 0.85154700 0.77505487
vt 0.84218299 0.74489546
vt 0.85076159 0.80009192
vt 0.77518070 0.76939178
vt 0.79501784 0.75612271
vt 0.73060787 0.78287989
vt 0.73024285 0.80009192
vt 0.71043706 0.79912627
vt 0.70957541 0.78173894
vt 0.86348349 0.79758275
vt 0.83046895 0.72857338
vt 0.81270951 0.73312145
vt 0.82219988 0.71225399
vt 0.84409064 0.70153475
vt 0.83064455 0.68954444
vt 0.80904186 0.68468863
vt 0.85705340 0.68314105
vt 0.85042864 0.73212081
vt 0.79833508 0.70300728
vt 0.86065000 0.74411291
vt 0.86098862 0.69996768
vt 0.84852123 0.67876840
vt 0.79720110 0.72710466
vt 0.87398374 0.76635277
vt 0.78481585 0.68917382
vt 0.71796721 0.77321154
vt 0.78860402 0.74656630
vt 0.76528084 0.76329094
vt 0.79282647 0.74135876
vt 0.95864165 0.96371102
vt 0.93553054 0.93959045
vt 0.92459393 0.95696104
vt 0.91687077 0.91417104
vt 0.94832718 0.91701907
vt 0.96898830 0.94925636
vt 0.97093803 0.91379601
vt 0.93891215 0.90083742
vt 0.95795280 0.89915401
vt 0.96994334 0.96875799
vt 0.90740740 0.89843750
vt 0.93324244 0.97145194
vt 0.95893806 0.98922831
vt 0.93306983 0.99070805
vt 0.90952611 0.91965437
vt 0.91663945 0.95869064
vt 0.92149174 0.98695499
vt 0.91868317 0.99943799
vt 0.97967482 0.91442156
vt 0.97967482 0.96123236
vt 0.97458965 0.99954045
vt 0.97154129 0.90138131
vt 0.05018105 0.06997156
vt 0.02798507 0.09364587
vt 0.05034035 0.08170706
vt 0.03055728 0.11916971
vt 0.03149991 0.06810004
vt 0.05585737 0.12273628
vt 0.02839470 0.14339077
vt 0.05353715 0.14493555
vt 0.02734301 0.05302811
vt 0.04979199 0.05260193
vt 0.03893994 0.03527212
vt 0.05857278 0.02560288
vt 0.02367999 0.02785140
vt 0.04436511 0.02471739
vt 0.04028532 0.00313383
vt 0.02082251 0.00758612
vt 0.06421961 0.00671589
vt 0.06072512 0.09899473
vt 0.01555739 0.07061183
vt 0.01886068 0.14170527
vt 0.00920809 0.09373754
vt 0.00773197 0.05412436
vt 0.01268051 0.02880263
vt 0.00406504 0.00842226
vt 0.00439378 0.14078152
vt 0.07382723 0.07314485
vt 0.07112172 0.03600502
vt 0.07031926 0.01001436
vt 0.07905702 0.12123466
vt 0.07189558 0.14529544
vt 0.08307590 0.07510346
vt 0.08897922 0.14826071
vt 0.07485094 0.00434768
vt 0.08897922 0.00903076
vt 0.08419248 0.04813105
vt 0.07517903 0.15395224
vt 0.02465795 0.00045955
vt 0.92253417 0.48568422
vt 0.93852329 0.48516417
vt 0.93422043 0.46572953
vt 0.91352165 0.46154451
vt 0.90533066 0.48585796
vt 0.93165189 0.43440270
vt 0.91651767 0.43626142
vt 0.90414411 0.51058543
vt 0.92951703 0.54205799
vt 0.91678333 0.55372542
vt 0.94158071 0.55273634
vt 0.89715534 0.43743551
vt 0.89827651 0.55376840
vt 0.88994169 0.45714521
vt 0.88843721 0.48622990
vt 0.91594827 0.42985195
vt 0.89522564 0.42968750
vt 0.94784653 0.49884415
vt 0.95438123 0.54895675
vt 0.94626623 0.45361495
vt 0.94785106 0.43493450
vt 0.95438123 0.48267519
vt 0.83801454 0.57462186
vt 0.80314583 0.58907533
vt 0.83993798 0.59380966
vt 0.88764060 0.57497352
vt 0.88595051 0.58591545
vt 0.87377077 0.61052108
vt 0.88722360 0.60153806
vt 0.81872886 0.55635709
vt 0.86812979 0.55436862
vt 0.88843721 0.54680240
vt 0.88477468 0.62295336
vt 0.77999490 0.56830502
vt 0.77547437 0.59120721
vt 0.77898395 0.54966825
vt 0.84087253 0.54713237
vt 0.85598218 0.62957907
vt 0.84509170 0.61007470
vt 0.86721569 0.66649091
vt 0.88574159 0.64738417
vt 0.88153434 0.67534351
vt 0.86835295 0.53293693
vt 0.86093909 0.67893809
vt 0.86855090 0.69806987
vt 0.88326150 0.69650435
vt 0.77642053 0.60813063
vt 0.88843721 0.67493391
vt 0.78989011 0.54016876
vt 0.83363777 0.60747480
vt 0.82583332 0.53768897
vt 0.88699257 0.53054380
vt 0.80776602 0.61222422
vt 0.77280939 0.55065829
vt 0.83889741 0.61775494
vt 0.85132486 0.64181316
vt 0.77842510 0.52527571
vt 0.20470406 0.60814166
vt 0.21945521 0.61102754
vt 0.20493047 0.64659929
vt 0.21996386 0.64648432
vt 0.17389341 0.64659929
vt 0.17407665 0.61084700
vt 0.21715528 0.60013652
vt 0.17530291 0.59696692
vt 0.82949424 0.33663416
vt 0.86475593 0.35089248
vt 0.85419661 0.32605112
vt 0.83706307 0.31092966
vt 0.86134315 0.26350760
vt 0.83795357 0.26498860
vt 0.87014318 0.32956874
vt 0.83507794 0.35246098
vt 0.86611831 0.37805170
vt 0.85024792 0.38331503
vt 0.82808346 0.37569529
vt 0.81071973 0.34481657
vt 0.83926839 0.38800836
vt 0.82155734 0.38431215
vt 0.80464041 0.36629951
vt 0.80359501 0.38217139
vt 0.78514236 0.37684762
vt 0.87711573 0.37657571
vt 0.88187754 0.34614265
vt 0.88934058 0.37845534
vt 0.87914401 0.26388162
vt 0.79019731 0.35674286
vt 0.78742218 0.38602972
vt 0.86651057 0.38725823
vt 0.81756997 0.27216578
vt 0.75441355 0.37645221
vt 0.75426668 0.35984397
vt 0.74480575 0.36398482
vt 0.88540000 0.38630223
vt 0.88519275 0.31006372
vt 0.81991309 0.32455909
vt 0.88934058 0.33042473
vt 0.74698967 0.37655342
vt 0.80400711 0.38924634
vt 0.80622894 0.25965071
vt 0.80641520 0.26837850
vt 0.92534268 0.31723762
vt 0.93512774 0.32319331
vt 0.94605583 0.31661928
vt 0.91237646 0.34167397
vt 0.92802870 0.35328609
vt 0.95285350 0.34203553
vt 0.96697551 0.31737185
vt 0.96636879 0.34476197
vt 0.96214885 0.28420734
vt 0.93741882 0.28671622
vt 0.93454629 0.30223787
vt 0.91819853 0.29447627
vt 0.89300573 0.32102865
vt 0.92226785 0.27594435
vt 0.94858038 0.27491879
vt 0.91560411 0.30667222
vt 0.89476275 0.30849028
vt 0.90980411 0.27166140
vt 0.96973801 0.27727056
vt 0.92709792 0.30976510
vt 0.90613902 0.29937345
vt 0.89778751 0.29364800
vt 0.94612950 0.35730749
vt 0.91493541 0.25781250
vt 0.89024389 0.27093089
vt 0.93300325 0.36167276
vt 0.96973801 0.35461801
vt 0.94203085 0.71836901
vt 0.94553548 0.70428342
vt 0.93437523 0.69882393
vt 0.91839612 0.72486991
vt 0.91427541 0.69182348
vt 0.90585405 0.70601237
vt 0.89847940 0.71752799
vt 0.91825312 0.74383694
vt 0.94672543 0.73537284
vt 0.92555451 0.75404501
vt 0.90980083 0.68598276
vt 0.88663054 0.70677698
vt 0.95167118 0.72360861
vt 0.91630423 0.67411947
vt 0.90862864 0.73731691
vt 0.95167118 0.66761553
vt 0.92451710 0.65624344
vt 0.91635883 0.65395218
vt 0.93299419 0.76516545
vt 0.95150524 0.75597858
vt 0.99140942 0.76242626
vt 0.94896114 0.77805716
vt 0.97790915 0.78360224
vt 0.95424128 0.75203383
vt 0.98227257 0.73956072
vt 0.96211529 0.72288603
vt 0.99059659 0.72688395
vt 0.99745089 0.74167079
vt 0.99368411 0.79439479
vt 0.95193660 0.80043477
vt 0.98889589 0.81168884
vt 0.95750809 0.81729835
vt 0.96132886 0.82982779
vt 0.99424011 0.83085960
vt 0.96641707 0.83961397
vt 0.99954832 0.80441707
vt 0.99954832 0.72486389
vt 0.62594408 0.27392370
vt 0.62854105 0.30263853
vt 0.59832221 0.30626249
vt 0.59496200 0.27711487
vt 0.57618159 0.28878802
vt 0.65169048 0.29709524
vt 0.64486825 0.31131697
vt 0.64522654 0.27159929
vt 0.65294731 0.27925539
vt 0.56526303 0.30275071
vt 0.57942957 0.32124949
vt 0.67196006 0.30668211
vt 0.65638310 0.32170886
vt 0.55686617 0.31851995
vt 0.56886292 0.33685660
vt 0.56369287 0.28907430
vt 0.56773740 0.28159237
vt 0.54878050 0.33501303
vt 0.66560203 0.32820398
vt 0.68428183 0.32248187
vt 0.66120780 0.28774309
vt 0.67661065 0.33685660
vt 0.45793009 0.47146070
vt 0.47263011 0.50322390
vt 0.45732746 0.49904931
vt 0.47596252 0.47263074
vt 0.46476573 0.53482312
vt 0.47875535 0.50898522
vt 0.48086181 0.53814340
vt 0.44304040 0.53814340
vt 0.44252598 0.46967137
vt 0.43723211 0.49010813
vt 0.46369264 0.45104337
vt 0.44955373 0.44894046
vt 0.47389957 0.42535496
vt 0.44947749 0.42217457
vt 0.45920861 0.41590071
vt 0.48069239 0.45115465
vt 0.43144670 0.42389011
vt 0.43141395 0.45630395
vt 0.42592594 0.53557944
vt 0.48677230 0.47593737
vt 0.49195257 0.52133316
vt 0.48082653 0.41930199
vt 0.49909666 0.53788424
vt 0.49848801 0.42482734
vt 0.16316338 0.78717506
vt 0.17660344 0.78374749
vt 0.16214995 0.75229782
vt 0.17660344 0.75507194
vt 0.16936231 0.79539216
vt 0.17457360 0.79549634
vt 0.92336202 0.60756224
vt 0.95010257 0.61498374
vt 0.92819697 0.62621236
vt 0.90472043 0.60407364
vt 0.90041965 0.63319212
vt 0.95266759 0.59158611
vt 0.97984505 0.59403110
vt 0.91455996 0.57201433
vt 0.94219780 0.58390218
vt 0.89562005 0.59559488
vt 0.97935194 0.61498278
vt 0.90430140 0.57132232
vt 0.88934058 0.63648897
vt 0.94793355 0.63648897
vt 0.97591424 0.63231623
vt 0.95057684 0.57123160
vt 0.97251236 0.57902688
vt 0.99226379 0.58001053
vt 0.99232161 0.59487456
vt 0.98229641 0.63071996
vt 0.89197165 0.58001453
vt 0.20903233 0.27919084
vt 0.23415448 0.27805209
vt 0.20916389 0.30198205
vt 0.24105251 0.30560660
vt 0.19355929 0.27853119
vt 0.19500567 0.30447340
vt 0.21539402 0.27178568
vt 0.24887082 0.27271181
vt 0.23417072 0.26516545
vt 0.18286516 0.27194858
vt 0.17450126 0.30560660
vt 0.16576332 0.27862549
vt 0.78758949 0.64804620
vt 0.79541302 0.63301200
vt 0.81915849 0.64902312
vt 0.82549715 0.62245673
vt 0.76823586 0.64512813
vt 0.77032375 0.66082186
vt 0.81388706 0.66249835
vt 0.83037716 0.66893452
vt 0.79017490 0.67198217
vt 0.83062333 0.64346987
vt 0.76993108 0.67784929
vt 0.81341887 0.67784929
vt 0.76527655 0.62049758
vt 0.82200485 0.61534929
vt 0.75835592 0.66947132
vt 0.69900036 0.92164642
vt 0.71513677 0.93536198
vt 0.69495821 0.93964672
vt 0.70547587 0.94659829
vt 0.68369812 0.95336062
vt 0.72077137 0.92013347
vt 0.70010006 0.90664393
vt 0.70987046 0.97025055
vt 0.71807778 0.97370964
vt 0.67062026 0.97448754
vt 0.67531711 0.95088196
vt 0.65224600 0.96388435
vt 0.64001805 0.94097817
vt 0.65173966 0.92433119
vt 0.66768134 0.91797012
vt 0.68520135 0.93150091
vt 0.67529368 0.90163308
vt 0.68765223 0.90248233
vt 0.65599191 0.91189528
vt 0.64677823 0.97840071
vt 0.71351975 0.97840071
vt 0.69339162 0.91467690
vt 0.68725008 0.92304707
vt 0.72764230 0.93194282
vt 0.72292697 0.90500116
vt 0.68094975 0.88005513
vt 0.69521505 0.93148953
vt 0.03926990 0.51966017
vt 0.05821773 0.49943864
vt 0.06823177 0.51925004
vt 0.04110122 0.48893052
vt 0.07376426 0.47634679
vt 0.06084074 0.44581538
vt 0.04604173 0.48335564
vt 0.04429508 0.47493589
vt 0.04674742 0.43723887
vt 0.08010313 0.44499022
vt 0.03615474 0.43907571
vt 0.07905925 0.47512364
vt 0.08150197 0.52002549
vt 0.03099125 0.46457791
vt 0.04809725 0.42876840
vt 0.01573289 0.43781662
vt 0.04375699 0.52821308
vt 0.07251665 0.52712387
vt 0.04817625 0.55395126
vt 0.07004591 0.55013704
vt 0.06210311 0.56107157
vt 0.02916314 0.52846897
vt 0.02822681 0.55447108
vt 0.02954050 0.56112134
vt 0.08717254 0.55512989
vt 0.01391982 0.51932424
vt 0.01841111 0.49305701
vt 0.01895311 0.52844214
vt 0.01121085 0.47130978
vt 0.00587173 0.55528784
vt 0.00937334 0.56107157
vt 0.02958140 0.48227012
vt 0.86793792 0.42597991
vt 0.87730992 0.44748855
vt 0.88315868 0.44167948
vt 0.87921757 0.42279518
vt 0.86578995 0.40998280
vt 0.84794670 0.41946119
vt 0.88663054 0.47764266
vt 0.87876260 0.48454970
vt 0.83690935 0.41616392
vt 0.85040045 0.40008610
vt 0.83178228 0.39935660
vt 0.81696588 0.40645826
vt 0.81954813 0.41868335
vt 0.79494280 0.42326570
vt 0.80879068 0.42766392
vt 0.79970372 0.43915987
vt 0.79789299 0.41276670
vt 0.88396525 0.48899257
vt 0.86260849 0.50544447
vt 0.88135612 0.50676584
vt 0.86947817 0.51631045
vt 0.86152005 0.52408761
vt 0.85085440 0.51205397
vt 0.83724082 0.52895218
vt 0.82282931 0.52138853
vt 0.82598120 0.50918376
vt 0.80672586 0.51040775
vt 0.81049705 0.49893308
vt 0.79330224 0.49195397
vt 0.80172211 0.48541021
vt 0.78364950 0.46090508
vt 0.79668254 0.45791185
vt 0.78766644 0.42904401
vt 0.86136997 0.42900026
vt 0.87080228 0.44317639
vt 0.87081206 0.46670169
vt 0.86992562 0.40647316
vt 0.88663054 0.44127005
vt 0.81617951 0.52627867
vt 0.80245310 0.51569921
vt 0.78858942 0.49633229
vt 0.94375241 0.39994049
vt 0.97093415 0.38731527
vt 0.97361052 0.40726608
vt 0.94652271 0.38204426
vt 0.96641558 0.37159133
vt 0.94025183 0.36628610
vt 0.96453851 0.42468965
vt 0.92547423 0.37346119
vt 0.94790500 0.42693019
vt 0.98133558 0.35962164
vt 0.99140823 0.41736639
vt 0.99477720 0.38195074
vt 0.96780002 0.35799634
vt 0.95089597 0.36213040
vt 0.98953980 0.42693019
vt 0.99593496 0.36030984
vt 0.50023496 0.83283240
vt 0.50478369 0.80687237
vt 0.48557198 0.82234055
vt 0.48985365 0.79954672
vt 0.50867748 0.78320277
vt 0.52102858 0.79198766
vt 0.48257074 0.84009892
vt 0.49303836 0.85617870
vt 0.51008999 0.85634750
vt 0.50442177 0.86843222
vt 0.54065043 0.88373160
vt 0.53177148 0.77592200
vt 0.51181781 0.77527571
vt 0.52884680 0.79024017
vt 0.54065043 0.79036152
vt 0.47922313 0.83294064
vt 0.49465925 0.78728688
vt 0.48101982 0.81358773
vt 0.04828935 0.27435660
vt 0.03415653 0.26119268
vt 0.04963947 0.24562585
vt 0.03809164 0.24310660
vt 0.05654574 0.25920606
vt 0.06910569 0.25147414
vt 0.03207294 0.27435660
vt 0.02948120 0.25672626
vt 0.02574526 0.24404681
vt 0.09876270 0.75045955
vt 0.07374943 0.77479810
vt 0.06959427 0.76512736
vt 0.10713622 0.76612937
vt 0.11219512 0.75086164
vt 0.05168359 0.78129947
vt 0.05920804 0.78831196
vt 0.12954378 0.76010692
vt 0.13761231 0.78127050
vt 0.04200542 0.80744487
vt 0.05299300 0.80292857
vt 0.14993280 0.77671671
vt 0.15580623 0.79494786
vt 0.14537986 0.80569261
vt 0.15672991 0.80744487
vt 0.14293873 0.76303625
vt 0.04291387 0.78049088
vt 0.12899512 0.75157273
vt 0.94354111 0.10131937
vt 0.95666647 0.11593002
vt 0.95355880 0.09887511
vt 0.94515097 0.12789178
vt 0.96038097 0.10042274
vt 0.96124637 0.13499802
vt 0.95993483 0.15124315
vt 0.94535321 0.15820199
vt 0.96101391 0.17063838
vt 0.97244805 0.16061085
vt 0.96846563 0.17784929
vt 0.96540922 0.08434844
vt 0.94688708 0.07934099
vt 0.96414000 0.06934655
vt 0.95068336 0.06164551
vt 0.96501029 0.05528486
vt 0.95343024 0.04860598
vt 0.97244805 0.03538603
vt 0.95614910 0.03745586
vt 0.31146252 0.02037817
vt 0.30892062 0.04647088
vt 0.30084658 0.03383046
vt 0.29958355 0.05830061
vt 0.31008658 0.06308556
vt 0.30598325 0.09416640
vt 0.32204154 0.08527023
vt 0.29945132 0.09420955
vt 0.29584461 0.05657339
vt 0.29667574 0.04656750
vt 0.29898632 0.02342796
vt 0.30998862 0.01594996
vt 0.32204154 0.00586927
vt 0.30578256 0.01138365
vt 0.31632534 0.00045955
vt 0.32686526 0.12525856
vt 0.33920506 0.11618865
vt 0.30890021 0.11716342
vt 0.30578139 0.12877858
vt 0.33920506 0.13537967
vt 0.33210531 0.14108455
vt 0.30913186 0.11006832
vt 0.32482412 0.10423183
vt 0.33575186 0.09788603
vt 0.86385107 0.19941354
vt 0.82880902 0.19566977
vt 0.85030109 0.18519908
vt 0.82846391 0.18071854
vt 0.85173196 0.15789211
vt 0.87526542 0.17533576
vt 0.82178098 0.16095781
vt 0.82630092 0.14682001
vt 0.86386973 0.15046728
vt 0.87740237 0.16228092
vt 0.81345981 0.14568013
vt 0.88650781 0.17538178
vt 0.88519049 0.14923489
vt 0.89099187 0.15799749
vt 0.86992007 0.19599813
vt 0.82229984 0.18085700
vt 0.92967689 0.17730463
vt 0.92711300 0.22095728
vt 0.90186995 0.19782835
vt 0.93774754 0.21087760
vt 0.91759640 0.15731156
vt 0.93272644 0.15860826
vt 0.88299221 0.20070326
vt 0.88586551 0.23020661
vt 0.89533544 0.23935151
vt 0.92883235 0.23806578
vt 0.87442756 0.22341633
vt 0.93812102 0.17816949
vt 0.85282952 0.20991880
vt 0.86431193 0.23219967
vt 0.82823569 0.21278489
vt 0.82010728 0.22535157
vt 0.85600483 0.23917067
vt 0.86941123 0.24293453
vt 0.87794691 0.23501641
vt 0.82400906 0.24402571
vt 0.81415176 0.23804331
vt 0.85706627 0.24402571
vt 0.99412829 0.19185716
vt 0.98653662 0.17191100
vt 0.97999048 0.18708038
vt 0.99236292 0.22224605
vt 0.97198677 0.20301121
vt 0.96382946 0.21533263
vt 0.97993636 0.14843750
vt 0.98998660 0.16526639
vt 0.99209917 0.17014712
vt 0.96598703 0.23024774
vt 0.95076782 0.22768563
vt 0.95660406 0.23301035
vt 0.99412829 0.24402571
vt 0.97347271 0.24349499
vt 0.10343270 0.08311057
vt 0.11849073 0.10948402
vt 0.11803735 0.08443725
vt 0.10494443 0.11834246
vt 0.12149955 0.12178308
vt 0.11420267 0.07483125
vt 0.12149955 0.07420838
vt 0.11547360 0.06295955
vt 0.87645632 0.09827101
vt 0.88173741 0.07389987
vt 0.87104249 0.06104851
vt 0.89098275 0.04307985
vt 0.88196564 0.04365635
vt 0.88422620 0.08204323
vt 0.88766831 0.09904784
vt 0.89650410 0.11493266
vt 0.88773721 0.12005687
vt 0.90548044 0.13807172
vt 0.91554856 0.12933451
vt 0.92599934 0.14843750
vt 0.94263774 0.14785749
vt 0.86977559 0.10303587
vt 0.86495030 0.07903582
vt 0.89306748 0.06211478
vt 0.90032524 0.04738986
vt 0.90180802 0.03258145
vt 0.91496032 0.03700703
vt 0.90288901 0.02605325
vt 0.92247027 0.03184682
vt 0.94263774 0.04026091
vt 0.92607081 0.02668166
vt 0.92807776 0.02159929
vt 0.47113830 0.59053689
vt 0.44614473 0.59295481
vt 0.45275828 0.58237761
vt 0.44984341 0.57739556
vt 0.43272498 0.58725619
vt 0.46488482 0.57389033
vt 0.43746039 0.59743232
vt 0.47356424 0.58560878
vt 0.48099849 0.57031250
vt 0.49450222 0.59119976
vt 0.50237072 0.57050467
vt 0.50903344 0.59773910
vt 0.41869918 0.60267079
vt 0.48671931 0.59626794
vt 0.50063187 0.60707718
vt 0.42642736 0.60707718
vt 0.15745756 0.98920721
vt 0.17208672 0.96920955
vt 0.16574922 0.97447014
vt 0.17208672 0.99672061
vt 0.12872629 0.98961776
vt 0.16960464 0.99862134
vt 0.14197822 0.97757024
vt 0.21183379 0.69840711
vt 0.17750677 0.69143897
vt 0.19503610 0.70794904
vt 0.20717064 0.68892944
vt 0.21136507 0.72012866
vt 0.21183379 0.66957718
vt 0.18033640 0.70291877
vt 0.18224876 0.70895588
vt 0.19830959 0.71361363
vt 0.97244805 0.25681144
vt 0.97333014 0.28831065
vt 0.98651582 0.28079200
vt 0.97572887 0.30324692
vt 0.98961157 0.25505519
vt 0.98961157 0.30744481
vt 0.56068140 0.65817857
vt 0.56622684 0.66816902
vt 0.55897564 0.69814605
vt 0.56590110 0.69853783
vt 0.56029373 0.70638883
vt 0.55041611 0.70574480
vt 0.55393124 0.69798756
vt 0.51362824 0.67975068
vt 0.52235585 0.70621061
vt 0.51390052 0.70407182
vt 0.51605719 0.72667360
vt 0.52616966 0.72067541
vt 0.52639121 0.74027693
vt 0.51440668 0.74582970
vt 0.55112797 0.73341930
vt 0.54675585 0.74748564
vt 0.56106406 0.74546307
vt 0.49019843 0.72377127
vt 0.49778542 0.69940579
vt 0.46685901 0.71989536
vt 0.50486034 0.67678064
vt 0.48733070 0.67732203
vt 0.46065453 0.70809579
vt 0.46475857 0.67508167
vt 0.44509369 0.69818133
vt 0.44220686 0.71896750
vt 0.44265330 0.73945934
vt 0.43766937 0.67632580
vt 0.44324586 0.75386369
vt 0.48616019 0.74717277
vt 0.55982947 0.72344464
vt 0.59252560 0.74217087
vt 0.59184474 0.72525376
vt 0.62135941 0.73575777
vt 0.62093139 0.69316655
vt 0.62058818 0.75458747
vt 0.60068351 0.68247050
vt 0.60231411 0.67475075
vt 0.59361404 0.75959611
vt 0.58551300 0.65035874
vt 0.62081963 0.66812789
vt 0.44440195 0.64572066
vt 0.62231618 0.63186234
vt 0.45975927 0.65018487
vt 0.51556575 0.65386605
vt 0.49737599 0.63800931
vt 0.46787605 0.63635045
vt 0.44381839 0.61802584
vt 0.56143689 0.65646076
vt 0.56132525 0.63529056
vt 0.62168193 0.62231356
vt 0.59879225 0.61172354
vt 0.51794469 0.63431197
vt 0.47358474 0.62229133
vt 0.44292760 0.60518378
vt 0.44686449 0.60052371
vt 0.46352834 0.60597456
vt 0.62203372 0.60009563
vt 0.48455551 0.60827041
vt 0.56159115 0.61533356
vt 0.55218267 0.61935467
vt 0.55180293 0.65279359
vt 0.52789050 0.62523705
vt 0.52769428 0.65138078
vt 0.51704937 0.61138356
vt 0.52827376 0.60588908
vt 0.61362290 0.67726147
vt 0.62017399 0.76332718
vt 0.55491984 0.76181716
vt 0.55886590 0.59696692
vt 0.52264863 0.76332718
vt 0.60736531 0.67893392
vt 0.62285459 0.69113243
vt 0.30040690 0.64936250
vt 0.31680959 0.65120047
vt 0.31282228 0.65660578
vt 0.30411270 0.66259795
vt 0.30909285 0.64364606
vt 0.28712678 0.66593063
vt 0.29558310 0.67566252
vt 0.28231424 0.64565915
vt 0.29236421 0.63186282
vt 0.28221056 0.62046933
vt 0.29086936 0.59899670
vt 0.27724174 0.60478985
vt 0.27481648 0.59248978
vt 0.30043599 0.60171682
vt 0.27868199 0.66528684
vt 0.28917417 0.58359909
vt 0.31083930 0.62832022
vt 0.27402478 0.64487290
vt 0.32115474 0.60725516
vt 0.30622476 0.59170878
vt 0.27295887 0.62499976
vt 0.32925195 0.62181944
vt 0.33125788 0.59276891
vt 0.28548220 0.68267107
vt 0.27814507 0.68470681
vt 0.26494333 0.67017847
vt 0.26898646 0.69228643
vt 0.24845096 0.68230087
vt 0.34873500 0.60075808
vt 0.26206136 0.64541805
vt 0.38833660 0.61727393
vt 0.39836296 0.60026675
vt 0.37109777 0.58648026
vt 0.24836227 0.66150057
vt 0.40646192 0.62566644
vt 0.39902017 0.58847266
vt 0.25688711 0.61606365
vt 0.26362866 0.61183572
vt 0.33858341 0.57582718
vt 0.23652937 0.67213112
vt 0.25838131 0.59439623
vt 0.40662283 0.59072894
vt 0.21273713 0.69846892
vt 0.23256448 0.70219624
vt 0.32814303 0.64316577
vt 0.33020031 0.65223074
vt 0.34800935 0.65461957
vt 0.33216268 0.68605244
vt 0.32366154 0.70176959
vt 0.35357031 0.70582199
vt 0.34382439 0.67912823
vt 0.37157306 0.69208163
vt 0.36790541 0.71554661
vt 0.37815601 0.72348428
vt 0.39766410 0.71083969
vt 0.39710817 0.68693650
vt 0.31083134 0.70889336
vt 0.27970025 0.69217694
vt 0.29617032 0.71779180
vt 0.26696366 0.70108873
vt 0.26044768 0.72121429
vt 0.28608114 0.73401999
vt 0.25092590 0.73604333
vt 0.40735000 0.73938054
vt 0.37954071 0.74559426
vt 0.28289676 0.74781525
vt 0.25824508 0.70714617
vt 0.37777764 0.64415812
vt 0.33907673 0.66131288
vt 0.31692484 0.67497176
vt 0.25025699 0.74437839
vt 0.33062261 0.71596807
vt 0.40516660 0.65500003
vt 0.30101490 0.72544408
vt 0.31519198 0.73029530
vt 0.36159676 0.73302311
vt 0.35046664 0.71656621
vt 0.29332945 0.73679972
vt 0.32113460 0.74341172
vt 0.30899528 0.74352676
vt 0.35379511 0.74307162
vt 0.36315197 0.74953663
vt 0.40805411 0.75045955
vt 0.24956504 0.72260195
vt 0.37238702 0.73091000
vt 0.41327915 0.72757185
vt 0.30003110 0.75045955
vt 0.41323575 0.68592680
vt 0.64918780 0.64291763
vt 0.64243805 0.62909847
vt 0.63331485 0.64168906
vt 0.65085816 0.61920595
vt 0.62827462 0.62834072
vt 0.63964510 0.65729934
vt 0.65085816 0.66865808
vt 0.63627714 0.60707718
vt 0.43982810 0.91615915
vt 0.42286706 0.91377002
vt 0.42017642 0.90395218
vt 0.45253852 0.90936929
vt 0.45255524 0.92182589
vt 0.39609879 0.92124099
vt 0.38724855 0.91538876
vt 0.38363129 0.93490529
vt 0.37104332 0.93316722
vt 0.37809676 0.94955522
vt 0.37735599 0.95748204
vt 0.46795598 0.91753328
vt 0.45856181 0.92669338
vt 0.47377571 0.93895173
vt 0.46413761 0.94012177
vt 0.46648034 0.95687014
vt 0.48012647 0.95668739
vt 0.46549290 0.96677935
vt 0.37082204 0.96478486
vt 0.38433138 0.97840071
vt 0.47347423 0.97840071
vt 0.37459219 0.91583616
vt 0.43101114 0.02479553
vt 0.44046435 0.01225156
vt 0.42629203 0.01739770
vt 0.45973733 0.01997900
vt 0.45889711 0.03354782
vt 0.49186993 0.03267729
vt 0.42559505 0.03247464
vt 0.41418248 0.02781540
vt 0.49186993 0.01701587
vt 0.45969099 0.01148897
vt 0.43143561 0.94563484
vt 0.42559096 0.93441957
vt 0.42167777 0.95370257
vt 0.44399276 0.92233455
vt 0.43580052 0.96788430
vt 0.43231151 0.98391545
vt 0.44399276 0.98106813
vt 0.41953689 0.97441256
vt 0.41598916 0.95328957
vt 0.68001205 0.74770218
vt 0.68367934 0.75984842
vt 0.68875366 0.74776989
vt 0.70338303 0.76043391
vt 0.66198254 0.75324446
vt 0.65627825 0.77068013
vt 0.71697509 0.75799423
vt 0.72312558 0.77068013
vt 0.71443629 0.19806987
vt 0.70606387 0.18794203
vt 0.69677311 0.19680929
vt 0.69602531 0.15512335
vt 0.70806944 0.15598500
vt 0.70555139 0.14173299
vt 0.71949750 0.17113084
vt 0.71981519 0.14925444
vt 0.72131890 0.13123572
vt 0.71527326 0.12270218
vt 0.72131890 0.19404793
vt 0.70263052 0.12623084
vt 0.91003674 0.06755513
vt 0.91282743 0.07674634
vt 0.89806193 0.07112283
vt 0.89295393 0.07674634
vt 0.50215423 0.47094679
vt 0.50469011 0.46398067
vt 0.49907324 0.46487033
vt 0.52077687 0.46366930
vt 0.51234663 0.45358455
vt 0.48735321 0.46908712
vt 0.49141076 0.48005390
vt 0.52077687 0.48242247
vt 0.50855970 0.49224126
vt 0.49222252 0.48764044
vt 0.52015764 0.50137866
vt 0.64724481 0.79273897
vt 0.66350496 0.79273897
vt 0.65794182 0.78722429
vt 0.57862496 0.05193013
vt 0.58225518 0.08409929
vt 0.56091458 0.07388580
vt 0.55510390 0.05363226
vt 0.59214091 0.05449790
vt 0.56597966 0.08409929
vt 0.97335142 0.46277571
vt 0.99954832 0.46277571
vt 0.97528344 0.44623160
vt 0.99691308 0.44754320
vt 0.38888890 0.23575366
vt 0.41779584 0.23575366
vt 0.40886161 0.22840071
f 611/611 610/610 627/627
f 631/631 611/611 627/627
f 630/630 611/611 631/631
f 619/619 611/611 630/630
f 609/609 610/610 611/611
f 609/609 612/612 610/610
f 619/619 609/609 611/611
f 1117/1117 1088/1088 1119/1119
f 1088/1088 1092/1092 1119/1119
f 1119/1119 1092/1092 1120/1120
f 1120/1120 1092/1092 1121/1121
f 1092/1092 1093/1093 1121/1121
f 632/632 610/610 617/617
f 627/627 610/610 632/632
f 629/629 619/619 630/630
f 626/626 619/619 629/629
f 617/617 612/612 618/618
f 617/617 610/610 612/612
f 619/619 626/626 620/620
f 609/609 619/619 615/615
f 620/620 615/615 619/619
f 609/609 613/613 612/612
f 615/615 613/613 609/609
f 1099/1099 1087/1087 1117/1117
f 1087/1087 1088/1088 1117/1117
f 1088/1088 1090/1090 1092/1092
f 1093/1093 1092/1092 1090/1090
f 1121/1121 1093/1093 1118/1118
f 632/632 628/628 636/636
f 617/617 628/628 632/632
f 630/630 640/640 639/639
f 630/630 639/639 629/629
f 635/635 628/628 618/618
f 617/617 618/618 628/628
f 618/618 612/612 614/614
f 626/626 625/625 620/620
f 613/613 614/614 612/612
f 637/637 636/636 628/628
f 637/637 628/628 635/635
f 1422/1422 1432/1432 1426/1426
f 633/633 626/626 629/629
f 625/625 626/626 633/633
f 616/616 614/614 613/613
f 624/624 616/616 613/613
f 615/615 624/624 613/613
f 624/624 615/615 623/623
f 615/615 620/620 623/623
f 623/623 620/620 625/625
f 1088/1088 1087/1087 1086/1086
f 1093/1093 1090/1090 1094/1094
f 1118/1118 1093/1093 1094/1094
f 1087/1087 1099/1099 1098/1098
f 629/629 638/638 633/633
f 1614/1614 1605/1605 1608/1608
f 1609/1609 1605/1605 1614/1614
f 618/618 614/614 622/622
f 634/634 625/625 633/633
f 622/622 614/614 621/621
f 621/621 614/614 616/616
f 559/559 540/540 542/542
f 559/559 533/533 540/540
f 539/539 531/531 562/562
f 562/562 531/531 532/532
f 1090/1090 1088/1088 1086/1086
f 1422/1422 1418/1418 1423/1423
f 1418/1418 1417/1417 1423/1423
f 1427/1427 1423/1423 1417/1417
f 533/533 529/529 540/540
f 533/533 528/528 529/529
f 532/532 528/528 533/533
f 1118/1118 1094/1094 1144/1144
f 1433/1433 1430/1430 1426/1426
f 1610/1610 1608/1608 1607/1607
f 1608/1608 1605/1605 1607/1607
f 542/542 540/540 541/541
f 532/532 531/531 528/528
f 1090/1090 1086/1086 1089/1089
f 1094/1094 1090/1090 1095/1095
f 1102/1102 1094/1094 1095/1095
f 1087/1087 1098/1098 1083/1083
f 1094/1094 1102/1102 1144/1144
f 1615/1615 1613/1613 1628/1628
f 1430/1430 1429/1429 1426/1426
f 1615/1615 1610/1610 1613/1613
f 1426/1426 1429/1429 1420/1420
f 1420/1420 1422/1422 1426/1426
f 1610/1610 1607/1607 1613/1613
f 1422/1422 1420/1420 1418/1418
f 541/541 564/564 542/542
f 1087/1087 1083/1083 1086/1086
f 1090/1090 1089/1089 1091/1091
f 1095/1095 1090/1090 1091/1091
f 1425/1425 1429/1429 1430/1430
f 2137/2137 2134/2134 2136/2136
f 2133/2133 2136/2136 2134/2134
f 2136/2136 2133/2133 2140/2140
f 1419/1419 1418/1418 1420/1420
f 1605/1605 1604/1604 1601/1601
f 1411/1411 1417/1417 1418/1418
f 1605/1605 1609/1609 1604/1604
f 1604/1604 1609/1609 1611/1611
f 563/563 564/564 541/541
f 539/539 535/535 531/531
f 539/539 545/545 535/535
f 529/529 528/528 527/527
f 1145/1145 1102/1102 1104/1104
f 1102/1102 1145/1145 1144/1144
f 1429/1429 1425/1425 1424/1424
f 1714/1714 1715/1715 1710/1710
f 1613/1613 1607/1607 1631/1631
f 2138/2138 2133/2133 2135/2135
f 2133/2133 2134/2134 2135/2135
f 1714/1714 1710/1710 1708/1708
f 2133/2133 2138/2138 2139/2139
f 2139/2139 2140/2140 2133/2133
f 1419/1419 1411/1411 1418/1418
f 540/540 534/534 541/541
f 534/534 540/540 529/529
f 531/531 535/535 530/530
f 1417/1417 1415/1415 1427/1427
f 528/528 530/530 525/525
f 531/531 530/530 528/528
f 1100/1100 1102/1102 1095/1095
f 1109/1109 1083/1083 1098/1098
f 1100/1100 1095/1095 1091/1091
f 1613/1613 1631/1631 1628/1628
f 1713/1713 1708/1708 1707/1707
f 1707/1707 1708/1708 1709/1709
f 1708/1708 1710/1710 1709/1709
f 1424/1424 1409/1409 1428/1428
f 2144/2144 2145/2145 2146/2146
f 1607/1607 1605/1605 1606/1606
f 2139/2139 2142/2142 2141/2141
f 2140/2140 2139/2139 2141/2141
f 1606/1606 1605/1605 1601/1601
f 2140/2140 2141/2141 2143/2143
f 1102/1102 1103/1103 1104/1104
f 1104/1104 1103/1103 1105/1105
f 1105/1105 1143/1143 1104/1104
f 1102/1102 1100/1100 1103/1103
f 1104/1104 1143/1143 1145/1145
f 1425/1425 1421/1421 1424/1424
f 1424/1424 1421/1421 1409/1409
f 1603/1603 1631/1631 1606/1606
f 1606/1606 1631/1631 1607/1607
f 1707/1707 1709/1709 1711/1711
f 1411/1411 1428/1428 1409/1409
f 1709/1709 1712/1712 1711/1711
f 1417/1417 1411/1411 1415/1415
f 528/528 525/525 527/527
f 1105/1105 1146/1146 1143/1143
f 1628/1628 1631/1631 1626/1626
f 1409/1409 1410/1410 1411/1411
f 1601/1601 1604/1604 1602/1602
f 1103/1103 1100/1100 1101/1101
f 1089/1089 1086/1086 1085/1085
f 1109/1109 1106/1106 1083/1083
f 1089/1089 1096/1096 1091/1091
f 1091/1091 1096/1096 1097/1097
f 1097/1097 1100/1100 1091/1091
f 1631/1631 1603/1603 1626/1626
f 1411/1411 1410/1410 1414/1414
f 1604/1604 1612/1612 1602/1602
f 1611/1611 1612/1612 1604/1604
f 541/541 546/546 563/563
f 544/544 535/535 545/545
f 1101/1101 1100/1100 1097/1097
f 1105/1105 1103/1103 1146/1146
f 1603/1603 1606/1606 1601/1601
f 1414/1414 1410/1410 1413/1413
f 1416/1416 1415/1415 1414/1414
f 1415/1415 1411/1411 1414/1414
f 534/534 529/529 527/527
f 530/530 537/537 525/525
f 1086/1086 1083/1083 1085/1085
f 1089/1089 1085/1085 1096/1096
f 1103/1103 1101/1101 1147/1147
f 1147/1147 1146/1146 1103/1103
f 1421/1421 1412/1412 1409/1409
f 1410/1410 1409/1409 1412/1412
f 541/541 534/534 546/546
f 527/527 526/526 534/534
f 525/525 537/537 538/538
f 530/530 536/536 537/537
f 536/536 535/535 543/543
f 536/536 530/530 535/535
f 525/525 526/526 527/527
f 525/525 538/538 526/526
f 1097/1097 1147/1147 1101/1101
f 1147/1147 1153/1153 1146/1146
f 1412/1412 1413/1413 1410/1410
f 543/543 535/535 544/544
f 1083/1083 1084/1084 1085/1085
f 1084/1084 1083/1083 1106/1106
f 1149/1149 1148/1148 1097/1097
f 1097/1097 1148/1148 1147/1147
f 1625/1625 1626/1626 1603/1603
f 1600/1600 1625/1625 1603/1603
f 1147/1147 1148/1148 1151/1151
f 1603/1603 1601/1601 1600/1600
f 1600/1600 1601/1601 1602/1602
f 1414/1414 1413/1413 1431/1431
f 1414/1414 1431/1431 1416/1416
f 1435/1435 1416/1416 1431/1431
f 543/543 547/547 536/536
f 547/547 537/537 536/536
f 1084/1084 1112/1112 1085/1085
f 1112/1112 1110/1110 1085/1085
f 1084/1084 1107/1107 1114/1114
f 1084/1084 1114/1114 1112/1112
f 1108/1108 1085/1085 1110/1110
f 1096/1096 1085/1085 1108/1108
f 1084/1084 1106/1106 1107/1107
f 1096/1096 1108/1108 1141/1141
f 1097/1097 1096/1096 1141/1141
f 1141/1141 1149/1149 1097/1097
f 1627/1627 1625/1625 1621/1621
f 1600/1600 1621/1621 1625/1625
f 1616/1616 1621/1621 1600/1600
f 1151/1151 1153/1153 1147/1147
f 1151/1151 1148/1148 1152/1152
f 1600/1600 1602/1602 1616/1616
f 1616/1616 1602/1602 1617/1617
f 1413/1413 1434/1434 1431/1431
f 2147/2147 2149/2149 2150/2150
f 1617/1617 1602/1602 1612/1612
f 543/543 567/567 547/547
f 557/557 565/565 546/546
f 546/546 534/534 557/557
f 537/537 548/548 538/538
f 548/548 537/537 547/547
f 554/554 557/557 534/534
f 526/526 538/538 550/550
f 549/549 554/554 534/534
f 526/526 549/549 534/534
f 550/550 549/549 526/526
f 1148/1148 1149/1149 1152/1152
f 2151/2151 2148/2148 2147/2147
f 2149/2149 2148/2148 2152/2152
f 2147/2147 2148/2148 2149/2149
f 548/548 547/547 566/566
f 567/567 566/566 547/547
f 538/538 548/548 550/550
f 1114/1114 1113/1113 1112/1112
f 1115/1115 1114/1114 1107/1107
f 1108/1108 1123/1123 1141/1141
f 1149/1149 1154/1154 1152/1152
f 2153/2153 2154/2154 2155/2155
f 2154/2154 2156/2156 2155/2155
f 1619/1619 1618/1618 1617/1617
f 566/566 560/560 548/548
f 1112/1112 1113/1113 1111/1111
f 1112/1112 1111/1111 1110/1110
f 1108/1108 1110/1110 1111/1111
f 1115/1115 1113/1113 1114/1114
f 1108/1108 1116/1116 1123/1123
f 1618/1618 1621/1621 1616/1616
f 1141/1141 1150/1150 1149/1149
f 1616/1616 1617/1617 1618/1618
f 554/554 553/553 557/557
f 554/554 549/549 553/553
f 549/549 550/550 551/551
f 556/556 551/551 550/550
f 1108/1108 1111/1111 1116/1116
f 1621/1621 1622/1622 1627/1627
f 1621/1621 1618/1618 1622/1622
f 1149/1149 1150/1150 1154/1154
f 566/566 568/568 560/560
f 1624/1624 1619/1619 1617/1617
f 558/558 565/565 557/557
f 550/550 548/548 560/560
f 553/553 558/558 557/557
f 560/560 556/556 550/550
f 551/551 552/552 549/549
f 1627/1627 1622/1622 1629/1629
f 1123/1123 1150/1150 1141/1141
f 549/549 552/552 553/553
f 1113/1113 1115/1115 1122/1122
f 1622/1622 1630/1630 1629/1629
f 2108/2108 2102/2102 2101/2101
f 1622/1622 1618/1618 1623/1623
f 2107/2107 2105/2105 2102/2102
f 1723/1723 1731/1731 1727/1727
f 1620/1620 1618/1618 1619/1619
f 1620/1620 1619/1619 1624/1624
f 1733/1733 1731/1731 1723/1723
f 1721/1721 1725/1725 1732/1732
f 1723/1723 1720/1720 1733/1733
f 558/558 555/555 561/561
f 558/558 553/553 555/555
f 552/552 555/555 553/553
f 552/552 551/551 555/555
f 1124/1124 1111/1111 1113/1113
f 1125/1125 1111/1111 1124/1124
f 1125/1125 1116/1116 1111/1111
f 2101/2101 2100/2100 2103/2103
f 1113/1113 1122/1122 1124/1124
f 1125/1125 1137/1137 1116/1116
f 1137/1137 1123/1123 1116/1116
f 2100/2100 2101/2101 2102/2102
f 1730/1730 1729/1729 1728/1728
f 1729/1729 1724/1724 1728/1728
f 2104/2104 2102/2102 2105/2105
f 2104/2104 2100/2100 2102/2102
f 1728/1728 1724/1724 1727/1727
f 1727/1727 1724/1724 1723/1723
f 2105/2105 2106/2106 2104/2104
f 1726/1726 1725/1725 1722/1722
f 1724/1724 1719/1719 1723/1723
f 1722/1722 1725/1725 1721/1721
f 1723/1723 1719/1719 1720/1720
f 1717/1717 1722/1722 1721/1721
f 1720/1720 1719/1719 1716/1716
f 1717/1717 1721/1721 1718/1718
f 1719/1719 1717/1717 1716/1716
f 1716/1716 1717/1717 1718/1718
f 1128/1128 1137/1137 1125/1125
f 1127/1127 1124/1124 1136/1136
f 1134/1134 1127/1127 1136/1136
f 1140/1140 1137/1137 1128/1128
f 398/398 384/384 399/399
f 382/382 385/385 384/384
f 762/762 759/759 761/761
f 1125/1125 1124/1124 1126/1126
f 116/116 121/121 118/118
f 388/388 383/383 384/384
f 774/774 775/775 767/767
f 1124/1124 1127/1127 1126/1126
f 398/398 388/388 384/384
f 118/118 115/115 116/116
f 384/384 383/383 382/382
f 765/765 774/774 767/767
f 767/767 761/761 765/765
f 761/761 759/759 760/760
f 760/760 765/765 761/761
f 1125/1125 1126/1126 1128/1128
f 762/762 772/772 759/759
f 1128/1128 1130/1130 1140/1140
f 115/115 119/119 114/114
f 114/114 119/119 128/128
f 1140/1140 1130/1130 1139/1139
f 398/398 395/395 388/388
f 388/388 386/386 383/383
f 116/116 115/115 113/113
f 386/386 381/381 383/383
f 115/115 114/114 113/113
f 382/382 383/383 381/381
f 1128/1128 1126/1126 1130/1130
f 1127/1127 1134/1134 1129/1129
f 765/765 766/766 774/774
f 759/759 772/772 773/773
f 758/758 760/760 759/759
f 386/386 388/388 395/395
f 386/386 387/387 381/381
f 127/127 114/114 128/128
f 381/381 373/373 382/382
f 765/765 760/760 766/766
f 723/723 737/737 724/724
f 723/723 724/724 721/721
f 737/737 736/736 724/724
f 1126/1126 1127/1127 1129/1129
f 1130/1130 1126/1126 1129/1129
f 396/396 386/386 395/395
f 754/754 768/768 766/766
f 754/754 766/766 760/760
f 754/754 760/760 758/758
f 759/759 757/757 758/758
f 773/773 757/757 759/759
f 44/44 31/31 53/53
f 53/53 31/31 52/52
f 31/31 38/38 52/52
f 741/741 723/723 722/722
f 2097/2097 2096/2096 2092/2092
f 2096/2096 2090/2090 2092/2092
f 721/721 722/722 723/723
f 737/737 742/742 736/736
f 721/721 724/724 725/725
f 1267/1267 1270/1270 1255/1255
f 736/736 725/725 724/724
f 1139/1139 1130/1130 1133/1133
f 1139/1139 1133/1133 1142/1142
f 121/121 116/116 120/120
f 116/116 113/113 117/117
f 113/113 114/114 112/112
f 114/114 127/127 112/112
f 773/773 771/771 757/757
f 40/40 34/34 55/55
f 44/44 55/55 34/34
f 44/44 34/34 31/31
f 722/722 720/720 732/732
f 722/722 721/721 720/720
f 1270/1270 1257/1257 1255/1255
f 1268/1268 1267/1267 1254/1254
f 1255/1255 1254/1254 1267/1267
f 1130/1130 1129/1129 1131/1131
f 1134/1134 1135/1135 1129/1129
f 116/116 117/117 120/120
f 381/381 356/356 373/373
f 127/127 131/131 112/112
f 758/758 757/757 754/754
f 732/732 720/720 726/726
f 2090/2090 2091/2091 2092/2092
f 720/720 721/721 719/719
f 720/720 717/717 726/726
f 717/717 720/720 718/718
f 719/719 718/718 720/720
f 1253/1253 1254/1254 1255/1255
f 733/733 718/718 719/719
f 725/725 719/719 721/721
f 725/725 735/735 719/719
f 1254/1254 1258/1258 1268/1268
f 477/477 474/474 484/484
f 474/474 475/475 484/484
f 474/474 477/477 476/476
f 476/476 477/477 482/482
f 472/472 474/474 476/476
f 112/112 91/91 113/113
f 387/387 356/356 381/381
f 92/92 112/112 131/131
f 356/356 353/353 373/373
f 2090/2090 2096/2096 2094/2094
f 726/726 740/740 745/745
f 732/732 726/726 745/745
f 2090/2090 2094/2094 2093/2093
f 2090/2090 2093/2093 2091/2091
f 1253/1253 1255/1255 1257/1257
f 733/733 719/719 735/735
f 1258/1258 1261/1261 1269/1269
f 733/733 716/716 718/718
f 716/716 717/717 718/718
f 716/716 727/727 717/717
f 731/731 716/716 738/738
f 731/731 727/727 716/716
f 730/730 727/727 731/731
f 1662/1662 1660/1660 1661/1661
f 1661/1661 1663/1663 1662/1662
f 1662/1662 1663/1663 1664/1664
f 1664/1664 1663/1663 1647/1647
f 1664/1664 1647/1647 1645/1645
f 494/494 482/482 521/521
f 483/483 475/475 473/473
f 475/475 474/474 473/473
f 473/473 474/474 472/472
f 473/473 469/469 483/483
f 471/471 472/472 476/476
f 472/472 469/469 473/473
f 468/468 469/469 472/472
f 471/471 468/468 472/472
f 396/396 387/387 386/386
f 754/754 748/748 768/768
f 748/748 754/754 746/746
f 746/746 754/754 757/757
f 756/756 746/746 757/757
f 771/771 756/756 757/757
f 38/38 31/31 37/37
f 740/740 726/726 729/729
f 2091/2091 2093/2093 2099/2099
f 1256/1256 1253/1253 1257/1257
f 726/726 717/717 729/729
f 1254/1254 1249/1249 1258/1258
f 717/717 728/728 729/729
f 1261/1261 1258/1258 1249/1249
f 716/716 733/733 743/743
f 743/743 733/733 744/744
f 717/717 727/727 728/728
f 743/743 738/738 716/716
f 727/727 730/730 728/728
f 730/730 734/734 728/728
f 739/739 731/731 738/738
f 1658/1658 1659/1659 1660/1660
f 1661/1661 1660/1660 1659/1659
f 1658/1658 1672/1672 1671/1671
f 1658/1658 1660/1660 1672/1672
f 475/475 483/483 488/488
f 482/482 494/494 481/481
f 476/476 482/482 481/481
f 495/495 481/481 494/494
f 481/481 471/471 476/476
f 468/468 464/464 469/469
f 471/471 467/467 468/468
f 468/468 467/467 464/464
f 1129/1129 1135/1135 1132/1132
f 1130/1130 1131/1131 1133/1133
f 113/113 91/91 117/117
f 387/387 376/376 356/356
f 356/356 350/350 353/353
f 356/356 376/376 350/350
f 768/768 753/753 821/821
f 748/748 753/753 768/768
f 34/34 40/40 32/32
f 1311/1311 1319/1319 1321/1321
f 1312/1312 1311/1311 1321/1321
f 1249/1249 1254/1254 1250/1250
f 1250/1250 1254/1254 1253/1253
f 1321/1321 1322/1322 1312/1312
f 1315/1315 1322/1322 1320/1320
f 1682/1682 1688/1688 1684/1684
f 1645/1645 1647/1647 1646/1646
f 488/488 483/483 490/490
f 469/469 466/466 483/483
f 487/487 483/483 466/466
f 466/466 469/469 464/464
f 471/471 481/481 467/467
f 478/478 467/467 481/481
f 464/464 462/462 466/466
f 463/463 467/467 478/478
f 467/467 463/463 464/464
f 462/462 464/464 463/463
f 1129/1129 1132/1132 1131/1131
f 120/120 122/122 129/129
f 1138/1138 1132/1132 1135/1135
f 117/117 122/122 120/120
f 117/117 91/91 122/122
f 91/91 112/112 92/92
f 353/353 350/350 352/352
f 352/352 360/360 353/353
f 746/746 747/747 748/748
f 43/43 41/41 40/40
f 40/40 41/41 32/32
f 1324/1324 1314/1314 1323/1323
f 1324/1324 1319/1319 1314/1314
f 1252/1252 1250/1250 1253/1253
f 1312/1312 1322/1322 1315/1315
f 1683/1683 1675/1675 1684/1684
f 1684/1684 1675/1675 1674/1674
f 1684/1684 1674/1674 1682/1682
f 1648/1648 1645/1645 1643/1643
f 411/411 421/421 430/430
f 421/421 411/411 420/420
f 1671/1671 1670/1670 1658/1658
f 1294/1294 1293/1293 1286/1286
f 487/487 490/490 483/483
f 491/491 478/478 481/481
f 491/491 481/481 495/495
f 466/466 462/462 486/486
f 461/461 462/462 463/463
f 478/478 479/479 463/463
f 439/439 438/438 457/457
f 457/457 438/438 450/450
f 451/451 443/443 453/453
f 453/453 443/443 447/447
f 43/43 46/46 41/41
f 1319/1319 1311/1311 1314/1314
f 1249/1249 1260/1260 1261/1261
f 1317/1317 1315/1315 1320/1320
f 1685/1685 1682/1682 1677/1677
f 1677/1677 1682/1682 1674/1674
f 1645/1645 1646/1646 1644/1644
f 1645/1645 1644/1644 1643/1643
f 1658/1658 1656/1656 1657/1657
f 1657/1657 1659/1659 1658/1658
f 1670/1670 1656/1656 1658/1658
f 1293/1293 1283/1283 1286/1286
f 487/487 466/466 489/489
f 486/486 489/489 466/466
f 491/491 479/479 478/478
f 492/492 479/479 491/491
f 486/486 462/462 461/461
f 461/461 463/463 465/465
f 463/463 479/479 465/465
f 465/465 470/470 461/461
f 479/479 480/480 465/465
f 465/465 496/496 470/470
f 480/480 496/496 465/465
f 480/480 509/509 496/496
f 498/498 470/470 497/497
f 496/496 497/497 470/470
f 509/509 500/500 496/496
f 497/497 496/496 499/499
f 499/499 496/496 500/500
f 438/438 439/439 433/433
f 432/432 450/450 438/438
f 451/451 450/450 432/432
f 451/451 432/432 443/443
f 122/122 91/91 87/87
f 351/351 352/352 350/350
f 753/753 748/748 749/749
f 746/746 756/756 755/755
f 32/32 41/41 42/42
f 34/34 32/32 31/31
f 2093/2093 2094/2094 2095/2095
f 1253/1253 1256/1256 1252/1252
f 1260/1260 1249/1249 1251/1251
f 1249/1249 1250/1250 1251/1251
f 1261/1261 1260/1260 1262/1262
f 1687/1687 1679/1679 1683/1683
f 1683/1683 1679/1679 1675/1675
f 1312/1312 1315/1315 1308/1308
f 1315/1315 1317/1317 1316/1316
f 1677/1677 1686/1686 1685/1685
f 430/430 414/414 411/411
f 1286/1286 1285/1285 1307/1307
f 1286/1286 1283/1283 1285/1285
f 411/411 409/409 420/420
f 1292/1292 1283/1283 1293/1293
f 1279/1279 1283/1283 1292/1292
f 1289/1289 1279/1279 1292/1292
f 409/409 422/422 420/420
f 422/422 408/408 423/423
f 486/486 461/461 485/485
f 480/480 479/479 492/492
f 485/485 461/461 470/470
f 485/485 470/470 498/498
f 493/493 509/509 480/480
f 1767/1767 1764/1764 1766/1766
f 1767/1767 1765/1765 1764/1764
f 514/514 498/498 497/497
f 500/500 501/501 499/499
f 505/505 497/497 499/499
f 501/501 502/502 499/499
f 431/431 433/433 434/434
f 439/439 458/458 448/448
f 433/433 439/439 448/448
f 432/432 438/438 433/433
f 431/431 432/432 433/433
f 439/439 459/459 458/458
f 78/78 125/125 129/129
f 129/129 122/122 78/78
f 87/87 78/78 122/122
f 392/392 349/349 376/376
f 443/443 445/445 447/447
f 87/87 91/91 90/90
f 349/349 350/350 376/376
f 91/91 92/92 90/90
f 753/753 820/820 821/821
f 360/360 352/352 354/354
f 747/747 749/749 748/748
f 755/755 747/747 746/746
f 31/31 32/32 33/33
f 37/37 31/31 36/36
f 2095/2095 2098/2098 2093/2093
f 1311/1311 1313/1313 1314/1314
f 2099/2099 2093/2093 2098/2098
f 1259/1259 1252/1252 1256/1256
f 1308/1308 1311/1311 1312/1312
f 1308/1308 1315/1315 1316/1316
f 1644/1644 1640/1640 1643/1643
f 1643/1643 1640/1640 1642/1642
f 1654/1654 1657/1657 1656/1656
f 1285/1285 1283/1283 1284/1284
f 1283/1283 1279/1279 1281/1281
f 1275/1275 1279/1279 1289/1289
f 1289/1289 1291/1291 1272/1272
f 408/408 416/416 423/423
f 1291/1291 1295/1295 1290/1290
f 520/520 493/493 492/492
f 493/493 480/480 492/492
f 1865/1865 1867/1867 1873/1873
f 1876/1876 1873/1873 1867/1867
f 1765/1765 1753/1753 1764/1764
f 498/498 514/514 518/518
f 505/505 512/512 514/514
f 497/497 505/505 514/514
f 516/516 500/500 509/509
f 505/505 499/499 503/503
f 499/499 502/502 503/503
f 501/501 504/504 502/502
f 513/513 503/503 507/507
f 502/502 507/507 503/503
f 506/506 507/507 502/502
f 504/504 506/506 502/502
f 506/506 508/508 507/507
f 508/508 510/510 507/507
f 434/434 435/435 431/431
f 448/448 446/446 433/433
f 440/440 431/431 441/441
f 432/432 431/431 440/440
f 443/443 432/432 440/440
f 440/440 455/455 445/445
f 443/443 440/440 445/445
f 87/87 77/77 78/78
f 77/77 87/87 82/82
f 392/392 379/379 349/349
f 90/90 82/82 87/87
f 354/354 352/352 351/351
f 756/756 764/764 755/755
f 858/858 875/875 861/861
f 858/858 859/859 875/875
f 836/836 842/842 859/859
f 857/857 836/836 859/859
f 46/46 54/54 41/41
f 32/32 39/39 33/33
f 1323/1323 1314/1314 1313/1313
f 1313/1313 1311/1311 1310/1310
f 1250/1250 1252/1252 1251/1251
f 1308/1308 1310/1310 1311/1311
f 1251/1251 1264/1264 1260/1260
f 1679/1679 1673/1673 1675/1675
f 1673/1673 1674/1674 1675/1675
f 1676/1676 1674/1674 1673/1673
f 1674/1674 1676/1676 1677/1677
f 1677/1677 1676/1676 1678/1678
f 1677/1677 1678/1678 1686/1686
f 1316/1316 1317/1317 1318/1318
f 1281/1281 1284/1284 1283/1283
f 409/409 408/408 422/422
f 1272/1272 1275/1275 1289/1289
f 1274/1274 1272/1272 1291/1291
f 1290/1290 1274/1274 1291/1291
f 423/423 416/416 419/419
f 1766/1766 1764/1764 1763/1763
f 515/515 516/516 522/522
f 516/516 515/515 500/500
f 501/501 500/500 515/515
f 503/503 512/512 505/505
f 501/501 515/515 504/504
f 512/512 503/503 513/513
f 511/511 504/504 515/515
f 513/513 507/507 510/510
f 506/506 504/504 511/511
f 436/436 510/510 508/508
f 508/508 506/506 436/436
f 437/437 436/436 506/506
f 511/511 437/437 506/506
f 435/435 434/434 436/436
f 435/435 436/436 437/437
f 436/436 434/434 446/446
f 434/434 433/433 446/446
f 441/441 431/431 435/435
f 442/442 441/441 435/435
f 440/440 441/441 454/454
f 440/440 454/454 455/455
f 77/77 82/82 75/75
f 82/82 90/90 84/84
f 2062/2062 2061/2061 2064/2064
f 860/860 858/858 861/861
f 2062/2062 2065/2065 2060/2060
f 858/858 860/860 833/833
f 878/878 879/879 872/872
f 2060/2060 2065/2065 2066/2066
f 875/875 859/859 872/872
f 859/859 858/858 857/857
f 859/859 842/842 872/872
f 842/842 841/841 872/872
f 31/31 33/33 35/35
f 37/37 36/36 45/45
f 1252/1252 1259/1259 1263/1263
f 1263/1263 1264/1264 1251/1251
f 1252/1252 1263/1263 1251/1251
f 1264/1264 1265/1265 1260/1260
f 1308/1308 1309/1309 1310/1310
f 1262/1262 1265/1265 1266/1266
f 1265/1265 1262/1262 1260/1260
f 1679/1679 1681/1681 1673/1673
f 1309/1309 1308/1308 1316/1316
f 411/411 407/407 409/409
f 1281/1281 1279/1279 1280/1280
f 407/407 408/408 409/409
f 408/408 412/412 416/416
f 1865/1865 1864/1864 1862/1862
f 1867/1867 1865/1865 1862/1862
f 1763/1763 1764/1764 1755/1755
f 1764/1764 1753/1753 1755/1755
f 172/172 162/162 175/175
f 1956/1956 1950/1950 1968/1968
f 514/514 512/512 523/523
f 519/519 511/511 515/515
f 513/513 510/510 517/517
f 510/510 449/449 517/517
f 449/449 510/510 436/436
f 436/436 446/446 449/449
f 449/449 446/446 448/448
f 442/442 435/435 437/437
f 125/125 68/68 63/63
f 130/130 125/125 63/63
f 441/441 442/442 452/452
f 125/125 78/78 68/68
f 78/78 70/70 68/68
f 441/441 452/452 454/454
f 78/78 77/77 70/70
f 390/390 347/347 379/379
f 379/379 347/347 349/349
f 92/92 111/111 90/90
f 351/351 350/350 346/346
f 348/348 351/351 346/346
f 753/753 749/749 752/752
f 860/860 862/862 833/833
f 2060/2060 2061/2061 2062/2062
f 879/879 878/878 880/880
f 884/884 880/880 878/878
f 857/857 858/858 833/833
f 883/883 884/884 878/878
f 832/832 857/857 833/833
f 832/832 836/836 857/857
f 878/878 877/877 883/883
f 872/872 877/877 878/878
f 832/832 835/835 836/836
f 835/835 832/832 834/834
f 872/872 841/841 877/877
f 842/842 836/836 841/841
f 836/836 840/840 841/841
f 835/835 840/840 836/836
f 873/873 877/877 841/841
f 840/840 873/873 841/841
f 840/840 885/885 873/873
f 54/54 51/51 41/41
f 41/41 51/51 42/42
f 31/31 35/35 36/36
f 1349/1349 1352/1352 1353/1353
f 1349/1349 1351/1351 1352/1352
f 1327/1327 1313/1313 1310/1310
f 1347/1347 1363/1363 1351/1351
f 1362/1362 1363/1363 1345/1345
f 1362/1362 1345/1345 1346/1346
f 1362/1362 1346/1346 1357/1357
f 1656/1656 1655/1655 1654/1654
f 414/414 413/413 411/411
f 1282/1282 1284/1284 1281/1281
f 1279/1279 1271/1271 1280/1280
f 1275/1275 1271/1271 1279/1279
f 1275/1275 1272/1272 1271/1271
f 410/410 412/412 408/408
f 416/416 417/417 419/419
f 1864/1864 1863/1863 1862/1862
f 1753/1753 1754/1754 1755/1755
f 1762/1762 1763/1763 1755/1755
f 1956/1956 1949/1949 1950/1950
f 162/162 172/172 150/150
f 149/149 150/150 172/172
f 1950/1950 1958/1958 1968/1968
f 512/512 524/524 523/523
f 512/512 513/513 524/524
f 1958/1958 1959/1959 1968/1968
f 1959/1959 1964/1964 1968/1968
f 524/524 513/513 517/517
f 449/449 460/460 517/517
f 511/511 519/519 437/437
f 437/437 519/519 444/444
f 442/442 437/437 444/444
f 456/456 442/442 444/444
f 63/63 64/64 130/130
f 460/460 449/449 448/448
f 456/456 452/452 442/442
f 347/347 345/345 349/349
f 75/75 82/82 79/79
f 82/82 84/84 79/79
f 350/350 349/349 346/346
f 351/351 348/348 354/354
f 753/753 752/752 820/820
f 749/749 750/750 752/752
f 747/747 750/750 749/749
f 747/747 751/751 750/750
f 755/755 751/751 747/747
f 2061/2061 2067/2067 2064/2064
f 862/862 860/860 895/895
f 862/862 837/837 833/833
f 879/879 880/880 881/881
f 882/882 879/879 881/881
f 2060/2060 2063/2063 2061/2061
f 881/881 880/880 884/884
f 884/884 888/888 889/889
f 883/883 888/888 884/884
f 837/837 831/831 833/833
f 831/831 832/832 833/833
f 831/831 834/834 832/832
f 839/839 835/835 834/834
f 843/843 839/839 834/834
f 883/883 877/877 886/886
f 835/835 839/839 840/840
f 844/844 839/839 843/843
f 877/877 887/887 886/886
f 887/887 877/877 873/873
f 260/260 238/238 250/250
f 33/33 39/39 47/47
f 35/35 33/33 48/48
f 33/33 47/47 48/48
f 36/36 35/35 48/48
f 1348/1348 1349/1349 1355/1355
f 1349/1349 1353/1353 1355/1355
f 1349/1349 1348/1348 1347/1347
f 1313/1313 1327/1327 1328/1328
f 1347/1347 1340/1340 1345/1345
f 1351/1351 1349/1349 1347/1347
f 1332/1332 1346/1346 1335/1335
f 1345/1345 1340/1340 1335/1335
f 1345/1345 1335/1335 1346/1346
f 1347/1347 1345/1345 1363/1363
f 1327/1327 1310/1310 1329/1329
f 1310/1310 1309/1309 1329/1329
f 1332/1332 1357/1357 1346/1346
f 1325/1325 1329/1329 1309/1309
f 1309/1309 1316/1316 1325/1325
f 1325/1325 1316/1316 1326/1326
f 1316/1316 1318/1318 1326/1326
f 1676/1676 1680/1680 1678/1678
f 1642/1642 1640/1640 1641/1641
f 414/414 415/415 413/413
f 1655/1655 1653/1653 1654/1654
f 1285/1285 1284/1284 1287/1287
f 413/413 407/407 411/411
f 1281/1281 1280/1280 1282/1282
f 407/407 410/410 408/408
f 1271/1271 1272/1272 1273/1273
f 1272/1272 1274/1274 1273/1273
f 1277/1277 1274/1274 1290/1290
f 1864/1864 1866/1866 1863/1863
f 136/136 135/135 134/134
f 135/135 64/64 134/134
f 1955/1955 1952/1952 1954/1954
f 1952/1952 1953/1953 1954/1954
f 347/347 343/343 345/345
f 84/84 90/90 111/111
f 752/752 814/814 820/820
f 755/755 764/764 763/763
f 755/755 763/763 751/751
f 876/876 849/849 847/847
f 876/876 895/895 896/896
f 876/876 862/862 895/895
f 876/876 837/837 862/862
f 847/847 837/837 876/876
f 2063/2063 2067/2067 2061/2061
f 847/847 838/838 837/837
f 848/848 838/838 847/847
f 881/881 884/884 889/889
f 837/837 838/838 831/831
f 890/890 888/888 883/883
f 831/831 863/863 834/834
f 863/863 867/867 834/834
f 867/867 843/843 834/834
f 1743/1743 1742/1742 1744/1744
f 886/886 890/890 883/883
f 892/892 890/890 886/886
f 845/845 844/844 843/843
f 871/871 839/839 844/844
f 839/839 885/885 840/840
f 260/260 234/234 238/238
f 260/260 237/237 234/234
f 56/56 42/42 51/51
f 32/32 42/42 49/49
f 32/32 49/49 50/50
f 50/50 39/39 32/32
f 1335/1335 1336/1336 1334/1334
f 1340/1340 1336/1336 1335/1335
f 1339/1339 1359/1359 1350/1350
f 1339/1339 1350/1350 1338/1338
f 1332/1332 1334/1334 1333/1333
f 1335/1335 1334/1334 1332/1332
f 1347/1347 1348/1348 1340/1340
f 1338/1338 1350/1350 1344/1344
f 1337/1337 1344/1344 1358/1358
f 1332/1332 1331/1331 1357/1357
f 1357/1357 1331/1331 1360/1360
f 1680/1680 1676/1676 1673/1673
f 1640/1640 1637/1637 1636/1636
f 1641/1641 1640/1640 1636/1636
f 1282/1282 1287/1287 1284/1284
f 413/413 425/425 407/407
f 412/412 417/417 416/416
f 1755/1755 1754/1754 1756/1756
f 1756/1756 1762/1762 1755/1755
f 1948/1948 1958/1958 1950/1950
f 136/136 148/148 149/149
f 1961/1961 1964/1964 1959/1959
f 1964/1964 1961/1961 1963/1963
f 1951/1951 1957/1957 1963/1963
f 67/67 68/68 70/70
f 1952/1952 1946/1946 1953/1953
f 70/70 77/77 72/72
f 345/345 346/346 349/349
f 354/354 348/348 359/359
f 900/900 902/902 904/904
f 359/359 370/370 354/354
f 752/752 750/750 815/815
f 751/751 769/769 750/750
f 751/751 770/770 769/769
f 763/763 770/770 751/751
f 1491/1491 1484/1484 1492/1492
f 848/848 847/847 849/849
f 850/850 848/848 849/849
f 882/882 881/881 893/893
f 895/895 882/882 894/894
f 881/881 889/889 891/891
f 864/864 838/838 848/848
f 864/864 863/863 838/838
f 831/831 838/838 863/863
f 587/587 593/593 597/597
f 587/587 597/597 591/591
f 845/845 846/846 844/844
f 892/892 886/886 906/906
f 846/846 855/855 844/844
f 887/887 906/906 886/886
f 871/871 844/844 855/855
f 250/250 239/239 256/256
f 839/839 871/871 885/885
f 56/56 49/49 42/42
f 1333/1333 1339/1339 1338/1338
f 1332/1332 1333/1333 1330/1330
f 1330/1330 1333/1333 1338/1338
f 1330/1330 1338/1338 1344/1344
f 1330/1330 1344/1344 1337/1337
f 1330/1330 1331/1331 1332/1332
f 1356/1356 1337/1337 1358/1358
f 1358/1358 1364/1364 1356/1356
f 1360/1360 1331/1331 1354/1354
f 1637/1637 1665/1665 1632/1632
f 1637/1637 1632/1632 1636/1636
f 1668/1668 1641/1641 1636/1636
f 1654/1654 1653/1653 1650/1650
f 1653/1653 1652/1652 1650/1650
f 413/413 415/415 426/426
f 1287/1287 1298/1298 1303/1303
f 1287/1287 1282/1282 1298/1298
f 1282/1282 1280/1280 1297/1297
f 1296/1296 1297/1297 1280/1280
f 1280/1280 1271/1271 1296/1296
f 1296/1296 1271/1271 1273/1273
f 1288/1288 1273/1273 1276/1276
f 1273/1273 1274/1274 1276/1276
f 1274/1274 1277/1277 1276/1276
f 1276/1276 1277/1277 1278/1278
f 1861/1861 1862/1862 1863/1863
f 1868/1868 1861/1861 1863/1863
f 1762/1762 1756/1756 1761/1761
f 150/150 151/151 162/162
f 1950/1950 1949/1949 1948/1948
f 149/149 148/148 150/150
f 1961/1961 1951/1951 1963/1963
f 1951/1951 1944/1944 1957/1957
f 1952/1952 1957/1957 1944/1944
f 1957/1957 1952/1952 1955/1955
f 77/77 75/75 72/72
f 343/343 340/340 345/345
f 346/346 345/345 341/341
f 84/84 111/111 109/109
f 804/804 820/820 814/814
f 355/355 359/359 348/348
f 752/752 815/815 814/814
f 900/900 897/897 902/902
f 750/750 817/817 815/815
f 750/750 769/769 817/817
f 1491/1491 1485/1485 1484/1484
f 899/899 896/896 897/897
f 1491/1491 1492/1492 1494/1494
f 851/851 850/850 849/849
f 897/897 894/894 898/898
f 896/896 894/894 897/897
f 894/894 893/893 903/903
f 882/882 893/893 894/894
f 895/895 894/894 896/896
f 881/881 891/891 893/893
f 891/891 903/903 893/893
f 865/865 863/863 864/864
f 580/580 578/578 593/593
f 580/580 593/593 587/587
f 867/867 863/863 866/866
f 868/868 867/867 866/866
f 1743/1743 1740/1740 1742/1742
f 588/588 591/591 599/599
f 236/236 231/231 237/237
f 250/250 238/238 239/239
f 1330/1330 1337/1337 1331/1331
f 1337/1337 1341/1341 1331/1331
f 1356/1356 1343/1343 1337/1337
f 1364/1364 1361/1361 1356/1356
f 1665/1665 1666/1666 1632/1632
f 1298/1298 1282/1282 1297/1297
f 1298/1298 1297/1297 1305/1305
f 425/425 410/410 407/407
f 1288/1288 1296/1296 1273/1273
f 412/412 418/418 417/417
f 1866/1866 1868/1868 1863/1863
f 1756/1756 1754/1754 1757/1757
f 162/162 151/151 154/154
f 150/150 148/148 151/151
f 1958/1958 1948/1948 1959/1959
f 1948/1948 1960/1960 1959/1959
f 137/137 148/148 136/136
f 136/136 134/134 137/137
f 137/137 134/134 138/138
f 1962/1962 1951/1951 1961/1961
f 134/134 62/62 138/138
f 64/64 62/62 134/134
f 64/64 63/63 62/62
f 61/61 62/62 63/63
f 1944/1944 1945/1945 1952/1952
f 1945/1945 1946/1946 1952/1952
f 348/348 346/346 341/341
f 802/802 804/804 814/814
f 1478/1478 1481/1481 1493/1493
f 900/900 899/899 897/897
f 901/901 899/899 900/900
f 1485/1485 1479/1479 1484/1484
f 1478/1478 1484/1484 1479/1479
f 1493/1493 1484/1484 1478/1478
f 852/852 851/851 853/853
f 898/898 894/894 903/903
f 852/852 850/850 851/851
f 579/579 608/608 598/598
f 850/850 869/869 848/848
f 869/869 852/852 874/874
f 869/869 850/850 852/852
f 592/592 579/579 598/598
f 848/848 869/869 864/864
f 592/592 578/578 579/579
f 869/869 865/865 864/864
f 593/593 578/578 592/592
f 870/870 865/865 869/869
f 865/865 866/866 863/863
f 866/866 865/865 870/870
f 581/581 587/587 588/588
f 587/587 591/591 588/588
f 1461/1461 1460/1460 1462/1462
f 1462/1462 1463/1463 1472/1472
f 1343/1343 1341/1341 1337/1337
f 1331/1331 1341/1341 1342/1342
f 1354/1354 1331/1331 1342/1342
f 1356/1356 1361/1361 1343/1343
f 1666/1666 1633/1633 1632/1632
f 1650/1650 1652/1652 1651/1651
f 1639/1639 1650/1650 1649/1649
f 1650/1650 1651/1651 1649/1649
f 1303/1303 1298/1298 1304/1304
f 426/426 425/425 413/413
f 410/410 424/424 412/412
f 412/412 424/424 418/418
f 1866/1866 1869/1869 1868/1868
f 1760/1760 1761/1761 1756/1756
f 1941/1941 1938/1938 1949/1949
f 1960/1960 1961/1961 1959/1959
f 1961/1961 1960/1960 1962/1962
f 68/68 67/67 61/61
f 61/61 63/63 68/68
f 1945/1945 1942/1942 1946/1946
f 1946/1946 1942/1942 1940/1940
f 341/341 345/345 340/340
f 348/348 341/341 355/355
f 804/804 802/802 799/799
f 814/814 815/815 802/802
f 359/359 355/355 406/406
f 904/904 901/901 900/900
f 1481/1481 1478/1478 1480/1480
f 854/854 852/852 853/853
f 854/854 853/853 856/856
f 905/905 898/898 903/903
f 854/854 874/874 852/852
f 1785/1785 1781/1781 1784/1784
f 580/580 587/587 576/576
f 587/587 581/581 576/576
f 1742/1742 1740/1740 1741/1741
f 1460/1460 1461/1461 1459/1459
f 239/239 253/253 256/256
f 223/223 234/234 237/237
f 237/237 231/231 223/223
f 234/234 235/235 238/238
f 1341/1341 1343/1343 1361/1361
f 1633/1633 1667/1667 1639/1639
f 1667/1667 1633/1633 1666/1666
f 1632/1632 1633/1633 1634/1634
f 1632/1632 1634/1634 1635/1635
f 1636/1636 1632/1632 1635/1635
f 1635/1635 1668/1668 1636/1636
f 1304/1304 1298/1298 1305/1305
f 290/290 276/276 291/291
f 1305/1305 1297/1297 1296/1296
f 429/429 410/410 425/425
f 429/429 424/424 410/410
f 427/427 418/418 424/424
f 428/428 418/418 427/427
f 153/153 163/163 154/154
f 1949/1949 1938/1938 1948/1948
f 148/148 140/140 152/152
f 137/137 140/140 148/148
f 1951/1951 1962/1962 1943/1943
f 1943/1943 1944/1944 1951/1951
f 340/340 343/343 317/317
f 311/311 341/341 340/340
f 93/93 84/84 109/109
f 355/355 341/341 311/311
f 406/406 355/355 389/389
f 817/817 816/816 815/815
f 607/607 608/608 602/602
f 1797/1797 1788/1788 1790/1790
f 602/602 608/608 579/579
f 1790/1790 1786/1786 1789/1789
f 1789/1789 1786/1786 1785/1785
f 1786/1786 1781/1781 1785/1785
f 576/576 570/570 580/580
f 1781/1781 1783/1783 1784/1784
f 1784/1784 1783/1783 1787/1787
f 1740/1740 1739/1739 1737/1737
f 1740/1740 1737/1737 1741/1741
f 1460/1460 1463/1463 1462/1462
f 253/253 240/240 254/254
f 239/239 240/240 253/253
f 238/238 235/235 239/239
f 234/234 220/220 235/235
f 1633/1633 1639/1639 1638/1638
f 1633/1633 1638/1638 1634/1634
f 1669/1669 1635/1635 1634/1634
f 298/298 295/295 299/299
f 1639/1639 1649/1649 1638/1638
f 277/277 276/276 281/281
f 281/281 276/276 290/290
f 295/295 298/298 297/297
f 295/295 297/297 296/296
f 1301/1301 1305/1305 1296/1296
f 276/276 289/289 291/291
f 1296/1296 1288/1288 1301/1301
f 429/429 427/427 424/424
f 1301/1301 1288/1288 1299/1299
f 1288/1288 1276/1276 1299/1299
f 1276/1276 1278/1278 1299/1299
f 1299/1299 1278/1278 1300/1300
f 1861/1861 1868/1868 1870/1870
f 1278/1278 1306/1306 1300/1300
f 1757/1757 1759/1759 1758/1758
f 1756/1756 1757/1757 1758/1758
f 1758/1758 1760/1760 1756/1756
f 164/164 163/163 153/153
f 1941/1941 1939/1939 1938/1938
f 154/154 151/151 153/153
f 1938/1938 1947/1947 1948/1948
f 1960/1960 1948/1948 1947/1947
f 60/60 138/138 62/62
f 1944/1944 1919/1919 1945/1945
f 75/75 74/74 72/72
f 74/74 75/75 79/79
f 317/317 343/343 344/344
f 311/311 310/310 355/355
f 1479/1479 1474/1474 1478/1478
f 1798/1798 1793/1793 1797/1797
f 1793/1793 1795/1795 1797/1797
f 1797/1797 1795/1795 1788/1788
f 572/572 602/602 579/579
f 578/578 572/572 579/579
f 1790/1790 1788/1788 1786/1786
f 578/578 580/580 570/570
f 1782/1782 1781/1781 1786/1786
f 1735/1735 1737/1737 1739/1739
f 1456/1456 1463/1463 1460/1460
f 231/231 236/236 233/233
f 231/231 224/224 223/223
f 219/219 240/240 235/235
f 235/235 240/240 239/239
f 220/220 219/219 235/235
f 234/234 223/223 220/220
f 1638/1638 1669/1669 1634/1634
f 299/299 295/295 271/271
f 299/299 271/271 273/273
f 271/271 272/272 273/273
f 277/277 273/273 272/272
f 271/271 295/295 267/267
f 277/277 272/272 276/276
f 271/271 266/266 272/272
f 295/295 296/296 267/267
f 276/276 272/272 266/266
f 267/267 296/296 265/265
f 266/266 274/274 276/276
f 289/289 276/276 274/274
f 264/264 265/265 296/296
f 300/300 264/264 296/296
f 274/274 278/278 289/289
f 289/289 278/278 292/292
f 152/152 151/151 148/148
f 1831/1831 1835/1835 1834/1834
f 1831/1831 1834/1834 1829/1829
f 1829/1829 1830/1830 1831/1831
f 1829/1829 1832/1832 1830/1830
f 137/137 138/138 139/139
f 1832/1832 1833/1833 1830/1830
f 138/138 60/60 139/139
f 57/57 61/61 67/67
f 311/311 340/340 317/317
f 815/815 816/816 802/802
f 1478/1478 1474/1474 1473/1473
f 1478/1478 1473/1473 1480/1480
f 1804/1804 1793/1793 1798/1798
f 604/604 607/607 602/602
f 578/578 570/570 572/572
f 1788/1788 1782/1782 1786/1786
f 1779/1779 1781/1781 1782/1782
f 1779/1779 1780/1780 1781/1781
f 1781/1781 1780/1780 1783/1783
f 1780/1780 1792/1792 1783/1783
f 581/581 588/588 583/583
f 588/588 590/590 583/583
f 271/271 267/267 266/266
f 267/267 265/265 266/266
f 266/266 265/265 263/263
f 266/266 263/263 274/274
f 263/263 265/265 264/264
f 263/263 262/262 274/274
f 262/262 278/278 274/274
f 287/287 264/264 300/300
f 278/278 286/286 292/292
f 1299/1299 1300/1300 1302/1302
f 293/293 292/292 286/286
f 1874/1874 1870/1870 1872/1872
f 1872/1872 1875/1875 1874/1874
f 1868/1868 1869/1869 1870/1870
f 151/151 152/152 153/153
f 1947/1947 1938/1938 1900/1900
f 1834/1834 1835/1835 1836/1836
f 140/140 137/137 139/139
f 62/62 61/61 60/60
f 60/60 61/61 57/57
f 1943/1943 1919/1919 1944/1944
f 1920/1920 1942/1942 1945/1945
f 1940/1940 1942/1942 1922/1922
f 79/79 84/84 86/86
f 84/84 93/93 86/86
f 355/355 310/310 389/389
f 405/405 389/389 310/310
f 572/572 601/601 602/602
f 576/576 571/571 570/570
f 1456/1456 1459/1459 1457/1457
f 1459/1459 1456/1456 1460/1460
f 262/262 263/263 264/264
f 268/268 262/262 264/264
f 275/275 278/278 262/262
f 1870/1870 1869/1869 1871/1871
f 1870/1870 1871/1871 1872/1872
f 163/163 164/164 165/165
f 1938/1938 1939/1939 1936/1936
f 167/167 164/164 153/153
f 1938/1938 1936/1936 1900/1900
f 1372/1372 1365/1365 1370/1370
f 1893/1893 1895/1895 1897/1897
f 317/317 344/344 318/318
f 313/313 311/311 317/317
f 310/310 311/311 308/308
f 802/802 800/800 799/799
f 802/802 816/816 800/800
f 1804/1804 1796/1796 1793/1793
f 1791/1791 1779/1779 1782/1782
f 1737/1737 1735/1735 1734/1734
f 1456/1456 1457/1457 1458/1458
f 233/233 246/246 230/230
f 233/233 230/230 231/231
f 231/231 230/230 224/224
f 223/223 222/222 220/220
f 219/219 216/216 240/240
f 268/268 269/269 262/262
f 269/269 275/275 262/262
f 287/287 268/268 264/264
f 278/278 275/275 286/286
f 282/282 286/286 275/275
f 293/293 286/286 282/282
f 282/282 288/288 293/293
f 165/165 164/164 166/166
f 288/288 285/285 294/294
f 1965/1965 1936/1936 1939/1939
f 164/164 167/167 166/166
f 1371/1371 1365/1365 1372/1372
f 152/152 140/140 156/156
f 156/156 140/140 141/141
f 140/140 139/139 141/141
f 1906/1906 1919/1919 1943/1943
f 1919/1919 1920/1920 1945/1945
f 1922/1922 1926/1926 1940/1940
f 312/312 311/311 313/313
f 312/312 308/308 311/311
f 816/816 818/818 800/800
f 405/405 310/310 404/404
f 1473/1473 1474/1474 1475/1475
f 1473/1473 1475/1475 1476/1476
f 1796/1796 1794/1794 1793/1793
f 1793/1793 1794/1794 1795/1795
f 1791/1791 1782/1782 1799/1799
f 576/576 581/581 571/571
f 571/571 581/581 582/582
f 1778/1778 1792/1792 1780/1780
f 246/246 244/244 230/230
f 216/216 241/241 240/240
f 222/222 223/223 224/224
f 219/219 217/217 216/216
f 217/217 219/219 220/220
f 270/270 269/269 268/268
f 287/287 279/279 268/268
f 270/270 268/268 279/279
f 275/275 269/269 270/270
f 287/287 302/302 301/301
f 279/279 287/287 301/301
f 270/270 280/280 275/275
f 280/280 282/282 275/275
f 304/304 302/302 306/306
f 282/282 285/285 288/288
f 302/302 304/304 303/303
f 301/301 302/302 303/303
f 282/282 280/280 283/283
f 303/303 304/304 305/305
f 284/284 282/282 283/283
f 282/282 284/284 285/285
f 307/307 285/285 284/284
f 1936/1936 1970/1970 1935/1935
f 1899/1899 1900/1900 1901/1901
f 1899/1899 1901/1901 1905/1905
f 1370/1370 1365/1365 1369/1369
f 1365/1365 1367/1367 1369/1369
f 1893/1893 1894/1894 1895/1895
f 1920/1920 1922/1922 1942/1942
f 69/69 67/67 70/70
f 318/318 319/319 313/313
f 317/317 318/318 313/313
f 573/573 601/601 572/572
f 1788/1788 1799/1799 1782/1782
f 1788/1788 1795/1795 1799/1799
f 569/569 570/570 571/571
f 1779/1779 1791/1791 1777/1777
f 1777/1777 1778/1778 1779/1779
f 1779/1779 1778/1778 1780/1780
f 1734/1734 1735/1735 1736/1736
f 1735/1735 1738/1738 1736/1736
f 582/582 581/581 583/583
f 251/251 254/254 240/240
f 240/240 241/241 251/251
f 646/646 660/660 661/661
f 645/645 660/660 646/646
f 659/659 660/660 645/645
f 651/651 659/659 645/645
f 1824/1824 1825/1825 1826/1826
f 660/660 680/680 661/661
f 662/662 659/659 651/651
f 651/651 663/663 662/662
f 1818/1818 1824/1824 1827/1827
f 663/663 666/666 665/665
f 1824/1824 1828/1828 1827/1827
f 1826/1826 1828/1828 1824/1824
f 662/662 663/663 664/664
f 665/665 664/664 663/663
f 1933/1933 1935/1935 1970/1970
f 167/167 153/153 155/155
f 155/155 153/153 152/152
f 1935/1935 1902/1902 1936/1936
f 1936/1936 1902/1902 1900/1900
f 1900/1900 1902/1902 1901/1901
f 60/60 57/57 59/59
f 1922/1922 1923/1923 1926/1926
f 308/308 309/309 310/310
f 604/604 602/602 603/603
f 602/602 601/601 603/603
f 572/572 569/569 573/573
f 572/572 570/570 569/569
f 1777/1777 1805/1805 1778/1778
f 1805/1805 1807/1807 1778/1778
f 1458/1458 1457/1457 1465/1465
f 582/582 583/583 584/584
f 583/583 590/590 584/584
f 254/254 251/251 255/255
f 1458/1458 1464/1464 1456/1456
f 230/230 226/226 224/224
f 216/216 217/217 218/218
f 645/645 646/646 644/644
f 650/650 645/645 641/641
f 650/650 651/651 645/645
f 656/656 650/650 675/675
f 646/646 661/661 683/683
f 656/656 651/651 650/650
f 1818/1818 1820/1820 1824/1824
f 1820/1820 1825/1825 1824/1824
f 656/656 663/663 651/651
f 663/663 656/656 666/666
f 1933/1933 1970/1970 1971/1971
f 155/155 152/152 156/156
f 141/141 139/139 142/142
f 1894/1894 1896/1896 1895/1895
f 1917/1917 1919/1919 1906/1906
f 1917/1917 1906/1906 1908/1908
f 1920/1920 1919/1919 1917/1917
f 1920/1920 1921/1921 1922/1922
f 312/312 313/313 320/320
f 313/313 319/319 320/320
f 310/310 309/309 404/404
f 1777/1777 1791/1791 1799/1799
f 1736/1736 1738/1738 1745/1745
f 1734/1734 1736/1736 1746/1746
f 230/230 232/232 226/226
f 222/222 226/226 225/225
f 224/224 226/226 222/222
f 642/642 641/641 644/644
f 643/643 652/652 641/641
f 645/645 644/644 641/641
f 650/650 641/641 652/652
f 644/644 646/646 677/677
f 650/650 652/652 671/671
f 671/671 675/675 650/650
f 1820/1820 1818/1818 1819/1819
f 1880/1880 1878/1878 1877/1877
f 156/156 141/141 158/158
f 1365/1365 1366/1366 1367/1367
f 1366/1366 1368/1368 1367/1367
f 60/60 143/143 139/139
f 1918/1918 1920/1920 1917/1917
f 67/67 69/69 57/57
f 1918/1918 1921/1921 1920/1920
f 1923/1923 1922/1922 1921/1921
f 319/319 318/318 328/328
f 312/312 320/320 325/325
f 799/799 800/800 801/801
f 1476/1476 1475/1475 1477/1477
f 1799/1799 1795/1795 1800/1800
f 1799/1799 1803/1803 1777/1777
f 1777/1777 1803/1803 1805/1805
f 1745/1745 1747/1747 1736/1736
f 230/230 244/244 232/232
f 217/217 220/220 221/221
f 220/220 222/222 221/221
f 643/643 647/647 648/648
f 653/653 643/643 648/648
f 668/668 647/647 642/642
f 655/655 652/652 643/643
f 643/643 642/642 647/647
f 677/677 668/668 642/642
f 641/641 642/642 643/643
f 642/642 644/644 677/677
f 677/677 683/683 682/682
f 677/677 646/646 683/683
f 1818/1818 1815/1815 1817/1817
f 1818/1818 1817/1817 1819/1819
f 1877/1877 1878/1878 1879/1879
f 1935/1935 1933/1933 1902/1902
f 1901/1901 1902/1902 1903/1903
f 1365/1365 1371/1371 1366/1366
f 142/142 139/139 143/143
f 59/59 143/143 60/60
f 1906/1906 1907/1907 1908/1908
f 1895/1895 1896/1896 1898/1898
f 71/71 69/69 70/70
f 70/70 72/72 71/71
f 319/319 321/321 320/320
f 314/314 312/312 325/325
f 312/312 314/314 308/308
f 308/308 314/314 309/309
f 800/800 803/803 801/801
f 800/800 818/818 803/803
f 380/380 309/309 315/315
f 380/380 404/404 309/309
f 1800/1800 1795/1795 1794/1794
f 1800/1800 1803/1803 1799/1799
f 1805/1805 1806/1806 1807/1807
f 1746/1746 1736/1736 1747/1747
f 582/582 584/584 585/585
f 1458/1458 1466/1466 1464/1464
f 217/217 221/221 218/218
f 216/216 218/218 241/241
f 667/667 648/648 649/649
f 654/654 648/648 667/667
f 654/654 653/653 648/648
f 648/648 647/647 649/649
f 655/655 643/643 653/653
f 668/668 678/678 649/649
f 647/647 668/668 649/649
f 681/681 678/678 668/668
f 677/677 681/681 668/668
f 682/682 681/681 677/677
f 652/652 672/672 671/671
f 1075/1075 1078/1078 1076/1076
f 1176/1176 1165/1165 1177/1177
f 1880/1880 1877/1877 1882/1882
f 155/155 168/168 167/167
f 155/155 156/156 157/157
f 1524/1524 1520/1520 1523/1523
f 1903/1903 1904/1904 1901/1901
f 1520/1520 1519/1519 1523/1523
f 158/158 141/141 145/145
f 141/141 142/142 145/145
f 1519/1519 1520/1520 1521/1521
f 1521/1521 1520/1520 1522/1522
f 142/142 143/143 144/144
f 57/57 58/58 59/59
f 319/319 328/328 322/322
f 319/319 322/322 321/321
f 79/79 86/86 76/76
f 323/323 325/325 320/320
f 309/309 314/314 315/315
f 818/818 812/812 803/803
f 1475/1475 1483/1483 1482/1482
f 1477/1477 1475/1475 1482/1482
f 1489/1489 1476/1476 1477/1477
f 1802/1802 1794/1794 1796/1796
f 823/823 812/812 818/818
f 603/603 601/601 605/605
f 1800/1800 1811/1811 1803/1803
f 569/569 571/571 575/575
f 1806/1806 1808/1808 1807/1807
f 1747/1747 1748/1748 1746/1746
f 1465/1465 1467/1467 1458/1458
f 1467/1467 1466/1466 1458/1458
f 1466/1466 1471/1471 1464/1464
f 218/218 228/228 241/241
f 1698/1698 1699/1699 1697/1697
f 1698/1698 1697/1697 1696/1696
f 1856/1856 1857/1857 1860/1860
f 649/649 684/684 667/667
f 657/657 654/654 658/658
f 649/649 678/678 679/679
f 653/653 654/654 657/657
f 657/657 655/655 653/653
f 655/655 670/670 652/652
f 672/672 652/652 670/670
f 1175/1175 1165/1165 1176/1176
f 1075/1075 1076/1076 1058/1058
f 169/169 167/167 168/168
f 1931/1931 1929/1929 1903/1903
f 1903/1903 1929/1929 1904/1904
f 145/145 142/142 144/144
f 66/66 143/143 59/59
f 1908/1908 1916/1916 1917/1917
f 58/58 57/57 69/69
f 80/80 69/69 71/71
f 320/320 321/321 323/323
f 601/601 606/606 605/605
f 573/573 606/606 601/601
f 606/606 573/573 574/574
f 573/573 569/569 574/574
f 574/574 569/569 575/575
f 1806/1806 1803/1803 1811/1811
f 1805/1805 1803/1803 1806/1806
f 1806/1806 1809/1809 1808/1808
f 1747/1747 1749/1749 1748/1748
f 255/255 251/251 252/252
f 225/225 226/226 227/227
f 227/227 226/226 232/232
f 218/218 221/221 228/228
f 221/221 222/222 225/225
f 1859/1859 1857/1857 1858/1858
f 1235/1235 1241/1241 1234/1234
f 1857/1857 1856/1856 1855/1855
f 1856/1856 1854/1854 1855/1855
f 658/658 669/669 657/657
f 657/657 669/669 673/673
f 1080/1080 1079/1079 1060/1060
f 657/657 673/673 655/655
f 674/674 655/655 673/673
f 674/674 670/670 655/655
f 1174/1174 1173/1173 1178/1178
f 1079/1079 1075/1075 1077/1077
f 1173/1173 1157/1157 1178/1178
f 1178/1178 1157/1157 1175/1175
f 1076/1076 1073/1073 1058/1058
f 1881/1881 1882/1882 1877/1877
f 1933/1933 1932/1932 1902/1902
f 1902/1902 1931/1931 1903/1903
f 157/157 156/156 158/158
f 1904/1904 1910/1910 1907/1907
f 65/65 59/59 58/58
f 1916/1916 1918/1918 1917/1917
f 1921/1921 1924/1924 1923/1923
f 806/806 803/803 812/812
f 1999/1999 2015/2015 2014/2014
f 1802/1802 1801/1801 1794/1794
f 1794/1794 1801/1801 1800/1800
f 1800/1800 1801/1801 1811/1811
f 1811/1811 1810/1810 1806/1806
f 1810/1810 1809/1809 1806/1806
f 575/575 571/571 577/577
f 571/571 582/582 586/586
f 586/586 577/577 571/571
f 1809/1809 1812/1812 1808/1808
f 1813/1813 1808/1808 1812/1812
f 585/585 586/586 582/582
f 232/232 247/247 227/227
f 1469/1469 1471/1471 1466/1466
f 241/241 245/245 251/251
f 1232/1232 1233/1233 1230/1230
f 1232/1232 1234/1234 1233/1233
f 1240/1240 1233/1233 1236/1236
f 1234/1234 1236/1236 1233/1233
f 1232/1232 1235/1235 1234/1234
f 1235/1235 1232/1232 1238/1238
f 1858/1858 1857/1857 1855/1855
f 1695/1695 1696/1696 1689/1689
f 1081/1081 1067/1067 1082/1082
f 1856/1856 1840/1840 1854/1854
f 669/669 676/676 673/673
f 1067/1067 1081/1081 1080/1080
f 1060/1060 1067/1067 1080/1080
f 1060/1060 1079/1079 1053/1053
f 1179/1179 1164/1164 1174/1174
f 1164/1164 1155/1155 1174/1174
f 1077/1077 1053/1053 1079/1079
f 1155/1155 1173/1173 1174/1174
f 1077/1077 1075/1075 1054/1054
f 1175/1175 1157/1157 1165/1165
f 1054/1054 1075/1075 1058/1058
f 1879/1879 1883/1883 1881/1881
f 1879/1879 1881/1881 1877/1877
f 168/168 155/155 159/159
f 1932/1932 1931/1931 1902/1902
f 159/159 155/155 157/157
f 1913/1913 1904/1904 1929/1929
f 158/158 145/145 147/147
f 1907/1907 1910/1910 1909/1909
f 1907/1907 1909/1909 1908/1908
f 1916/1916 1908/1908 1909/1909
f 1925/1925 1921/1921 1918/1918
f 1925/1925 1924/1924 1921/1921
f 316/316 314/314 325/325
f 315/315 316/316 342/342
f 315/315 314/314 316/316
f 805/805 801/801 803/803
f 803/803 806/806 805/805
f 811/811 806/806 812/812
f 2011/2011 1999/1999 2014/2014
f 1489/1489 1477/1477 1488/1488
f 1477/1477 1482/1482 1488/1488
f 811/811 812/812 823/823
f 811/811 823/823 824/824
f 2034/2034 2037/2037 2042/2042
f 2009/2009 1984/1984 1983/1983
f 2012/2012 1984/1984 2009/2009
f 2033/2033 2037/2037 2034/2034
f 1984/1984 1987/1987 1982/1982
f 1983/1983 1984/1984 1982/1982
f 2033/2033 2049/2049 2037/2037
f 2037/2037 2049/2049 2058/2058
f 2051/2051 2058/2058 2049/2049
f 1814/1814 1809/1809 1810/1810
f 1812/1812 1809/1809 1814/1814
f 1748/1748 1749/1749 1750/1750
f 1467/1467 1468/1468 1466/1466
f 586/586 585/585 589/589
f 585/585 584/584 589/589
f 251/251 245/245 252/252
f 228/228 242/242 241/241
f 1221/1221 1230/1230 1237/1237
f 1230/1230 1233/1233 1237/1237
f 1231/1231 1238/1238 1232/1232
f 1237/1237 1233/1233 1240/1240
f 1235/1235 1238/1238 1244/1244
f 1697/1697 1689/1689 1696/1696
f 1853/1853 1855/1855 1854/1854
f 1053/1053 1077/1077 1054/1054
f 1157/1157 1162/1162 1165/1165
f 1165/1165 1162/1162 1166/1166
f 1816/1816 1815/1815 1823/1823
f 1815/1815 1816/1816 1817/1817
f 157/157 158/158 160/160
f 1904/1904 1913/1913 1910/1910
f 147/147 145/145 146/146
f 1911/1911 1910/1910 1913/1913
f 145/145 144/144 146/146
f 144/144 143/143 146/146
f 1910/1910 1911/1911 1909/1909
f 59/59 65/65 66/66
f 69/69 80/80 58/58
f 71/71 72/72 73/73
f 322/322 329/329 321/321
f 325/325 323/323 326/326
f 325/325 326/326 316/316
f 342/342 316/316 338/338
f 811/811 824/824 789/789
f 1999/1999 2011/2011 2005/2005
f 1483/1483 1487/1487 1486/1486
f 1482/1482 1483/1483 1486/1486
f 2038/2038 2032/2032 2055/2055
f 2034/2034 2055/2055 2032/2032
f 1997/1997 1999/1999 2005/2005
f 2009/2009 1983/1983 1992/1992
f 2034/2034 2032/2032 2033/2033
f 1983/1983 1981/1981 1992/1992
f 1981/1981 1983/1983 1982/1982
f 1982/1982 1987/1987 1991/1991
f 2046/2046 2049/2049 2045/2045
f 2049/2049 2046/2046 2051/2051
f 2051/2051 2046/2046 2050/2050
f 2047/2047 2050/2050 2046/2046
f 2047/2047 2052/2052 2050/2050
f 2053/2053 2052/2052 2047/2047
f 2053/2053 2047/2047 2056/2056
f 1749/1749 1751/1751 1750/1750
f 1468/1468 1469/1469 1466/1466
f 242/242 245/245 241/241
f 23/23 11/11 12/12
f 1222/1222 1214/1214 1217/1217
f 1222/1222 1220/1220 1229/1229
f 1220/1220 1243/1243 1229/1229
f 1217/1217 1220/1220 1222/1222
f 1216/1216 1220/1220 1217/1217
f 1214/1214 1216/1216 1217/1217
f 1216/1216 1221/1221 1220/1220
f 1216/1216 1230/1230 1221/1221
f 1231/1231 1230/1230 1216/1216
f 1232/1232 1230/1230 1231/1231
f 1242/1242 1238/1238 1231/1231
f 1237/1237 1240/1240 1239/1239
f 1515/1515 1517/1517 1501/1501
f 1695/1695 1689/1689 1691/1691
f 1691/1691 1704/1704 1695/1695
f 1854/1854 1840/1840 1853/1853
f 1067/1067 1066/1066 1082/1082
f 1179/1179 1180/1180 1163/1163
f 1179/1179 1163/1163 1164/1164
f 1155/1155 1157/1157 1173/1173
f 1058/1058 1073/1073 1057/1057
f 1166/1166 1167/1167 1165/1165
f 1823/1823 1822/1822 1816/1816
f 2114/2114 2110/2110 2113/2113
f 1915/1915 1929/1929 1930/1930
f 1929/1929 1931/1931 1930/1930
f 158/158 161/161 160/160
f 147/147 161/161 158/158
f 1913/1913 1929/1929 1915/1915
f 66/66 146/146 143/143
f 1912/1912 1909/1909 1911/1911
f 1909/1909 1912/1912 1928/1928
f 1909/1909 1928/1928 1916/1916
f 65/65 58/58 80/80
f 1927/1927 1918/1918 1916/1916
f 323/323 321/321 324/324
f 74/74 79/79 76/76
f 86/86 93/93 76/76
f 316/316 326/326 327/327
f 76/76 93/93 94/94
f 342/342 338/338 361/361
f 371/371 342/342 361/361
f 2005/2005 2001/2001 1997/1997
f 2038/2038 2031/2031 2032/2032
f 1992/1992 2008/2008 2009/2009
f 2001/2001 2008/2008 1992/1992
f 2001/2001 1992/1992 1989/1989
f 1997/1997 2001/2001 1989/1989
f 1979/1979 1989/1989 1981/1981
f 1981/1981 1989/1989 1992/1992
f 1986/1986 1997/1997 1989/1989
f 1982/1982 1991/1991 1985/1985
f 2045/2045 2033/2033 2030/2030
f 2049/2049 2033/2033 2045/2045
f 574/574 575/575 594/594
f 2046/2046 2045/2045 2043/2043
f 577/577 594/594 575/575
f 2046/2046 2043/2043 2047/2047
f 577/577 586/586 596/596
f 1752/1752 1750/1750 1751/1751
f 1468/1468 1470/1470 1469/1469
f 589/589 595/595 586/586
f 2035/2035 2054/2054 2036/2036
f 589/589 600/600 595/595
f 252/252 245/245 257/257
f 249/249 243/243 227/227
f 249/249 227/227 247/247
f 225/225 243/243 229/229
f 243/243 225/225 227/227
f 228/228 221/221 229/229
f 229/229 221/221 225/225
f 16/16 11/11 23/23
f 25/25 12/12 9/9
f 25/25 9/9 18/18
f 1507/1507 1516/1516 1518/1518
f 1218/1218 1212/1212 1215/1215
f 1219/1219 1212/1212 1218/1218
f 1510/1510 1507/1507 1518/1518
f 1212/1212 1213/1213 1214/1214
f 1215/1215 1212/1212 1214/1214
f 1220/1220 1221/1221 1239/1239
f 1243/1243 1220/1220 1239/1239
f 1216/1216 1214/1214 1213/1213
f 1213/1213 1212/1212 1224/1224
f 1221/1221 1237/1237 1239/1239
f 1216/1216 1213/1213 1231/1231
f 1242/1242 1231/1231 1213/1213
f 1514/1514 1515/1515 1500/1500
f 1569/1569 1566/1566 1564/1564
f 1564/1564 1565/1565 1569/1569
f 1515/1515 1501/1501 1500/1500
f 1689/1689 1690/1690 1691/1691
f 1691/1691 1706/1706 1704/1704
f 1853/1853 1840/1840 1852/1852
f 1067/1067 1063/1063 1066/1066
f 1067/1067 1060/1060 1063/1063
f 1053/1053 1054/1054 1055/1055
f 1156/1156 1162/1162 1157/1157
f 2113/2113 2110/2110 2109/2109
f 1934/1934 1930/1930 1932/1932
f 1932/1932 1930/1930 1931/1931
f 1915/1915 1914/1914 1913/1913
f 1911/1911 1913/1913 1914/1914
f 173/173 174/174 147/147
f 146/146 173/173 147/147
f 146/146 66/66 88/88
f 88/88 66/66 65/65
f 65/65 80/80 89/89
f 1925/1925 1918/1918 1927/1927
f 74/74 73/73 72/72
f 321/321 329/329 324/324
f 806/806 807/807 805/805
f 811/811 807/807 806/806
f 811/811 789/789 807/807
f 797/797 787/787 790/790
f 798/798 797/797 790/790
f 787/787 789/789 790/790
f 1486/1486 1487/1487 1490/1490
f 1998/1998 2031/2031 2038/2038
f 1998/1998 1997/1997 1996/1996
f 1998/1998 1999/1999 1997/1997
f 1997/1997 1986/1986 1996/1996
f 2031/2031 2029/2029 2030/2030
f 2032/2032 2031/2031 2030/2030
f 2032/2032 2030/2030 2033/2033
f 1981/1981 1982/1982 1980/1980
f 1979/1979 1981/1981 1980/1980
f 1986/1986 1989/1989 1979/1979
f 1977/1977 1995/1995 1986/1986
f 1980/1980 1982/1982 1985/1985
f 1986/1986 1979/1979 1977/1977
f 1991/1991 1990/1990 1985/1985
f 2045/2045 2030/2030 2028/2028
f 1994/1994 1990/1990 1991/1991
f 2028/2028 2043/2043 2045/2045
f 1991/1991 2010/2010 1994/1994
f 2020/2020 2043/2043 2028/2028
f 1994/1994 2010/2010 2004/2004
f 2047/2047 2043/2043 2048/2048
f 2047/2047 2048/2048 2024/2024
f 2056/2056 2047/2047 2024/2024
f 2025/2025 2036/2036 2056/2056
f 596/596 586/586 595/595
f 2036/2036 2025/2025 2035/2035
f 257/257 245/245 258/258
f 245/245 242/242 258/258
f 228/228 248/248 242/242
f 229/229 248/248 228/228
f 259/259 248/248 229/229
f 19/19 18/18 1/1
f 20/20 19/19 1/1
f 20/20 1/1 4/4
f 20/20 4/4 22/22
f 1225/1225 1219/1219 1226/1226
f 1212/1212 1219/1219 1223/1223
f 1219/1219 1225/1225 1223/1223
f 1223/1223 1224/1224 1212/1212
f 1514/1514 1498/1498 1510/1510
f 1514/1514 1500/1500 1498/1498
f 1568/1568 1563/1563 1566/1566
f 1496/1496 1498/1498 1500/1500
f 1499/1499 1500/1500 1501/1501
f 1564/1564 1560/1560 1565/1565
f 1691/1691 1690/1690 1692/1692
f 1692/1692 1706/1706 1691/1691
f 1852/1852 1840/1840 1838/1838
f 1841/1841 1839/1839 1840/1840
f 1065/1065 1066/1066 1063/1063
f 1163/1163 1158/1158 1164/1164
f 1063/1063 1060/1060 1059/1059
f 1059/1059 1060/1060 1053/1053
f 1164/1164 1158/1158 1155/1155
f 1053/1053 1055/1055 1059/1059
f 1155/1155 1156/1156 1157/1157
f 1056/1056 1055/1055 1054/1054
f 1054/1054 1058/1058 1057/1057
f 170/170 171/171 159/159
f 159/159 157/157 160/160
f 178/178 147/147 174/174
f 146/146 88/88 173/173
f 1928/1928 1927/1927 1916/1916
f 81/81 80/80 71/71
f 71/71 73/73 81/81
f 326/326 323/323 324/324
f 326/326 331/331 327/327
f 76/76 94/94 95/95
f 805/805 819/819 801/801
f 327/327 338/338 316/316
f 357/357 361/361 338/338
f 787/787 797/797 786/786
f 789/789 788/788 807/807
f 789/789 787/787 788/788
f 2029/2029 1998/1998 1996/1996
f 1998/1998 2029/2029 2031/2031
f 1986/1986 1995/1995 1996/1996
f 1996/1996 1995/1995 2029/2029
f 1995/1995 1977/1977 1978/1978
f 2029/2029 2028/2028 2030/2030
f 1980/1980 1972/1972 1979/1979
f 1979/1979 1972/1972 1977/1977
f 1978/1978 1977/1977 1975/1975
f 1988/1988 1980/1980 1985/1985
f 1990/1990 1988/1988 1985/1985
f 1994/1994 2004/2004 2000/2000
f 2043/2043 2020/2020 2048/2048
f 2021/2021 2048/2048 2020/2020
f 2024/2024 2048/2048 2021/2021
f 2003/2003 2000/2000 2004/2004
f 2056/2056 2024/2024 2025/2025
f 2007/2007 2003/2003 2004/2004
f 2025/2025 2026/2026 2035/2035
f 2013/2013 2003/2003 2007/2007
f 2003/2003 2013/2013 2006/2006
f 2035/2035 2026/2026 2057/2057
f 259/259 229/229 243/243
f 248/248 258/258 242/242
f 12/12 11/11 9/9
f 18/18 9/9 1/1
f 22/22 4/4 7/7
f 7/7 26/26 22/22
f 1225/1225 1226/1226 1227/1227
f 1505/1505 1507/1507 1510/1510
f 1225/1225 1227/1227 1228/1228
f 1223/1223 1225/1225 1247/1247
f 1247/1247 1225/1225 1245/1245
f 1228/1228 1245/1245 1225/1225
f 1224/1224 1223/1223 1246/1246
f 1246/1246 1223/1223 1247/1247
f 1510/1510 1498/1498 1505/1505
f 1572/1572 1563/1563 1568/1568
f 1248/1248 1224/1224 1246/1246
f 1495/1495 1498/1498 1496/1496
f 1558/1558 1566/1566 1563/1563
f 1566/1566 1558/1558 1564/1564
f 1558/1558 1560/1560 1564/1564
f 1499/1499 1496/1496 1500/1500
f 1565/1565 1560/1560 1567/1567
f 1840/1840 1839/1839 1838/1838
f 1054/1054 1057/1057 1056/1056
f 1057/1057 1068/1068 1056/1056
f 1817/1817 1816/1816 1821/1821
f 1816/1816 1822/1822 1821/1821
f 1074/1074 1057/1057 1073/1073
f 170/170 159/159 160/160
f 1934/1934 1966/1966 1937/1937
f 1934/1934 1937/1937 1930/1930
f 1915/1915 1930/1930 1937/1937
f 161/161 147/147 178/178
f 1967/1967 1914/1914 1915/1915
f 954/954 986/986 967/967
f 1911/1911 1914/1914 1969/1969
f 1911/1911 1969/1969 1912/1912
f 979/979 957/957 921/921
f 985/985 954/954 964/964
f 985/985 964/964 962/962
f 985/985 962/962 987/987
f 88/88 65/65 132/132
f 965/965 957/957 979/979
f 976/976 987/987 962/962
f 987/987 976/976 991/991
f 329/329 330/330 324/324
f 324/324 330/330 332/332
f 326/326 324/324 332/332
f 819/819 805/805 813/813
f 1972/1972 1975/1975 1977/1977
f 1980/1980 1976/1976 1972/1972
f 2029/2029 1995/1995 2028/2028
f 1976/1976 1980/1980 1988/1988
f 1995/1995 1978/1978 2019/2019
f 1978/1978 2041/2041 2019/2019
f 1993/1993 1988/1988 1990/1990
f 2028/2028 1995/1995 2020/2020
f 1995/1995 2019/2019 2020/2020
f 1994/1994 2000/2000 1990/1990
f 2000/2000 1993/1993 1990/1990
f 2021/2021 2020/2020 2019/2019
f 2022/2022 2021/2021 2019/2019
f 2021/2021 2023/2023 2024/2024
f 2024/2024 2023/2023 2025/2025
f 2003/2003 2002/2002 2000/2000
f 2025/2025 2023/2023 2026/2026
f 2002/2002 2003/2003 2006/2006
f 2044/2044 2059/2059 2027/2027
f 2057/2057 2027/2027 2059/2059
f 2026/2026 2027/2027 2057/2057
f 261/261 258/258 248/248
f 259/259 261/261 248/248
f 11/11 16/16 13/13
f 4/4 6/6 7/7
f 2117/2117 2118/2118 2119/2119
f 1529/1529 1527/1527 1538/1538
f 1538/1538 1526/1526 1539/1539
f 1527/1527 1526/1526 1538/1538
f 1495/1495 1505/1505 1498/1498
f 1495/1495 1496/1496 1497/1497
f 1562/1562 1558/1558 1563/1563
f 1496/1496 1499/1499 1497/1497
f 1852/1852 1838/1838 1842/1842
f 1163/1163 1161/1161 1158/1158
f 1065/1065 1063/1063 1064/1064
f 1156/1156 1155/1155 1158/1158
f 1055/1055 1056/1056 1061/1061
f 1168/1168 1162/1162 1156/1156
f 1162/1162 1168/1168 1166/1166
f 1068/1068 1057/1057 1069/1069
f 1069/1069 1057/1057 1074/1074
f 2110/2110 2112/2112 2111/2111
f 2109/2109 2110/2110 2111/2111
f 170/170 160/160 177/177
f 160/160 161/161 177/177
f 1967/1967 1915/1915 1937/1937
f 161/161 178/178 177/177
f 916/916 915/915 913/913
f 915/915 912/912 913/913
f 918/918 912/912 915/915
f 922/922 918/918 915/915
f 918/918 922/922 921/921
f 918/918 921/921 919/919
f 957/957 919/919 921/921
f 919/919 957/957 930/930
f 962/962 964/964 960/960
f 965/965 958/958 957/957
f 132/132 65/65 89/89
f 80/80 81/81 89/89
f 76/76 73/73 74/74
f 331/331 326/326 332/332
f 76/76 95/95 85/85
f 96/96 95/95 123/123
f 337/337 338/338 327/327
f 805/805 808/808 813/813
f 807/807 808/808 805/805
f 337/337 357/357 338/338
f 1975/1975 2041/2041 1978/1978
f 1976/1976 1988/1988 2016/2016
f 2016/2016 1988/1988 1993/1993
f 2040/2040 2022/2022 2019/2019
f 2000/2000 2002/2002 1993/1993
f 1993/1993 2002/2002 2039/2039
f 2039/2039 2018/2018 1993/1993
f 2021/2021 2022/2022 2023/2023
f 2023/2023 2022/2022 2027/2027
f 2023/2023 2027/2027 2026/2026
f 2039/2039 2002/2002 2006/2006
f 2044/2044 2039/2039 2006/2006
f 2039/2039 2044/2044 2027/2027
f 1516/1516 1507/1507 1509/1509
f 1544/1544 1539/1539 1535/1535
f 1497/1497 1499/1499 1502/1502
f 1693/1693 1692/1692 1690/1690
f 1063/1063 1062/1062 1064/1064
f 1161/1161 1160/1160 1158/1158
f 1063/1063 1059/1059 1062/1062
f 1160/1160 1159/1159 1158/1158
f 1158/1158 1159/1159 1156/1156
f 1059/1059 1055/1055 1061/1061
f 1068/1068 1061/1061 1056/1056
f 1166/1166 1172/1172 1167/1167
f 176/176 171/171 170/170
f 914/914 989/989 988/988
f 988/988 916/916 914/914
f 984/984 956/956 977/977
f 977/977 956/956 926/926
f 967/967 977/977 926/926
f 967/967 926/926 925/925
f 954/954 967/967 925/925
f 954/954 925/925 927/927
f 960/960 964/964 927/927
f 954/954 927/927 964/964
f 957/957 958/958 930/930
f 959/959 930/930 958/958
f 960/960 930/930 959/959
f 959/959 962/962 960/960
f 132/132 89/89 133/133
f 83/83 81/81 73/73
f 393/393 332/332 330/330
f 85/85 95/95 96/96
f 788/788 791/791 807/807
f 787/787 776/776 788/788
f 1972/1972 1976/1976 1973/1973
f 1972/1972 1973/1973 1974/1974
f 1972/1972 1974/1974 1975/1975
f 1976/1976 2016/2016 1973/1973
f 1975/1975 1974/1974 2041/2041
f 2040/2040 2041/2041 1974/1974
f 2041/2041 2040/2040 2019/2019
f 2016/2016 1993/1993 2018/2018
f 2018/2018 2017/2017 2016/2016
f 2040/2040 2018/2018 2022/2022
f 2022/2022 2018/2018 2027/2027
f 2027/2027 2018/2018 2039/2039
f 9/9 11/11 10/10
f 2118/2118 2117/2117 2127/2127
f 1509/1509 1507/1507 1508/1508
f 1506/1506 1507/1507 1505/1505
f 1506/1506 1508/1508 1507/1507
f 1529/1529 1537/1537 1528/1528
f 1527/1527 1528/1528 1525/1525
f 1529/1529 1528/1528 1527/1527
f 1505/1505 1495/1495 1506/1506
f 1539/1539 1526/1526 1535/1535
f 1495/1495 1497/1497 1503/1503
f 1562/1562 1559/1559 1558/1558
f 1558/1558 1559/1559 1560/1560
f 1502/1502 1504/1504 1497/1497
f 1561/1561 1560/1560 1559/1559
f 1567/1567 1560/1560 1561/1561
f 1705/1705 1692/1692 1693/1693
f 1062/1062 1059/1059 1061/1061
f 1159/1159 1168/1168 1156/1156
f 1168/1168 1171/1171 1166/1166
f 1166/1166 1171/1171 1172/1172
f 952/952 989/989 914/914
f 956/956 984/984 928/928
f 914/914 916/916 913/913
f 913/913 910/910 914/914
f 924/924 911/911 926/926
f 926/926 911/911 925/925
f 917/917 912/912 918/918
f 911/911 912/912 917/917
f 925/925 911/911 917/917
f 925/925 917/917 920/920
f 917/917 918/918 919/919
f 925/925 920/920 927/927
f 920/920 917/917 919/919
f 920/920 919/919 930/930
f 960/960 920/920 930/930
f 927/927 920/920 960/960
f 961/961 959/959 958/958
f 961/961 958/958 971/971
f 983/983 974/974 965/965
f 963/963 959/959 961/961
f 959/959 963/963 962/962
f 962/962 963/963 976/976
f 89/89 83/83 133/133
f 81/81 83/83 89/89
f 963/963 972/972 976/976
f 969/969 972/972 963/963
f 976/976 972/972 991/991
f 83/83 73/73 85/85
f 73/73 76/76 85/85
f 331/331 332/332 393/393
f 337/337 327/327 333/333
f 337/337 333/333 336/336
f 337/337 336/336 357/357
f 357/357 336/336 358/358
f 808/808 807/807 791/791
f 787/787 786/786 776/776
f 786/786 784/784 776/776
f 1974/1974 1973/1973 2017/2017
f 1973/1973 2016/2016 2017/2017
f 1974/1974 2017/2017 2040/2040
f 2040/2040 2017/2017 2018/2018
f 11/11 13/13 10/10
f 2123/2123 2118/2118 2127/2127
f 2119/2119 2118/2118 2120/2120
f 1534/1534 1528/1528 1537/1537
f 1525/1525 1526/1526 1527/1527
f 1535/1535 1526/1526 1531/1531
f 1503/1503 1497/1497 1504/1504
f 1837/1837 1838/1838 1839/1839
f 1838/1838 1837/1837 1842/1842
f 1169/1169 1159/1159 1160/1160
f 1061/1061 1068/1068 1072/1072
f 966/966 968/968 943/943
f 929/929 951/951 952/952
f 914/914 908/908 952/952
f 908/908 929/929 952/952
f 2112/2112 2116/2116 2115/2115
f 2112/2112 2115/2115 2111/2111
f 923/923 956/956 928/928
f 910/910 908/908 914/914
f 923/923 924/924 956/956
f 956/956 924/924 926/926
f 910/910 913/913 912/912
f 911/911 910/910 912/912
f 909/909 910/910 911/911
f 924/924 909/909 911/911
f 965/965 974/974 958/958
f 971/971 958/958 974/974
f 961/961 971/971 970/970
f 961/961 969/969 963/963
f 969/969 961/961 970/970
f 969/969 973/973 972/972
f 327/327 331/331 333/333
f 13/13 17/17 10/10
f 1/1 3/3 4/4
f 6/6 4/4 5/5
f 29/29 17/17 13/13
f 2121/2121 2118/2118 2123/2123
f 1526/1526 1525/1525 1530/1530
f 1506/1506 1495/1495 1503/1503
f 1571/1571 1561/1561 1559/1559
f 1502/1502 1513/1513 1504/1504
f 1690/1690 1694/1694 1693/1693
f 1837/1837 1839/1839 1851/1851
f 1160/1160 1170/1170 1169/1169
f 1071/1071 1061/1061 1072/1072
f 1071/1071 1062/1062 1061/1061
f 1171/1171 1159/1159 1169/1169
f 1159/1159 1171/1171 1168/1168
f 932/932 950/950 951/951
f 932/932 934/934 950/950
f 968/968 945/945 943/943
f 943/943 931/931 944/944
f 943/943 944/944 966/966
f 951/951 929/929 932/932
f 931/931 932/932 929/929
f 908/908 907/907 929/929
f 931/931 929/929 907/907
f 944/944 931/931 907/907
f 907/907 928/928 944/944
f 923/923 928/928 907/907
f 909/909 923/923 907/907
f 907/907 908/908 909/909
f 924/924 923/923 909/909
f 909/909 908/908 910/910
f 974/974 983/983 990/990
f 981/981 971/971 974/974
f 981/981 980/980 971/971
f 133/133 83/83 106/106
f 133/133 106/106 126/126
f 971/971 980/980 970/970
f 1052/1052 1051/1051 1046/1046
f 83/83 85/85 106/106
f 85/85 96/96 97/97
f 813/813 808/808 809/809
f 788/788 776/776 791/791
f 2121/2121 2123/2123 2124/2124
f 17/17 29/29 30/30
f 2118/2118 2121/2121 2120/2120
f 1512/1512 1511/1511 1506/1506
f 1525/1525 1533/1533 1530/1530
f 1512/1512 1506/1506 1503/1503
f 1526/1526 1530/1530 1531/1531
f 1535/1535 1531/1531 1543/1543
f 1562/1562 1570/1570 1559/1559
f 1570/1570 1571/1571 1559/1559
f 1701/1701 1705/1705 1693/1693
f 1843/1843 1842/1842 1837/1837
f 1837/1837 1851/1851 1850/1850
f 953/953 950/950 940/940
f 968/968 975/975 946/946
f 946/946 945/945 968/968
f 935/935 934/934 933/933
f 933/933 934/934 932/932
f 945/945 935/935 933/933
f 945/945 933/933 943/943
f 931/931 943/943 933/933
f 931/931 933/933 932/932
f 990/990 981/981 974/974
f 1051/1051 1039/1039 1046/1046
f 394/394 401/401 391/391
f 98/98 106/106 85/85
f 97/97 98/98 85/85
f 334/334 394/394 391/391
f 334/334 331/331 394/394
f 333/333 331/331 334/334
f 810/810 813/813 809/809
f 810/810 809/809 791/791
f 809/809 808/808 791/791
f 791/791 776/776 778/778
f 10/10 8/8 9/9
f 1/1 2/2 3/3
f 4/4 3/3 5/5
f 1508/1508 1506/1506 1511/1511
f 1404/1404 1379/1379 1391/1391
f 1542/1542 1543/1543 1531/1531
f 1404/1404 1402/1402 1379/1379
f 1403/1403 1397/1397 1408/1408
f 1379/1379 1402/1402 1393/1393
f 1377/1377 1379/1379 1393/1393
f 1844/1844 1843/1843 1837/1837
f 1064/1064 1062/1062 1070/1070
f 1062/1062 1071/1071 1070/1070
f 947/947 975/975 978/978
f 975/975 947/947 946/946
f 950/950 934/934 940/940
f 937/937 940/940 934/934
f 945/945 946/946 936/936
f 937/937 934/934 936/936
f 936/936 934/934 935/935
f 935/935 945/945 936/936
f 126/126 106/106 105/105
f 110/110 96/96 123/123
f 333/333 334/334 335/335
f 822/822 813/813 810/810
f 333/333 335/335 336/336
f 776/776 784/784 777/777
f 1/1 9/9 8/8
f 1/1 8/8 2/2
f 2120/2120 2121/2121 2122/2122
f 1391/1391 1374/1374 1392/1392
f 1379/1379 1374/1374 1391/1391
f 1403/1403 1376/1376 1397/1397
f 1377/1377 1375/1375 1379/1379
f 1378/1378 1397/1397 1376/1376
f 1407/1407 1397/1397 1378/1378
f 1703/1703 1700/1700 1702/1702
f 1694/1694 1702/1702 1700/1700
f 1693/1693 1694/1694 1700/1700
f 1701/1701 1693/1693 1700/1700
f 1845/1845 1844/1844 1837/1837
f 949/949 978/978 982/982
f 1845/1845 1837/1837 1850/1850
f 953/953 940/940 948/948
f 978/978 949/949 947/947
f 938/938 936/936 947/947
f 947/947 936/936 946/946
f 1046/1046 1039/1039 1038/1038
f 401/401 400/400 378/378
f 378/378 391/391 401/401
f 96/96 110/110 97/97
f 791/791 778/778 810/810
f 777/777 784/784 782/782
f 1401/1401 1392/1392 1390/1390
f 1390/1390 1381/1381 1401/1401
f 1381/1381 1396/1396 1401/1401
f 2121/2121 2124/2124 2122/2122
f 1381/1381 1390/1390 1374/1374
f 1525/1525 1532/1532 1533/1533
f 1532/1532 1525/1525 1528/1528
f 1534/1534 1532/1532 1528/1528
f 1374/1374 1390/1390 1392/1392
f 1380/1380 1374/1374 1373/1373
f 1380/1380 1373/1373 1384/1384
f 1541/1541 1531/1531 1530/1530
f 1373/1373 1374/1374 1375/1375
f 1541/1541 1542/1542 1531/1531
f 1379/1379 1375/1375 1374/1374
f 1373/1373 1375/1375 1376/1376
f 1373/1373 1376/1376 1403/1403
f 1376/1376 1375/1375 1377/1377
f 1376/1376 1377/1377 1378/1378
f 1844/1844 1845/1845 1846/1846
f 1847/1847 1844/1844 1846/1846
f 1848/1848 1849/1849 1847/1847
f 955/955 948/948 939/939
f 949/949 942/942 938/938
f 949/949 938/938 947/947
f 940/940 939/939 948/948
f 939/939 940/940 937/937
f 936/936 938/938 937/937
f 1043/1043 1035/1035 1036/1036
f 1037/1037 1036/1036 1034/1034
f 1039/1039 1037/1037 1038/1038
f 98/98 105/105 106/106
f 378/378 334/334 391/391
f 335/335 358/358 336/336
f 776/776 777/777 778/778
f 1396/1396 1382/1382 1385/1385
f 5/5 3/3 14/14
f 1382/1382 1396/1396 1381/1381
f 2124/2124 2125/2125 2122/2122
f 1536/1536 1534/1534 1545/1545
f 1380/1380 1382/1382 1381/1381
f 1382/1382 1380/1380 1383/1383
f 1383/1383 1380/1380 1384/1384
f 1536/1536 1532/1532 1534/1534
f 1380/1380 1381/1381 1374/1374
f 1387/1387 1384/1384 1394/1394
f 1540/1540 1530/1530 1533/1533
f 1540/1540 1541/1541 1530/1530
f 1848/1848 1847/1847 1846/1846
f 982/982 942/942 949/949
f 941/941 955/955 939/939
f 938/938 942/942 941/941
f 941/941 939/939 938/938
f 938/938 939/939 937/937
f 1036/1036 1035/1035 1034/1034
f 1043/1043 1042/1042 1035/1035
f 1046/1046 1038/1038 1045/1045
f 97/97 99/99 98/98
f 378/378 368/368 334/334
f 110/110 99/99 97/97
f 822/822 810/810 825/825
f 362/362 358/358 335/335
f 24/24 2/2 8/8
f 2/2 24/24 15/15
f 2/2 15/15 14/14
f 3/3 2/2 14/14
f 1385/1385 1382/1382 1383/1383
f 1383/1383 1386/1386 1385/1385
f 2122/2122 2125/2125 2126/2126
f 1384/1384 1387/1387 1383/1383
f 1387/1387 1386/1386 1383/1383
f 1387/1387 1394/1394 1389/1389
f 1533/1533 1532/1532 1540/1540
f 335/335 334/334 339/339
f 826/826 822/822 825/825
f 810/810 779/779 825/825
f 778/778 779/779 810/810
f 777/777 779/779 778/778
f 1386/1386 1388/1388 1406/1406
f 1388/1388 1395/1395 1406/1406
f 15/15 21/21 14/14
f 1395/1395 1388/1388 1389/1389
f 27/27 14/14 21/21
f 1387/1387 1388/1388 1386/1386
f 1389/1389 1388/1388 1387/1387
f 1400/1400 1405/1405 1398/1398
f 2126/2126 2128/2128 2122/2122
f 1399/1399 1400/1400 1398/1398
f 1399/1399 1389/1389 1394/1394
f 1044/1044 1045/1045 1038/1038
f 104/104 105/105 98/98
f 368/368 339/339 334/334
f 110/110 124/124 99/99
f 339/339 362/362 335/335
f 1389/1389 1398/1398 1395/1395
f 28/28 27/27 21/21
f 1398/1398 1389/1389 1399/1399
f 377/377 378/378 400/400
f 378/378 377/377 368/368
f 825/825 779/779 781/781
f 779/779 777/777 780/780
f 780/780 777/777 782/782
f 1037/1037 1034/1034 1038/1038
f 397/397 377/377 400/400
f 377/377 365/365 368/368
f 365/365 339/339 368/368
f 124/124 100/100 99/99
f 362/362 339/339 363/363
f 785/785 780/780 782/782
f 1032/1032 1034/1034 1035/1035
f 1038/1038 1034/1034 1033/1033
f 1033/1033 1044/1044 1038/1038
f 104/104 98/98 102/102
f 98/98 101/101 102/102
f 98/98 99/99 100/100
f 780/780 781/781 779/779
f 1032/1032 1035/1035 1042/1042
f 364/364 363/363 339/339
f 826/826 825/825 781/781
f 1034/1034 1032/1032 1033/1033
f 397/397 400/400 402/402
f 101/101 98/98 100/100
f 828/828 829/829 826/826
f 365/365 364/364 339/339
f 785/785 795/795 794/794
f 780/780 783/783 781/781
f 783/783 785/785 794/794
f 783/783 780/780 785/785
f 397/397 374/374 377/377
f 377/377 374/374 365/365
f 827/827 828/828 826/826
f 1041/1041 1032/1032 1042/1042
f 104/104 102/102 108/108
f 829/829 828/828 830/830
f 827/827 826/826 781/781
f 402/402 374/374 397/397
f 374/374 366/366 365/365
f 365/365 366/366 364/364
f 796/796 794/794 795/795
f 781/781 792/792 827/827
f 781/781 783/783 792/792
f 1032/1032 1027/1027 1033/1033
f 402/402 375/375 374/374
f 102/102 101/101 103/103
f 374/374 375/375 366/366
f 100/100 107/107 101/101
f 367/367 369/369 364/364
f 796/796 783/783 794/794
f 1032/1032 1031/1031 1027/1027
f 1032/1032 1041/1041 1031/1031
f 1040/1040 1044/1044 1033/1033
f 108/108 102/102 103/103
f 402/402 403/403 375/375
f 367/367 364/364 366/366
f 1033/1033 1027/1027 1040/1040
f 1044/1044 1040/1040 1047/1047
f 783/783 793/793 792/792
f 793/793 783/783 796/796
f 1027/1027 1022/1022 1040/1040
f 1022/1022 1025/1025 1040/1040
f 1031/1031 1041/1041 1024/1024
f 1025/1025 1047/1047 1040/1040
f 2088/2088 2085/2085 2084/2084
f 2085/2085 2083/2083 2084/2084
f 1552/1552 1554/1554 1553/1553
f 2087/2087 2086/2086 2078/2078
f 2083/2083 2081/2081 2084/2084
f 2083/2083 2082/2082 2081/2081
f 2082/2082 2080/2080 2081/2081
f 2080/2080 2079/2079 2081/2081
f 2076/2076 2078/2078 2086/2086
f 2076/2076 2077/2077 2078/2078
f 2079/2079 2080/2080 2072/2072
f 2071/2071 2079/2079 2072/2072
f 2077/2077 2076/2076 2075/2075
f 2072/2072 2068/2068 2071/2071
f 369/369 367/367 372/372
f 2073/2073 2075/2075 2074/2074
f 2076/2076 2074/2074 2075/2075
f 2070/2070 2071/2071 2068/2068
f 2068/2068 2069/2069 2070/2070
f 2069/2069 2073/2073 2070/2070
f 2070/2070 2073/2073 2074/2074
f 1027/1027 1023/1023 1022/1022
f 1024/1024 1023/1023 1031/1031
f 1027/1027 1031/1031 1023/1023
f 1547/1547 1552/1552 1553/1553
f 704/704 707/707 703/703
f 1546/1546 1552/1552 1547/1547
f 703/703 707/707 711/711
f 1555/1555 1552/1552 1546/1546
f 1550/1550 1555/1555 1546/1546
f 201/201 215/215 211/211
f 1550/1550 1557/1557 1555/1555
f 2076/2076 2089/2089 2074/2074
f 211/211 200/200 201/201
f 200/200 198/198 201/201
f 200/200 197/197 198/198
f 210/210 197/197 200/200
f 203/203 197/197 210/210
f 1023/1023 1020/1020 1022/1022
f 1025/1025 1022/1022 1021/1021
f 1022/1022 1020/1020 1021/1021
f 1546/1546 1547/1547 1548/1548
f 1550/1550 1551/1551 1556/1556
f 1556/1556 1557/1557 1550/1550
f 198/198 199/199 201/201
f 198/198 195/195 199/199
f 198/198 197/197 195/195
f 1024/1024 1020/1020 1023/1023
f 1011/1011 1024/1024 1026/1026
f 1546/1546 1548/1548 1550/1550
f 1548/1548 1551/1551 1550/1550
f 703/703 711/711 710/710
f 711/711 713/713 710/710
f 710/710 713/713 715/715
f 201/201 199/199 202/202
f 197/197 196/196 195/195
f 1024/1024 1011/1011 1020/1020
f 1025/1025 1021/1021 997/997
f 1547/1547 1553/1553 1549/1549
f 704/704 705/705 706/706
f 704/704 702/702 705/705
f 704/704 703/703 702/702
f 702/702 703/703 701/701
f 1547/1547 1549/1549 1548/1548
f 701/701 703/703 710/710
f 203/203 193/193 196/196
f 193/193 203/203 208/208
f 196/196 197/197 203/203
f 1441/1441 1446/1446 1447/1447
f 1446/1446 1441/1441 1440/1440
f 1440/1440 1449/1449 1446/1446
f 1438/1438 1449/1449 1440/1440
f 1452/1452 1449/1449 1438/1438
f 701/701 710/710 709/709
f 1449/1449 1452/1452 1453/1453
f 1001/1001 1021/1021 1020/1020
f 1001/1001 1020/1020 1011/1011
f 1000/1000 1021/1021 1001/1001
f 992/992 1021/1021 1000/1000
f 997/997 1021/1021 992/992
f 705/705 686/686 690/690
f 705/705 702/702 686/686
f 1447/1447 1442/1442 1441/1441
f 1439/1439 1440/1440 1441/1441
f 1440/1440 1439/1439 1438/1438
f 702/702 701/701 686/686
f 1436/1436 1437/1437 1438/1438
f 701/701 688/688 686/686
f 1437/1437 1451/1451 1438/1438
f 1584/1584 1592/1592 1585/1585
f 701/701 709/709 688/688
f 1438/1438 1451/1451 1452/1452
f 709/709 710/710 714/714
f 714/714 710/710 715/715
f 202/202 187/187 205/205
f 202/202 199/199 187/187
f 195/195 196/196 179/179
f 179/179 196/196 193/193
f 195/195 187/187 199/199
f 686/686 685/685 690/690
f 994/994 998/998 997/997
f 1442/1442 1439/1439 1441/1441
f 1436/1436 1438/1438 1439/1439
f 1437/1437 1436/1436 1448/1448
f 208/208 209/209 193/193
f 193/193 209/209 190/190
f 194/194 190/190 209/209
f 179/179 187/187 195/195
f 1450/1450 1439/1439 1442/1442
f 1011/1011 1010/1010 1001/1001
f 690/690 685/685 691/691
f 685/685 686/686 687/687
f 686/686 688/688 687/687
f 193/193 190/190 179/179
f 1443/1443 1439/1439 1450/1450
f 997/997 992/992 994/994
f 1443/1443 1436/1436 1439/1439
f 1436/1436 1443/1443 1444/1444
f 1436/1436 1444/1444 1448/1448
f 1592/1592 1584/1584 1582/1582
f 187/187 188/188 205/205
f 179/179 181/181 187/187
f 194/194 191/191 190/190
f 179/179 180/180 181/181
f 992/992 1000/1000 995/995
f 1444/1444 1443/1443 1445/1445
f 992/992 995/995 993/993
f 992/992 993/993 994/994
f 1591/1591 1587/1587 1586/1586
f 687/687 688/688 689/689
f 1586/1586 1583/1583 1585/1585
f 708/708 689/689 688/688
f 1585/1585 1583/1583 1584/1584
f 688/688 709/709 708/708
f 187/187 181/181 188/188
f 180/180 179/179 190/190
f 1001/1001 1010/1010 1004/1004
f 998/998 994/994 1016/1016
f 685/685 692/692 691/691
f 1591/1591 1589/1589 1587/1587
f 685/685 693/693 692/692
f 1587/1587 1583/1583 1586/1586
f 1583/1583 1582/1582 1584/1584
f 714/714 708/708 709/709
f 191/191 194/194 207/207
f 1018/1018 1015/1015 1017/1017
f 1016/1016 1015/1015 1019/1019
f 1015/1015 1018/1018 1019/1019
f 1445/1445 1454/1454 1444/1444
f 1454/1454 1455/1455 1444/1444
f 1001/1001 1004/1004 999/999
f 1000/1000 1001/1001 999/999
f 1000/1000 999/999 995/995
f 1016/1016 994/994 1015/1015
f 1589/1589 1588/1588 1587/1587
f 693/693 685/685 687/687
f 1587/1587 1588/1588 1583/1583
f 699/699 689/689 708/708
f 1583/1583 1577/1577 1582/1582
f 185/185 180/180 190/190
f 191/191 185/185 190/190
f 993/993 995/995 996/996
f 993/993 1015/1015 994/994
f 1590/1590 1588/1588 1589/1589
f 689/689 693/693 687/687
f 1886/1886 1888/1888 1884/1884
f 1892/1892 1886/1886 1891/1891
f 2130/2130 2132/2132 2131/2131
f 2129/2129 2130/2130 2131/2131
f 1580/1580 1582/1582 1577/1577
f 1017/1017 1015/1015 1009/1009
f 1010/1010 1005/1005 1004/1004
f 995/995 999/999 996/996
f 1015/1015 993/993 1009/1009
f 1590/1590 1589/1589 1598/1598
f 1012/1012 1005/1005 1010/1010
f 691/691 692/692 694/694
f 1889/1889 1887/1887 1884/1884
f 689/689 695/695 693/693
f 1887/1887 1885/1885 1884/1884
f 695/695 689/689 699/699
f 1886/1886 1890/1890 1891/1891
f 1890/1890 1886/1886 1885/1885
f 1884/1884 1885/1885 1886/1886
f 1770/1770 1769/1769 1774/1774
f 1774/1774 1769/1769 1775/1775
f 205/205 188/188 212/212
f 1582/1582 1580/1580 1593/1593
f 191/191 192/192 185/185
f 207/207 192/192 191/191
f 1017/1017 1009/1009 1050/1050
f 1030/1030 1050/1050 1009/1009
f 692/692 696/696 694/694
f 1594/1594 1590/1590 1579/1579
f 692/692 693/693 696/696
f 1594/1594 1595/1595 1590/1590
f 693/693 695/695 696/696
f 2157/2157 2158/2158 2159/2159
f 1595/1595 1594/1594 1599/1599
f 1768/1768 1770/1770 1771/1771
f 1776/1776 1775/1775 1769/1769
f 1575/1575 1576/1576 1577/1577
f 712/712 699/699 708/708
f 1580/1580 1577/1577 1576/1576
f 181/181 180/180 182/182
f 996/996 1009/1009 993/993
f 1594/1594 1579/1579 1573/1573
f 1772/1772 1769/1769 1768/1768
f 1773/1773 1772/1772 1768/1768
f 1768/1768 1769/1769 1770/1770
f 213/213 212/212 188/188
f 181/181 182/182 188/188
f 185/185 183/183 180/180
f 1004/1004 1005/1005 1003/1003
f 999/999 1002/1002 996/996
f 1009/1009 996/996 1008/1008
f 1030/1030 1009/1009 1008/1008
f 696/696 698/698 694/694
f 1573/1573 1574/1574 1575/1575
f 1575/1575 1574/1574 1576/1576
f 189/189 213/213 188/188
f 180/180 183/183 182/182
f 1004/1004 1003/1003 999/999
f 1008/1008 996/996 1007/1007
f 1579/1579 1578/1578 1573/1573
f 182/182 189/189 188/188
f 182/182 184/184 189/189
f 1012/1012 1013/1013 1005/1005
f 1008/1008 1007/1007 1049/1049
f 1049/1049 1030/1030 1008/1008
f 1579/1579 1597/1597 1578/1578
f 696/696 695/695 697/697
f 1574/1574 1573/1573 1578/1578
f 695/695 699/699 697/697
f 712/712 697/697 699/699
f 1581/1581 1576/1576 1574/1574
f 1580/1580 1576/1576 1581/1581
f 1593/1593 1580/1580 1581/1581
f 183/183 184/184 182/182
f 996/996 1002/1002 1006/1006
f 698/698 696/696 697/697
f 1208/1208 1191/1191 1207/1207
f 1596/1596 1581/1581 1574/1574
f 1198/1198 1191/1191 1208/1208
f 1195/1195 1203/1203 1196/1196
f 189/189 184/184 204/204
f 204/204 184/184 186/186
f 185/185 206/206 186/186
f 206/206 185/185 192/192
f 214/214 206/206 192/192
f 183/183 186/186 184/184
f 186/186 183/183 185/185
f 1014/1014 1003/1003 1005/1005
f 999/999 1003/1003 1002/1002
f 1006/1006 1007/1007 996/996
f 1014/1014 1005/1005 1013/1013
f 698/698 697/697 700/700
f 1210/1210 1204/1204 1209/1209
f 1207/1207 1190/1190 1205/1205
f 1202/1202 1209/1209 1204/1204
f 1578/1578 1596/1596 1574/1574
f 1191/1191 1190/1190 1207/1207
f 1202/1202 1196/1196 1203/1203
f 1187/1187 1186/1186 1191/1191
f 1191/1191 1198/1198 1187/1187
f 1196/1196 1193/1193 1195/1195
f 1186/1186 1187/1187 1185/1185
f 1193/1193 1189/1189 1195/1195
f 1185/1185 1187/1187 1197/1197
f 1185/1185 1197/1197 1189/1189
f 1195/1195 1189/1189 1197/1197
f 1205/1205 1201/1201 1211/1211
f 1007/1007 1006/1006 1028/1028
f 1028/1028 1049/1049 1007/1007
f 1188/1188 1201/1201 1205/1205
f 1188/1188 1205/1205 1190/1190
f 1210/1210 1206/1206 1204/1204
f 1194/1194 1202/1202 1204/1204
f 1194/1194 1196/1196 1202/1202
f 1191/1191 1186/1186 1190/1190
f 1192/1192 1193/1193 1196/1196
f 1184/1184 1186/1186 1185/1185
f 1189/1189 1193/1193 1183/1183
f 1189/1189 1183/1183 1185/1185
f 1003/1003 1048/1048 1002/1002
f 1201/1201 1199/1199 1211/1211
f 1006/1006 1002/1002 1029/1029
f 1002/1002 1048/1048 1029/1029
f 1029/1029 1028/1028 1006/1006
f 1200/1200 1194/1194 1206/1206
f 1194/1194 1204/1204 1206/1206
f 1186/1186 1188/1188 1190/1190
f 1184/1184 1188/1188 1186/1186
f 1196/1196 1194/1194 1192/1192
f 1192/1192 1183/1183 1193/1193
f 1183/1183 1184/1184 1185/1185
f 1201/1201 1188/1188 1199/1199
f 1188/1188 1182/1182 1199/1199
f 1200/1200 1199/1199 1182/1182
f 1200/1200 1181/1181 1194/1194
f 1181/1181 1182/1182 1183/1183
f 1194/1194 1181/1181 1192/1192
f 1182/1182 1188/1188 1184/1184
f 1183/1183 1182/1182 1184/1184
f 1192/1192 1181/1181 1183/1183
f 1200/1200 1182/1182 1181/1181

