# https://github.com/mikedh/trimesh
mtllib material.mtl

o tmpktmzxugh.ply
usemtl material_0
v 0.21675773 -0.99998927 0.11314900
v 0.20604943 -1.00066853 -0.09147564
v 0.34234506 -1.00071883 0.00008473
v 0.35790479 -1.00089371 0.14657250
v 0.21377064 -1.00004649 0.22790635
v 0.35204193 -0.99982202 0.24252288
v 0.31139189 -1.00019300 -0.15203312
v 0.20433708 -0.99838960 -0.14478953
v 0.23979557 -0.99832916 0.25907844
v 0.35700801 -0.99735415 -0.09093481
v 0.34539461 -0.99737114 -0.13676049
v 0.37965867 -0.99850273 0.14243411
v 0.37400010 -0.99691337 0.02917956
v 0.36635631 -0.99665064 -0.04085851
v 0.20022970 -0.99796957 0.19409820
v 0.20045504 -0.99855769 0.10725805
v 0.19858684 -0.99708682 0.00373424
v 0.18866646 -0.99761325 -0.10422985
v 0.21653862 -0.99552119 -0.16502953
v 0.38059071 -0.99550229 0.21537896
v 0.33814570 -0.99509412 0.26500636
v 0.31568027 -0.99338239 -0.17170247
v 0.28863269 -0.99025089 0.27684546
v 0.32939693 -0.99003083 -0.16961288
v 0.18771271 -0.99137068 0.00633153
v 0.18945996 -0.98823220 0.06507284
v 0.39191127 -0.99038470 0.17955941
v 0.19773144 -0.99064445 0.22382206
v 0.37030199 -0.98818600 0.24670793
v 0.19232008 -0.98871022 -0.15116473
v 0.20778666 -0.98869056 -0.16888380
v 0.22288066 -0.99002004 0.26136556
v 0.39179575 -0.98809236 0.09966438
v 0.38190511 -0.98972917 0.02623598
v 0.35573071 -0.98944581 -0.13775738
v 0.18812980 -0.98752528 0.16139661
v 0.22700039 -0.98520583 -0.17695272
v 0.37040994 -0.98820865 -0.06553446
v 0.10036536 -0.56980467 0.00151539
v 0.07985699 -0.40502700 0.01615521
v 0.09013903 -0.47021616 -0.04820953
v 0.07594679 -0.35823128 -0.03855971
v 0.06260868 -0.27156332 0.03379807
v 0.10410523 -0.58034480 -0.07104442
v 0.11324833 -0.65276897 -0.08063269
v 0.11820616 -0.71705741 -0.02699110
v 0.06308756 -0.24242108 -0.04468067
v 0.12508067 -0.75397605 -0.06350593
v 0.05771551 -0.24570274 0.04425823
v 0.06822060 -0.25029764 -0.07591750
v 0.08688124 -0.37740937 -0.09641029
v 0.06636431 -0.22975710 -0.08299681
v 0.13123630 -0.74547267 -0.11237068
v 0.10082988 -0.47030163 -0.11049434
v 0.12586713 -0.75599682 -0.02469667
v 0.11939695 -0.62698525 -0.12134255
v 0.08199920 -0.30035993 -0.11301233
v 0.08065399 -0.38625896 0.07773352
v 0.06291581 -0.24497700 0.12084593
v 0.10122129 -0.54416740 0.04484582
v 0.08905834 -0.40538502 0.09921926
v 0.11800193 -0.65076298 0.04552829
v 0.11243533 -0.48804533 -0.13781953
v 0.07963735 -0.21812260 -0.13248526
v 0.13634121 -0.75884098 0.03204542
v 0.09480375 -0.33037615 -0.13469155
v 0.07250629 -0.25264728 0.15555614
v 0.10906069 -0.53515863 0.08230228
v 0.09067203 -0.35834762 0.13014722
v 0.06189274 -0.22628671 0.15083911
v 0.13366531 -0.64539284 -0.15139905
v 0.15268937 -0.73549885 -0.16342176
v 0.06539991 -0.21467754 0.17193790
v 0.14692697 -0.75079823 -0.14136058
v 0.12433442 -0.61632472 0.07809568
v 0.11021140 -0.46952242 0.11153009
v 0.13977133 -0.76794642 0.01439216
v 0.05204875 -0.23234220 -0.02938082
v 0.05305132 -0.23110321 0.11595297
v 0.05213252 -0.23921113 0.04568543
v 0.13474055 -0.56439787 -0.16356559
v 0.16279136 -0.76931733 0.07231152
v 0.14864501 -0.77121228 0.04313516
v 0.12921533 -0.47761795 -0.16266291
v 0.11777764 -0.39412656 -0.15765381
v 0.10122473 -0.29222181 -0.14884363
v 0.14651161 -0.63549542 -0.17047215
v 0.06247966 -0.21768863 -0.10360301
v 0.07730136 -0.20085293 -0.14399891
v 0.13787189 -0.75558197 -0.10469195
v 0.10903146 -0.31568956 0.17199713
v 0.16328008 -0.69194299 -0.18086809
v 0.09787229 -0.20563291 -0.15334846
v 0.15051410 -0.63907397 0.10188324
v 0.14509167 -0.50181228 0.14216037
v 0.13575406 -0.42822060 0.15647158
v 0.10032458 -0.25302020 0.18734191
v 0.17978041 -0.76679319 0.09177352
v 0.16387880 -0.74703389 -0.16467094
v 0.17250679 -0.74145418 -0.18013719
v -0.19677308 -1.00138879 0.06257404
v -0.09177311 -1.00055766 -0.05562526
v -0.11561631 -0.99974763 0.07479052
v -0.22314610 -1.00153530 -0.11890735
v -0.09660649 -1.00044763 -0.12146475
v -0.14198238 -1.00093150 0.14528082
v -0.26979634 -1.00083780 0.10477509
v -0.24805871 -1.00111473 0.00858406
v -0.26654962 -1.00088203 0.20652889
v -0.21189743 -0.99946427 0.25890926
v -0.24081951 -1.00017929 -0.06578970
v -0.15540506 -0.99699795 0.25937670
v -0.12739149 -0.99514830 0.24929301
v -0.11210195 -0.99634033 0.21494076
v -0.09807348 -0.99683994 0.14330138
v -0.11891730 -0.99647439 -0.16387653
v -0.21646070 -0.99914712 -0.14858952
v -0.08404664 -0.99649817 0.01330251
v -0.09549054 -0.99397933 -0.16727543
v -0.26076269 -0.99557877 0.24954531
v -0.07315913 -0.99541444 -0.11413059
v -0.07383750 -0.99546748 -0.03602904
v -0.28481656 -0.99633908 0.20624718
v -0.26310766 -0.99868143 0.03370580
v -0.25235844 -0.99771738 -0.04121981
v -0.20024358 -0.99092656 -0.17299066
v -0.26281986 -0.98924404 -0.02330638
v -0.23563260 -0.99017620 0.27025205
v -0.09148767 -0.99060315 0.16857028
v -0.27525005 -0.99459827 0.06148938
v -0.16270266 -0.98934585 0.27322719
v -0.24761441 -0.99229950 -0.09262519
v -0.07207932 -0.98812819 -0.13879353
v -0.28758118 -0.99066269 0.12542810
v -0.08274242 -0.99000108 0.09055068
v -0.07240862 -0.98929298 -0.00167006
v -0.24577759 -0.98826849 -0.11104574
v -0.28206789 -0.98955423 0.22969639
v -0.06466569 -0.98874468 -0.08547037
v -0.23052487 -0.98868406 -0.14794265
v -0.21231776 -0.98707032 -0.16651645
v -0.11961090 -0.98423749 -0.17749016
v -0.27350375 -0.98777151 0.03377426
v -0.17485662 -0.12179021 0.09264764
v -0.17165683 -0.07252475 0.06579094
v -0.18870077 -0.16360724 0.04343588
v -0.19269855 -0.24324071 0.12008851
v -0.17572904 -0.07486983 -0.01920957
v -0.19265309 -0.17490275 -0.01925537
v -0.21104699 -0.27886799 0.05537330
v -0.21544951 -0.29202971 -0.00592307
v -0.22206968 -0.35519564 0.07773675
v -0.23359509 -0.40528354 0.01445105
v -0.24348427 -0.48623115 0.04030275
v -0.20000055 -0.25654384 0.09956422
v -0.23861797 -0.50283074 0.07862952
v -0.23874491 -0.46666533 -0.03780640
v -0.25505742 -0.60173774 -0.00585931
v -0.22121932 -0.34638646 -0.04864319
v -0.25211358 -0.61033374 0.04590805
v -0.26391879 -0.74774319 0.01105841
v -0.26733974 -0.75032204 -0.03516708
v -0.25455850 -0.63295436 -0.05773920
v -0.26611564 -0.74815619 -0.06270929
v -0.19722413 -0.24156661 -0.08556569
v -0.17139556 -0.06960792 -0.06967124
v -0.25806740 -0.74215829 -0.10882992
v -0.23272368 -0.50281775 -0.09173218
v -0.24477766 -0.63847291 -0.10965202
v -0.20159644 -0.31065142 -0.10892517
v -0.20670666 -0.32460716 0.11610949
v -0.21831147 -0.39611885 0.10943702
v -0.22280663 -0.50485653 -0.12065292
v -0.24638465 -0.69268364 0.07069954
v -0.23802952 -0.59122926 0.08952001
v -0.14991759 -0.07409340 0.13708957
v -0.17187950 -0.18377145 0.14419749
v -0.24884750 -0.75909656 0.05941322
v -0.24334204 -0.73530859 -0.14723183
v -0.17233260 -0.14660111 -0.10551305
v -0.22246660 -0.49800050 0.11338419
v -0.14963475 -0.06225393 -0.11767227
v -0.22350203 -0.63600594 -0.15503599
v -0.13760674 -0.07431392 0.16449542
v -0.20351419 -0.40808722 -0.13203134
v -0.19551553 -0.32977861 0.13726814
v -0.14587101 -0.06277520 0.15086980
v -0.17069264 -0.05202879 0.09745365
v -0.18341011 -0.05163416 0.04242706
v -0.17176238 0.01944876 0.08994614
v -0.18456009 0.01955059 0.02005932
v -0.18235269 -0.05335543 -0.04205799
v -0.18084858 0.02056675 -0.04074047
v -0.16777378 0.02190120 -0.08889095
v -0.15985078 0.01946676 0.12522206
v -0.16713297 -0.05221495 -0.09302999
v -0.14849484 -0.05292151 0.15400845
v -0.14009684 0.01819238 0.16957094
v -0.16758445 0.03570981 0.05055486
v -0.15651558 -0.16361283 0.16317417
v -0.17339411 -0.26481822 0.15593065
v -0.17053275 0.03467961 -0.03235806
v -0.16873759 0.04615933 -0.05219837
v -0.17085655 0.12809594 0.05124737
v -0.17845666 0.12188768 -0.00956060
v -0.16332771 0.13438734 0.08373020
v -0.15015399 0.03583112 0.11843424
v -0.18433957 0.11702980 -0.08165087
v -0.19317171 0.15947863 -0.09041881
v -0.14513645 0.14165114 0.13473780
v -0.15709805 0.04189149 -0.10269210
v -0.19746961 0.19524129 0.00381833
v -0.17937656 0.19658563 0.07219749
v -0.15071222 0.17980951 0.13220863
v -0.12827274 0.03893245 0.16684601
v -0.19992699 0.18097447 -0.09123654
v -0.12340041 0.18450040 0.17773716
v -0.18529016 0.16396195 -0.12889917
v -0.18435800 0.19555925 -0.15329246
v -0.12629738 -0.05234257 0.18885337
v -0.20670357 -0.43311250 0.12904780
v -0.17913283 0.22007263 0.09936957
v -0.20015715 0.20858435 0.01817985
v -0.14473434 0.20402305 0.16436327
v -0.12483080 -0.07637572 0.18097851
v -0.23275119 -0.75599945 0.08272336
v -0.13280204 -0.13516936 0.18135908
v -0.12679552 0.19515222 0.17757581
v -0.11707196 0.01975988 0.19770631
v -0.11550736 0.03811169 0.18164134
v -0.21546184 -0.64598912 0.10900371
v -0.21762411 -0.57706982 0.11367308
v -0.15280107 0.02025087 -0.11663489
v -0.25775766 -0.75862628 0.00815373
v -0.21098316 0.23788920 0.03753508
v -0.18434840 -0.30460736 -0.13427334
v -0.16494729 -0.18547525 -0.12678619
v -0.20489635 -0.52740628 -0.15288967
v -0.14598861 -0.05221966 -0.12477301
v -0.21259388 0.20210485 -0.02022874
v -0.13770509 0.03323001 -0.12771001
v -0.14815398 0.09979454 -0.14918369
v -0.21941282 -0.72699171 -0.17498778
v -0.18270802 0.24388564 0.14523347
v -0.22296111 0.26528871 0.07754470
v -0.20952527 0.28596067 0.11654754
v -0.17158534 0.26081112 0.16572241
v -0.14705877 0.22899623 0.19433011
v -0.23253311 0.28880733 0.08535666
v -0.22171748 -0.73762089 -0.17182359
v -0.21845211 -0.76894635 0.08549656
v 0.10314104 -0.14068817 0.21194620
v 0.16308346 -0.13662802 0.19903858
v 0.14700566 -0.07299930 0.20399885
v 0.07832514 -0.07301815 0.22256963
v 0.10426808 -0.19646342 0.20144799
v 0.12129463 -0.27253756 0.18927899
v 0.17926773 -0.31719646 0.17613687
v 0.15477049 -0.37677857 0.17241347
v 0.22399743 -0.49287134 0.15077430
v 0.18520667 -0.50017148 0.15507732
v 0.23102650 -0.29176047 0.16657917
v 0.27529043 -0.46146613 0.14274494
v 0.28566858 -0.56431824 0.13317424
v 0.25827685 -0.66771591 0.12805456
v 0.29819661 -0.75350058 0.11220188
v 0.24621283 -0.76713902 0.11698156
v 0.19352135 -0.59422845 0.14203101
v 0.22293530 -0.73388582 0.12292875
v 0.05540784 -0.12596823 0.21814010
v 0.07114586 -0.16899914 0.20918953
v 0.01119539 -0.07333636 0.22510248
v 0.33188280 -0.66968650 0.10743663
v 0.30683100 -0.52948344 0.12760594
v 0.22641820 -0.19669461 0.17222430
v 0.26117009 -0.31078562 0.15269858
v 0.28472665 -0.39357144 0.14005472
v 0.34377393 -0.75981009 0.09289145
v 0.20474200 -0.12801950 0.18183011
v 0.30217326 -0.77046490 0.10562875
v -0.02934939 -0.16905895 0.20878822
v 0.16201484 -0.49775368 0.15330127
v 0.13980600 -0.38703725 0.16911781
v 0.19853091 -0.06729834 0.17856736
v 0.32693097 -0.76846087 0.09267270
v -0.05621394 -0.07324879 0.21228783
v 0.08676162 -0.20833518 0.19474231
v -0.10941296 -0.17197880 0.19029024
v -0.03399850 -0.22220758 0.19717741
v -0.02060148 -0.20236142 0.19941051
v -0.02015553 -0.28206310 0.17919676
v -0.06106703 -0.29651701 0.18458846
v -0.04637203 -0.36476466 0.17261648
v -0.07276509 -0.40355048 0.16892990
v -0.05369332 -0.45554441 0.15643217
v -0.07933251 -0.49725354 0.15585792
v -0.07818916 -0.59013432 0.14133893
v -0.09698468 -0.59592927 0.14327388
v -0.09863503 -0.67038941 0.13212736
v -0.14977835 -0.73513979 0.11863447
v -0.11807647 -0.76644307 0.11658552
v -0.12262160 -0.51722330 0.14852042
v -0.18270563 -0.55223131 0.13179472
v -0.16542454 -0.77356821 0.10644213
v -0.17356023 -0.36289188 0.15349528
v -0.15086678 -0.28256887 0.16706517
v -0.18403105 -0.44993794 0.14146440
v 0.10032458 -0.25302020 0.18734191
v -0.20715123 -0.76090509 0.09948628
v 0.21354020 -0.77098554 0.10865227
v -0.09387982 -0.77363724 0.10728522
v -0.21546184 -0.64598912 0.10900371
v 0.19356470 -0.71170628 0.11825397
v 0.17713842 -0.60805005 0.13430434
v -0.07574478 -0.64251494 0.12904999
v 0.14509167 -0.50181228 0.14216037
v -0.10180509 -0.07080045 0.19643271
v 0.10903146 -0.31568956 0.17199713
v 0.13575406 -0.42822060 0.15647158
v 0.06511559 -0.19942631 0.19115825
v -0.00363304 -0.20587802 0.19068411
v -0.14691746 -0.19944337 0.17355867
v -0.13280204 -0.13516936 0.18135908
v -0.21762411 -0.57706982 0.11367308
v -0.17339411 -0.26481822 0.15593065
v 0.17978041 -0.76679319 0.09177352
v -0.02484811 -0.33455858 0.16630322
v -0.15651558 -0.16361283 0.16317417
v -0.20670357 -0.43311250 0.12904780
v -0.22246660 -0.49800050 0.11338419
v 0.22631219 -0.77757454 0.10518929
v -0.23275119 -0.75599945 0.08272336
v -0.05857105 -0.57160145 0.13200997
v -0.06966024 -0.76909882 0.09211165
v -0.12253825 -0.77709925 0.10612904
v -0.09242905 -0.05360977 0.21546766
v -0.02046389 -0.05267271 0.24093905
v 0.13883819 -0.05289684 0.22511598
v -0.12483080 -0.07637572 0.18097851
v -0.12629738 -0.05234257 0.18885337
v -0.19551553 -0.32977861 0.13726814
v 0.03490422 -0.05591773 0.24684657
v 0.07909506 -0.05291604 0.24272113
v 0.15051410 -0.63907397 0.10188324
v 0.18613265 -0.05175615 0.19920678
v 0.17762204 0.01954513 0.20693685
v -0.21845211 -0.76894635 0.08549656
v 0.35476190 -0.70227325 0.08699660
v 0.33177954 -0.57190639 0.10738312
v 0.30988792 -0.46342817 0.12241091
v -0.05377982 -0.76720625 0.07778002
v 0.06539991 -0.21467754 0.17193790
v 0.20013291 -0.77708501 0.09327003
v -0.01480940 -0.48531917 0.10763068
v 0.34893146 -0.76595515 0.08226760
v 0.37128738 -0.75640154 0.06483636
v 0.00557083 -0.37235403 -0.07424404
v -0.00089338 -0.52403545 -0.04946408
v -0.00629678 -0.48478827 -0.09835413
v 0.00833178 -0.42400047 0.00201861
v 0.01505752 -0.29572526 -0.04112818
v 0.01313144 -0.22927654 -0.08480114
v 0.01988871 -0.24297152 -0.02038231
v -0.01060602 -0.63329589 -0.08256722
v -0.00952662 -0.68187535 -0.03675403
v -0.01879751 -0.74658525 -0.08607396
v -0.01726360 -0.76008499 -0.02404950
v 0.02114093 -0.24459776 0.04844848
v -0.00025445 -0.53801596 0.01708566
v 0.01885314 -0.24011442 0.10344523
v -0.00626389 -0.57569152 0.04118097
v -0.01617921 -0.67501998 0.03777553
v -0.02037391 -0.75848317 0.00564111
v -0.00667439 -0.51463687 0.07617310
v 0.00391829 -0.37645194 0.10310774
v 0.01354843 -0.23519312 0.14152116
v -0.01988013 -0.62086207 -0.12492225
v -0.00642335 -0.34111744 -0.12779374
v 0.00385686 -0.22261801 -0.12600331
v -0.03042575 -0.74525702 -0.13116831
v -0.01555844 -0.44360602 -0.13420528
v -0.03512765 -0.76565790 0.04861967
v -0.04322578 -0.73303890 -0.16110036
v -0.04135237 -0.68072671 -0.16505077
v -0.03026758 -0.52448475 -0.15674013
v -0.02787111 -0.42648956 -0.15822025
v -0.01737911 -0.31559342 -0.14987139
v -0.00619584 -0.20892419 -0.14753203
v -0.00276566 -0.35825515 0.12991390
v 0.00495378 -0.21846111 0.17269255
v -0.01480940 -0.48531917 0.10763068
v -0.02390441 -0.61633223 0.08193205
v 0.01912426 -0.22495000 0.14595611
v -0.03447286 -0.77023590 0.03229272
v -0.05377982 -0.76720625 0.07778002
v -0.02737303 -0.75718671 -0.08637490
v -0.04889584 -0.74772197 -0.15781669
v -0.04238052 -0.57314092 -0.16977473
v -0.06286075 -0.71087307 -0.18530656
v -0.04064211 -0.45160437 -0.16810855
v -0.06197377 -0.74327260 -0.17691673
v -0.02484811 -0.33455858 0.16630322
v -0.02015553 -0.28206310 0.17919676
v -0.00363304 -0.20587802 0.19068411
v -0.05857105 -0.57160145 0.13200997
v 0.02339933 0.03202798 -0.15603481
v -0.05482285 0.04200920 -0.15425196
v 0.07505672 0.04174109 -0.15709817
v 0.09451982 0.03213781 -0.15609848
v -0.05999848 0.03151885 -0.15242778
v -0.10317779 0.03158091 -0.14784709
v -0.09655787 0.08897776 -0.16849177
v -0.02438611 0.08731887 -0.17418507
v 0.08963530 0.06848385 -0.16782200
v 0.09556289 0.15484023 -0.19246171
v -0.02363235 0.16444573 -0.19396648
v 0.16142938 0.10339642 -0.17438130
v 0.16528144 0.03349140 -0.15033709
v -0.09502760 0.19169731 -0.19173640
v -0.01713850 0.24066676 -0.20468250
v -0.07243904 0.24881737 -0.20264877
v 0.11823563 0.25368321 -0.20416434
v 0.15391138 0.19912483 -0.19419640
v 0.20541887 0.25001174 -0.19130841
v 0.21396312 0.15291764 -0.17244400
v 0.19782525 0.07623281 -0.15755495
v -0.15177095 0.26688936 -0.18960094
v -0.01272073 0.35515600 -0.20367262
v 0.14842559 0.31880486 -0.20182441
v -0.10441361 0.37343329 -0.19563846
v -0.03548038 0.40026429 -0.19981433
v -0.18543459 0.32669610 -0.18518981
v -0.21230784 0.38779017 -0.18630475
v -0.30715457 0.32408649 -0.17811987
v -0.20964365 0.27237791 -0.17095384
v -0.28677702 0.26510185 -0.17257769
v -0.32244039 0.26751736 -0.17426871
v -0.36918476 0.29896060 -0.17410628
v -0.41256058 0.22759575 -0.17035112
v -0.35713157 0.23197170 -0.16718303
v -0.43692225 0.27757645 -0.17012759
v -0.27345914 0.39387533 -0.18039174
v -0.49083510 0.21682464 -0.17187509
v -0.47427347 0.19432281 -0.16720980
v -0.53437978 0.18627031 -0.16953123
v -0.61176527 0.20610528 -0.17000473
v -0.64967531 0.17703323 -0.16212314
v 0.12808371 0.40589812 -0.19761679
v -0.51779556 0.26195732 -0.16735792
v -0.31812122 0.35729343 -0.17494781
v -0.37252983 0.32974344 -0.16799563
v -0.64268339 0.25475967 -0.16447902
v -0.16692045 0.42387161 -0.18601841
v 0.23963647 0.32453862 -0.18547046
v 0.22389708 0.41165873 -0.18592028
v 0.29575139 0.33600509 -0.18025246
v 0.30365697 0.39999688 -0.18053533
v 0.38366035 0.32656449 -0.17231120
v 0.36112571 0.28255016 -0.17224224
v 0.46622598 0.26482078 -0.16812047
v 0.45934919 0.22739391 -0.16572209
v 0.52259552 0.21626002 -0.16849510
v 0.29949459 0.27666605 -0.16832966
v 0.27583802 0.28916052 -0.17506899
v 0.52772248 0.26735640 -0.16465642
v 0.62076920 0.22101861 -0.16888820
v 0.58606678 0.19259706 -0.16804573
v 0.46113998 0.30742696 -0.16458248
v 0.39470267 0.35272297 -0.16800846
v 0.63756996 0.17729844 -0.17393130
v 0.38028309 0.24474315 -0.16291022
v -0.68691355 0.25868008 -0.16571081
v -0.68079990 0.19400589 -0.17417118
v 0.07492100 0.46294954 -0.18979143
v 0.52693707 0.19128491 -0.16188727
v 0.66973442 0.19647025 -0.17966333
v 0.66223037 0.13371065 -0.17737162
v -0.21950866 0.42879847 -0.17911443
v -0.03643786 0.48089606 -0.18547207
v 0.00312496 0.51064372 -0.18421780
v 0.06614691 0.52110445 -0.18426560
v 0.01799407 0.53325146 -0.18940383
v 0.08275156 0.53972834 -0.18759990
v -0.02253004 0.53812975 -0.18296225
v 0.10589211 0.48705706 -0.18316762
v -0.08653255 0.46616554 -0.18131395
v 0.58620584 0.15719730 -0.15635341
v 0.30618715 0.42952102 -0.17379779
v 0.71906465 0.09134804 -0.19432145
v 0.74408138 0.10764749 -0.20224392
v 0.77012450 0.14766330 -0.20327465
v 0.79937768 0.11362734 -0.19654466
v -0.02487746 0.52163470 -0.17810296
v 0.76654446 0.18828714 -0.19379263
v -0.14420539 0.15637062 -0.17029656
v -0.41004780 0.32372355 -0.15931289
v -0.75041485 0.22547613 -0.18792854
v 0.55872524 0.27290142 -0.16010024
v 0.49500382 0.30401298 -0.15785000
v 0.64338678 0.25222799 -0.16006614
v 0.24071434 0.44332990 -0.17524368
v 0.17961541 0.46766305 -0.17413333
v 0.82151163 0.18893452 -0.18288419
v 0.70811158 0.22379385 -0.17540173
v -0.46994695 0.29943740 -0.15950692
v -0.50953388 0.28420416 -0.16135590
v -0.61576337 0.27942157 -0.15350905
v 0.35653305 0.39873332 -0.16623113
v 0.78000295 0.21588084 -0.18310906
v 0.81228197 0.22813468 -0.17445180
v 0.85603315 0.20747946 -0.17278105
v 0.88461781 0.24173114 -0.16271980
v 0.26014769 0.23279890 -0.16769788
v 0.87683082 0.17466870 -0.15827377
v 0.19573908 0.03324832 -0.14192745
v -0.72734237 0.18859591 -0.18985285
v -0.78494060 0.16844058 -0.20540883
v -0.82936591 0.18347189 -0.20604917
v -0.79901695 0.12484124 -0.20391107
v -0.83070064 0.12730969 -0.20200345
v -0.85828012 0.18326049 -0.19803046
v -0.77930212 0.25701544 -0.18187277
v -0.84313434 0.26522011 -0.18244234
v -0.88785118 0.27029166 -0.17016776
v -0.76168752 0.13744920 -0.19058391
v -0.30062917 0.40125924 -0.16697264
v 0.44151971 0.33525199 -0.15989771
v -0.08464225 0.02154078 -0.15371187
v -0.12344522 0.02146612 -0.14335972
v -0.10074109 -0.05103387 -0.15137884
v -0.04002356 0.02100899 -0.15903008
v -0.03054962 -0.05017760 -0.16047345
v 0.02078899 0.02042647 -0.16176516
v 0.03540143 -0.05149645 -0.16318700
v 0.10532580 -0.05114836 -0.16151395
v 0.10646116 0.02197913 -0.16051768
v 0.17003226 0.02041784 -0.15343197
v 0.17435959 -0.05077156 -0.15259755
v -0.05022891 -0.06353117 -0.15376563
v 0.13936234 -0.06918679 -0.15123773
v 0.01816751 -0.07389736 -0.15392129
v -0.08881751 -0.07545951 -0.15043230
v 0.05081793 -0.11032266 -0.16292033
v 0.17409483 -0.10609496 -0.15418139
v 0.07775728 -0.15157954 -0.16527624
v -0.00320952 -0.13986975 -0.16533834
v 0.07219781 -0.18192473 -0.16115811
v -0.01361044 -0.18590716 -0.15958130
v -0.04958037 -0.15408294 -0.15955555
v -0.02411921 -0.20096658 -0.15715820
v -0.11303943 -0.19260058 -0.14818157
v 0.15893365 -0.18988580 -0.15265927
v -0.02569165 -0.11067419 -0.16241160
v 0.09787229 -0.20563291 -0.15334846
v 0.17260641 -0.26240215 -0.15533151
v 0.11869976 -0.28889444 -0.15812795
v 0.15065764 -0.33376729 -0.16229095
v 0.11777764 -0.39412656 -0.15765381
v 0.26501545 -0.38174969 -0.15422879
v -0.11112326 -0.14112493 -0.15014750
v 0.22745849 -0.18512911 -0.14046425
v -0.04263893 -0.22708939 -0.15835996
v -0.02610917 -0.27344325 -0.15925136
v -0.08708779 -0.32468146 -0.16128874
v -0.04715603 -0.34590027 -0.16447568
v -0.08873308 -0.44883597 -0.17167024
v -0.05492383 -0.48925251 -0.17412131
v -0.07120577 -0.54879624 -0.17951562
v -0.15505071 -0.55165648 -0.17377883
v -0.14367089 -0.57574064 -0.17596330
v -0.05648017 -0.58239299 -0.17740597
v -0.13473430 -0.25315017 -0.14988835
v -0.09365564 -0.66692257 -0.18775290
v -0.16330527 -0.68181831 -0.18778266
v -0.14720398 -0.39156440 -0.16026692
v -0.16823344 -0.34455603 -0.15145373
v -0.18045664 -0.42382634 -0.15565369
v 0.24261440 -0.24818015 -0.14303377
v 0.26197267 -0.31409073 -0.14397602
v -0.18707074 -0.54835576 -0.16767840
v -0.19404961 -0.61679888 -0.17416817
v 0.23935145 -0.41369933 -0.16211767
v 0.16650705 -0.42236909 -0.16757411
v 0.21106915 -0.58022696 -0.17804223
v 0.16726103 -0.52065140 -0.17596160
v 0.15856917 -0.60216552 -0.17694667
v 0.13876168 -0.41420698 -0.16542459
v 0.17835492 -0.66961622 -0.18612364
v 0.25155002 -0.64245474 -0.18539466
v 0.27431390 -0.46496254 -0.16095440
v 0.28402767 -0.56959516 -0.17110124
v 0.14822431 -0.52900046 -0.17285511
v 0.22574227 -0.72639757 -0.19828959
v 0.26976815 -0.72538376 -0.19764234
v 0.30003950 -0.67469245 -0.18458907
v -0.15266691 -0.72560620 -0.19652374
v -0.10819250 -0.72657156 -0.19675967
v -0.05565582 -0.62933582 -0.17855492
v -0.06286075 -0.71087307 -0.18530656
v 0.29064775 -0.72606617 -0.19543846
v 0.19502485 -0.73881370 -0.19169256
v -0.19531746 -0.72544569 -0.18693799
v -0.02917752 -0.35210252 -0.15967858
v -0.04064211 -0.45160437 -0.16810855
v -0.08850572 -0.73818320 -0.19094165
v -0.12977770 -0.08751712 -0.14112593
v -0.12564728 -0.06093911 -0.13964565
v -0.15290199 -0.21627983 -0.14083639
v -0.14375813 -0.15018983 -0.14006536
v 0.20450462 -0.06273356 -0.13898192
v 0.32284370 -0.70801961 -0.18411690
v -0.16442923 -0.26658371 -0.14254448
v 0.30689770 -0.56194019 -0.16255273
v 0.16328008 -0.69194299 -0.18086809
v 0.12921533 -0.47761795 -0.16266291
v 0.33449325 -0.72743821 -0.17920765
v -0.04238052 -0.57314092 -0.16977473
v 0.20560335 0.02142309 -0.14032194
v 0.21867849 -0.05047845 -0.13232124
v 0.82788551 0.12182574 -0.17986493
v -0.19415863 0.24600929 -0.16780558
v 0.90116221 0.23137584 -0.15394142
v -0.40834966 0.20243299 -0.15781106
v -0.12200850 0.48111340 -0.16270143
v 0.14651161 -0.63549542 -0.17047215
v -0.16815370 -0.73324436 -0.18950298
v -0.26336262 0.43227881 -0.16641037
v 0.17250679 -0.74145418 -0.18013719
v 0.13403103 0.51120031 -0.16413008
v 0.11738142 0.53354430 -0.16653131
v -0.21941282 -0.72699171 -0.17498778
v -0.22171748 -0.73762089 -0.17182359
v 0.10122473 -0.29222181 -0.14884363
v -0.00619584 -0.20892419 -0.14753203
v -0.06197377 -0.74327260 -0.17691673
v -0.14815398 0.09979454 -0.14918369
v 0.28253269 0.23974414 -0.14816575
v -0.25250936 0.24327180 -0.15508148
v -0.71599567 0.17015883 -0.17784685
v 0.75998366 0.08534849 -0.18749537
v 0.42541292 0.21183097 -0.14995688
v 0.29416478 0.23365761 -0.14048544
v 0.29076454 -0.43599889 -0.14627019
v 0.42217308 0.35890678 -0.15396008
v -0.04614985 0.52685028 -0.16777833
v -0.09195060 0.49119866 -0.16724473
v -0.05645663 0.54789114 -0.16840225
v 0.13247648 0.54919809 -0.15947276
v 0.13474055 -0.56439787 -0.16356559
v -0.90069222 0.19200000 -0.17137097
v -0.91414458 0.28874165 -0.15533140
v -0.84525603 0.27585578 -0.17243159
v -0.20489635 -0.52740628 -0.15288967
v -0.89155835 0.15708336 -0.17090029
v 0.34026691 -0.70392537 -0.17172810
v 0.22591867 0.09490084 -0.14598583
v -0.18434840 -0.30460736 -0.13427334
v -0.16494729 -0.18547525 -0.12678619
v 0.57207805 0.28948763 -0.14558367
v -0.13770509 0.03323001 -0.12771001
v 0.01108247 -0.20523900 -0.13679120
v -0.14598861 -0.05221966 -0.12477301
v 0.48690116 0.32216147 -0.14773063
v 0.23381570 -0.73646384 -0.18986203
v -0.27476287 0.21022195 -0.13140944
v -0.22350203 -0.63600594 -0.15503599
v 0.24145098 -0.12900530 -0.12114859
v 0.25150803 -0.20803024 -0.12614891
v 0.72350359 0.25668454 -0.14878279
v -0.01737911 -0.31559342 -0.14987139
v -0.02787111 -0.42648956 -0.15822025
v 0.47725493 0.18354097 -0.14034164
v -0.21404581 0.22268434 -0.13293566
v -0.69530547 0.28661481 -0.14351332
v 0.66684222 0.26730314 -0.14399797
v -0.18435800 0.19555925 -0.15329246
v -0.04135237 -0.68072671 -0.16505077
v -0.35536018 0.38714224 -0.13222593
v -0.66163492 0.15390690 -0.13861656
v 0.15976781 0.51659167 -0.12868768
v 0.37775972 0.20404276 -0.13165514
v 0.20550118 0.47562885 -0.15679038
v -0.59094214 0.29562005 -0.14101025
v -0.50650334 0.15226296 -0.13500945
v 0.07730136 -0.20085293 -0.14399891
v 0.88543904 0.25480267 -0.15043198
v -0.15280107 0.02025087 -0.11663489
v 0.15268937 -0.73549885 -0.16342176
v -0.20351419 -0.40808722 -0.13203134
v -0.47075710 0.16049165 -0.13546526
v -0.92828578 0.17609525 -0.14266048
v 0.23193447 0.02162474 -0.11571939
v -0.14963475 -0.06225393 -0.11767227
v 0.22754249 -0.06309396 -0.11769555
v 0.21991663 0.03522405 -0.12088880
v 0.33432403 -0.62796438 -0.15530032
v -0.93293840 0.27167878 -0.13627736
v -0.92727101 0.28890687 -0.14289105
v 0.88736522 0.16398592 -0.14318030
v 0.90260994 0.25524858 -0.14033021
v 0.29537573 0.21481964 -0.11976957
v 0.28131160 0.20008595 -0.10547582
v -0.94101524 0.19485961 -0.12718084
v 0.26355827 0.17987281 -0.13954689
v 0.31558150 -0.36810920 0.06723909
v 0.30105203 -0.30641454 -0.03002732
v 0.28210735 -0.22072664 0.01989162
v 0.32701921 -0.41639933 -0.01320793
v 0.33969241 -0.47541380 0.03398930
v 0.27498108 -0.20124932 -0.05754642
v 0.25767583 -0.11521419 0.03067036
v 0.25117183 -0.07660515 -0.04698411
v 0.35148686 -0.55660325 -0.04262282
v 0.35730842 -0.57214415 0.00456099
v 0.37473464 -0.66803724 -0.00563001
v 0.36968529 -0.66169614 -0.06668308
v 0.24733582 -0.06863352 -0.07294393
v 0.38201582 -0.73743975 -0.07219619
v 0.38643256 -0.74537402 -0.00329032
v 0.30795348 -0.36181802 -0.07071035
v 0.32296732 -0.42523783 -0.06516933
v 0.34725887 -0.59151775 -0.10411797
v 0.24425411 -0.07441689 0.07226666
v 0.37570280 -0.68678427 0.02508315
v 0.35339630 -0.57403177 0.05541389
v 0.33475879 -0.48635513 0.08091424
v 0.28170717 -0.24736299 0.08907970
v 0.37947863 -0.74663633 0.04403676
v 0.35964772 -0.63484269 0.06468979
v 0.36608541 -0.72667670 -0.13223428
v 0.26491216 -0.20481220 -0.10306434
v 0.30139771 -0.37284672 -0.10314701
v 0.32994106 -0.54720354 -0.12480254
v 0.26222849 -0.20245415 0.12284459
v 0.30015141 -0.35443383 0.11240707
v 0.33495489 -0.53324759 0.09745529
v 0.21762645 -0.07034488 0.14969127
v 0.24145098 -0.12900530 -0.12114859
v 0.33432403 -0.62796438 -0.15530032
v 0.22754249 -0.06309396 -0.11769555
v 0.27527434 -0.28876394 -0.12182877
v 0.31499419 -0.52775508 -0.14405732
v 0.29076454 -0.43599889 -0.14627019
v 0.34026691 -0.70392537 -0.17172810
v 0.25884059 -0.05184461 -0.03759262
v 0.38216728 -0.74999738 -0.03658379
v 0.24828501 -0.05341206 -0.08740607
v 0.25025189 0.01914293 -0.07273696
v 0.25863531 0.02113602 -0.00316342
v 0.25938097 -0.05264790 0.01204777
v 0.25556076 0.01898740 0.04608830
v 0.24569620 -0.05264250 0.09710665
v 0.24388747 0.01950054 0.09618560
v 0.23193447 0.02162474 -0.11571939
v 0.37128738 -0.75640154 0.06483636
v 0.21516584 0.02039007 0.16308744
v 0.36519167 -0.73662436 -0.12738957
v 0.25150803 -0.20803024 -0.12614891
v 0.23983452 0.03103427 -0.07732329
v 0.21991663 0.03522405 -0.12088880
v 0.30988792 -0.46342817 0.12241091
v 0.21304618 -0.05273229 0.16866583
v 0.22983833 -0.14558935 0.16020776
v 0.26806551 -0.27105826 0.13968587
v 0.35476190 -0.70227325 0.08699660
v 0.33177954 -0.57190639 0.10738312
v 0.22509116 0.03194771 0.12177666
v 0.28768903 -0.35508892 0.13367900
v 0.19853091 -0.06729834 0.17856736
v 0.24314162 0.03658563 -0.01413007
v 0.23584221 0.04227335 -0.09160601
v 0.25511733 0.09898456 -0.05246954
v 0.23800711 0.04393468 0.05194147
v 0.23785518 0.03183154 0.07302910
v 0.22415617 0.04150105 0.11374812
v 0.24077106 0.09905934 0.05711514
v 0.23152524 0.12032699 0.09549869
v 0.25521883 0.16557668 0.02668965
v 0.23467845 0.17815331 0.10245407
v 0.21584442 0.04125750 0.13504769
v 0.21739432 0.12939090 0.13370071
v 0.27548102 0.17609470 -0.08505020
v 0.20106013 0.03695427 0.16622731
v 0.25937811 0.11824373 -0.09213367
v 0.19863434 0.19341925 0.17643714
v 0.19183244 0.08461035 0.17940189
v 0.26355827 0.17987281 -0.13954689
v 0.24317238 0.09758281 -0.12492599
v 0.26240373 0.23086865 0.06525394
v 0.27332523 0.19614637 -0.01431099
v 0.22834446 0.20798925 0.13502121
v 0.37526223 -0.75890249 0.04088505
v 0.28131160 0.20008595 -0.10547582
v 0.28154552 0.19227144 -0.05813206
v 0.28253269 0.23974414 -0.14816575
v 0.17762204 0.01954513 0.20693685
v 0.18426460 0.03794454 0.18456107
v 0.18613265 -0.05175615 0.19920678
v 0.22641820 -0.19669461 0.17222430
v 0.20474200 -0.12801950 0.18183011
v 0.26117009 -0.31078562 0.15269858
v 0.34377393 -0.75981009 0.09289145
v 0.28472665 -0.39357144 0.14005472
v 0.27053794 0.26611555 0.11231236
v 0.23474149 0.24268028 0.16785516
v 0.22086234 0.23403586 0.18504752
v 0.25496385 0.29350889 0.13505985
v 0.29183185 0.28696206 0.08793793
v 0.21867849 -0.05047845 -0.13232124
v 0.33449325 -0.72743821 -0.17920765
v 0.27530482 0.23876059 0.04757616
v 0.26197267 -0.31409073 -0.14397602
v 0.30689770 -0.56194019 -0.16255273
v 0.22591867 0.09490084 -0.14598583
v 0.19957876 0.23016365 0.20229430
v -0.94611371 0.23032498 0.05507157
v -0.93715525 0.28206512 0.03305294
v -0.94881743 0.21749040 -0.01391500
v -0.95029205 0.20949669 -0.08644475
v -0.93730676 0.27889416 -0.10733841
v -0.93634546 0.26165792 0.06986918
v -0.94883293 0.19994988 -0.01122732
v -0.93293840 0.27167878 -0.13627736
v -0.92592365 0.30824301 -0.03970675
v -0.92852485 0.30045503 -0.09040200
v -0.92449498 0.31807289 0.04590211
v -0.92727101 0.28890687 -0.14289105
v -0.94101524 0.19485961 -0.12718084
v -0.94339001 0.20921515 0.07196093
v -0.94743371 0.18041894 -0.06869435
v -0.93260062 0.20241036 0.09823107
v -0.89916116 0.32514709 0.08636072
v -0.92097270 0.24968457 0.09789224
v -0.91715568 0.20507787 0.15902522
v -0.89455497 0.29256892 0.14236572
v -0.88066143 0.32424435 0.14538532
v -0.92094690 0.19159445 0.13860866
v -0.89407670 0.26387152 0.16029410
v -0.90560961 0.21496627 0.16518499
v -0.92849505 0.17979476 0.08682105
v -0.88624227 0.34001550 0.08168125
v -0.86762947 0.33966881 0.14681228
v -0.86788392 0.32589361 0.15800181
v -0.92828578 0.17609525 -0.14266048
v -0.92855024 0.16075432 -0.11201806
v -0.64784211 0.15354367 0.00616917
v -0.60731971 0.14714932 -0.04420404
v -0.62689167 0.15267208 -0.00240106
v -0.70603651 0.14014526 -0.06482469
v -0.72230846 0.14699118 -0.00168010
v -0.59167874 0.15513654 -0.01531933
v -0.70037729 0.15866461 0.03384198
v -0.49757788 0.15440972 -0.02213431
v -0.50446433 0.14410518 -0.07804544
v -0.47699913 0.14727424 -0.07957551
v -0.67157716 0.14367765 -0.09681366
v -0.70863897 0.13888814 -0.12449277
v -0.39876971 0.17384776 -0.06215210
v -0.42276683 0.17733870 -0.01962741
v -0.38052794 0.18749629 -0.02248681
v -0.29385975 0.18458670 -0.05828221
v -0.31724444 0.19890733 -0.01286482
v -0.21259388 0.20210485 -0.02022874
v -0.21165881 0.19148511 -0.05690946
v -0.39872465 0.17260098 -0.08161743
v -0.33066162 0.18408076 -0.08937518
v -0.23394264 0.19262867 -0.08269180
v -0.50650334 0.15226296 -0.13500945
v -0.79050416 0.11425489 -0.01814239
v -0.78144091 0.10751741 -0.13897373
v -0.82364517 0.10958970 -0.00219342
v -0.82277906 0.10726473 -0.10973661
v -0.80416250 0.10881474 -0.17528678
v -0.78817743 0.10684335 0.05054381
v -0.72417074 0.14139074 0.03455690
v -0.83566475 0.11026739 0.04939940
v -0.76971990 0.10404044 0.11211887
v -0.74056548 0.10555384 0.10523799
v -0.21430111 0.19864957 -0.09992694
v -0.77569830 0.11367872 -0.16774586
v -0.66163492 0.15390690 -0.13861656
v -0.47075710 0.16049165 -0.13546526
v -0.70041609 0.15395445 -0.15177928
v -0.38117069 0.18971060 -0.13525136
v -0.81496036 0.11124665 0.10895627
v -0.73202461 0.11287574 0.12426540
v -0.27476287 0.21022195 -0.13140944
v -0.79901695 0.12484124 -0.20391107
v -0.76168752 0.13744920 -0.19058391
v -0.77964449 0.11247712 0.13154340
v -0.85548753 0.12739994 -0.17272380
v -0.38343975 0.19450280 -0.00895459
v -0.86056304 0.12657988 -0.02280539
v -0.89545161 0.14002480 -0.09672070
v -0.83070064 0.12730969 -0.20200345
v -0.48618743 0.16512990 -0.01225044
v -0.21404581 0.22268434 -0.13293566
v -0.90644115 0.15031470 0.01325539
v -0.86360776 0.13401781 0.05629395
v -0.22989577 0.21297576 -0.00124980
v -0.21098316 0.23788920 0.03753508
v -0.63978279 0.16022278 0.01342718
v -0.88963532 0.15008833 0.08874287
v -0.85246319 0.16895340 0.15612338
v -0.84162378 0.15378125 0.10904387
v -0.88863349 0.16650173 0.13492033
v -0.73352844 0.12602526 0.14350697
v -0.22296111 0.26528871 0.07754470
v -0.69463968 0.17784050 0.06537194
v -0.67693895 0.17486729 0.04205847
v -0.54237998 0.16154428 -0.00941127
v -0.30955136 0.24401481 0.04395125
v -0.23979975 0.26268250 0.06197030
v -0.41044044 0.23183461 0.03944302
v -0.47475293 0.21035019 0.02287226
v -0.92855024 0.16075432 -0.11201806
v -0.71599567 0.17015883 -0.17784685
v -0.40834966 0.20243299 -0.15781106
v -0.60409319 0.18018115 0.00972371
v -0.84682918 0.12408407 0.06936071
v -0.92094690 0.19159445 0.13860866
v -0.92849505 0.17979476 0.08682105
v -0.49397075 0.23320897 0.04365382
v -0.60316044 0.21607317 0.04103492
v -0.65458828 0.21648484 0.06727002
v -0.91715568 0.20507787 0.15902522
v -0.19746961 0.19524129 0.00381833
v -0.19992699 0.18097447 -0.09123654
v -0.94743371 0.18041894 -0.06869435
v -0.89155835 0.15708336 -0.17090029
v -0.92828578 0.17609525 -0.14266048
v -0.18435800 0.19555925 -0.15329246
v 0.03167665 0.68507457 -0.27272612
v 0.01678827 0.76849854 -0.28673163
v 0.07220063 0.71094698 -0.27682972
v 0.06187942 0.79694164 -0.28818288
v 0.00286232 0.89089012 -0.28574637
v 0.07472631 0.89119440 -0.28525507
v -0.05659814 0.79952884 -0.27599213
v -0.04574038 0.68614459 -0.25940228
v -0.09159356 0.74586576 -0.25777912
v -0.08320116 0.89364153 -0.26382983
v -0.10872307 0.80635816 -0.25572863
v -0.10299024 0.68120164 -0.23576823
v -0.05685353 0.62843698 -0.23619357
v 0.02127484 0.58732492 -0.23505403
v 0.06841361 0.63807571 -0.25424075
v 0.04303919 0.55110133 -0.22120845
v -0.01887486 0.55467367 -0.21407250
v -0.04282762 0.59584832 -0.22297105
v 0.09291190 0.55827612 -0.21784195
v 0.11611577 0.65333503 -0.24910019
v 0.13571523 0.73037606 -0.26528093
v 0.13023774 0.82967740 -0.27477783
v 0.11544791 0.59181952 -0.22056264
v 0.14207342 0.89934045 -0.26711178
v -0.09667100 0.63351327 -0.21735364
v 0.19078547 0.68138194 -0.22536777
v 0.16411555 0.62447965 -0.21187089
v 0.18891890 0.80441099 -0.24773134
v 0.20029768 0.74651849 -0.23489688
v 0.19447927 0.89767635 -0.24154390
v 0.10786214 0.90837491 -0.27126715
v 0.12144666 0.56119573 -0.19747289
v -0.06796142 0.91114599 -0.26054361
v -0.12106261 0.90115160 -0.24137433
v 0.00480612 0.91028023 -0.27618828
v -0.14176965 0.75271630 -0.22284205
v -0.05787674 0.56252313 -0.19076671
v -0.13216309 0.68451184 -0.21253559
v -0.14072224 0.81278223 -0.22954434
v 0.22126487 0.82409573 -0.21810375
v 0.01799407 0.53325146 -0.18940383
v 0.19423653 0.91638494 -0.22770916
v 0.08275156 0.53972834 -0.18759990
v 0.13247648 0.54919809 -0.15947276
v -0.00172751 0.97885418 -0.07715094
v 0.04185527 0.97507471 0.02636138
v 0.10340775 0.97634518 -0.03815606
v 0.08651302 0.97285968 -0.13657449
v 0.14679933 0.96873122 -0.10140321
v 0.09417567 0.96586740 0.07740327
v -0.05560813 0.97237265 -0.04279392
v -0.01408404 0.96398348 0.09012334
v -0.07393469 0.95961708 0.06897689
v 0.05340188 0.94632000 0.16738722
v 0.17315845 0.95916569 0.01764835
v 0.15832621 0.94932920 0.11001553
v -0.06556982 0.94892651 0.13208020
v -0.03492221 0.93145698 0.20486552
v 0.16627957 0.92612725 0.18272701
v -0.10510280 0.92952877 0.17897241
v -0.11016700 0.94428331 0.10896461
v -0.13286971 0.92815733 0.15862522
v -0.10611419 0.96052486 -0.05449974
v -0.02833177 0.96649891 -0.16210669
v -0.09048851 0.95476741 -0.16645239
v 0.20245042 0.95271450 -0.05164312
v 0.06667862 0.96059150 -0.19365284
v -0.14455673 0.94272381 -0.00917116
v 0.00884418 0.91845274 0.23320256
v 0.08219009 0.91945297 0.22331482
v -0.14837368 0.93132210 0.08414128
v 0.18382503 0.95132238 -0.15219983
v 0.15752138 0.94791317 -0.19050816
v 0.19576469 0.92796266 0.13925755
v 0.21620572 0.93386936 0.06223568
v -0.02959701 0.94787329 -0.21531567
v 0.04421251 0.94435310 -0.23123610
v -0.13352263 0.93366361 -0.17700784
v -0.15839265 0.93171996 -0.09510564
v 0.11738663 0.93526602 -0.23384702
v -0.10855889 0.91857147 -0.23333134
v 0.23110050 0.92545640 -0.13038936
v 0.22362144 0.92700624 -0.15994909
v 0.19423653 0.91638494 -0.22770916
v 0.23136541 0.93141747 -0.03144811
v -0.06796142 0.91114599 -0.26054361
v 0.00480612 0.91028023 -0.27618828
v 0.10786214 0.90837491 -0.27126715
v 0.15522048 0.91367269 0.20392264
v -0.16854851 0.92178434 0.01749090
v 0.18586563 0.90968162 0.18592791
v -0.15337422 0.91139102 -0.18936631
v 0.14207342 0.89934045 -0.26711178
v -0.14118403 0.90043229 -0.22067544
v -0.17190459 0.91724616 -0.08666193
v -0.14688267 0.91297239 0.15943061
v -0.12106261 0.90115160 -0.24137433
v 0.23105946 0.90133536 -0.18849248
v 0.83257753 0.10208669 0.06077364
v 0.80505353 0.08174003 0.02244971
v 0.84316969 0.10247802 0.03680273
v 0.82517034 0.09400042 -0.03654491
v 0.87912548 0.11339962 0.02256231
v 0.80485892 0.09507389 -0.16780402
v 0.78527015 0.08103351 -0.12492343
v 0.75998366 0.08534849 -0.18749537
v 0.85973394 0.09925913 0.09197602
v 0.78202546 0.08467751 -0.01862161
v 0.71925658 0.07314172 -0.13848694
v 0.89012700 0.12037583 0.04102664
v 0.88730174 0.11711986 0.10107417
v 0.88328296 0.13891958 -0.11241587
v 0.86366892 0.11007593 0.11545187
v 0.92046881 0.16648294 -0.06557929
v 0.80341810 0.07105253 0.08504228
v 0.78565723 0.06236082 0.07425139
v 0.77893543 0.06384396 0.10497713
v 0.91866440 0.17437193 -0.10451243
v 0.82788551 0.12182574 -0.17986493
v 0.92749399 0.16359788 0.05110593
v 0.92155308 0.15393499 0.06811770
v 0.91036278 0.15182775 0.13449481
v 0.87766355 0.12907779 0.13220926
v 0.88736522 0.16398592 -0.14318030
v 0.79937768 0.11362734 -0.19654466
v 0.80466932 0.09818958 0.12921531
v 0.82136381 0.10825136 0.09235656
v 0.91716927 0.18684509 -0.11639827
v 0.83383214 0.11593329 0.12383848
v 0.90332133 0.16465767 0.15206234
v 0.81697798 0.12202843 0.11849351
v 0.85151923 0.13915265 0.15076312
v 0.82427108 0.14499283 0.15798298
v 0.31389287 -0.90250689 -0.17269428
v 0.25578615 -0.84834832 -0.17627506
v 0.30146262 -0.79370785 -0.16528820
v 0.24092567 -0.74856699 -0.16896172
v 0.29990274 -0.74922878 -0.16027689
v 0.31052110 -0.97846526 -0.17517212
v 0.22700039 -0.98520583 -0.17695272
v 0.22550061 -0.87458760 -0.17431451
v 0.32939693 -0.99003083 -0.16961288
v 0.31568027 -0.99338239 -0.17170247
v 0.20676562 -0.75707340 -0.16279101
v 0.33681977 -0.88259852 -0.15669405
v 0.33393222 -0.79238862 -0.14012215
v 0.32093856 -0.74525183 -0.14825584
v 0.29312629 -0.73525828 -0.17021210
v 0.21948372 -0.74345630 -0.17185399
v 0.19028334 -0.74617541 -0.15809222
v 0.20660250 -0.84749895 -0.16319227
v 0.19716915 -0.92359132 -0.15664993
v 0.20778666 -0.98869056 -0.16888380
v 0.34305060 0.44510064 -0.02706870
v 0.32419208 0.45714700 -0.06305501
v 0.30227455 0.45654932 -0.01515048
v 0.33658418 0.42598811 0.02085480
v 0.28717312 0.44577965 0.01895266
v 0.29664323 0.43255883 0.03883091
v 0.40574139 0.37649128 0.02166323
v 0.45365548 0.37370303 -0.03168539
v 0.49121600 0.34806338 -0.00620782
v 0.52257323 0.34384710 -0.05931311
v 0.45114180 0.34295020 0.03049920
v 0.57334989 0.31851470 0.00488672
v 0.59968483 0.32446507 -0.04671572
v 0.54722989 0.30493248 0.03263855
v 0.24396473 0.43082654 0.05738856
v 0.62775105 0.29650405 0.03280647
v 0.43030587 0.38960916 -0.08396938
v 0.47718769 0.35993859 -0.09243791
v 0.34917003 0.44078189 -0.11266554
v 0.31724164 0.45019174 -0.14580147
v 0.51990455 0.33708164 -0.10578201
v 0.66261441 0.31543031 -0.02766333
v 0.63501108 0.30803269 0.01436037
v 0.58657479 0.31742609 -0.09439269
v 0.27569768 0.46056476 -0.09260660
v 0.26628035 0.45961958 -0.14642002
v 0.22858423 0.47619632 -0.09598079
v 0.17963539 0.49981061 -0.12633623
v 0.18588415 0.49687502 -0.08526260
v 0.19283070 0.47752243 -0.03501441
v 0.21833852 0.45948756 -0.03214750
v 0.24792632 0.45211926 -0.02395160
v 0.20304649 0.43860534 0.02921620
v 0.17690371 0.46377814 0.00853426
v 0.67480779 0.30305374 -0.08540028
v 0.20809828 0.42628235 0.07505716
v 0.15196073 0.43135026 0.05452880
v 0.68799591 0.30797294 0.02151851
v 0.71240562 0.31193173 -0.02874265
v 0.17353188 0.44405127 0.03055770
v 0.10795277 0.44253403 0.05452253
v 0.09035309 0.43060660 0.07869464
v 0.18605685 0.41934699 0.08720613
v 0.09026116 0.41166204 0.11620802
v 0.07988647 0.44778067 0.05932459
v 0.23520087 0.40485260 0.08921831
v 0.27969638 0.40716550 0.06871846
v 0.11524487 0.46922934 0.03910511
v 0.68815517 0.29716036 0.06930926
v 0.02918054 0.42197898 0.07487259
v 0.05949864 0.40094355 0.12577374
v 0.17193823 0.37723842 0.12826619
v 0.76209384 0.30523905 0.10609853
v 0.76855153 0.31914636 0.01415015
v 0.85965270 0.31062761 0.13472076
v 0.86699188 0.31590563 0.06075455
v 0.87331808 0.30226386 0.14337632
v 0.88103187 0.30798209 0.08666185
v 0.89530575 0.31010550 0.04304833
v 0.87447333 0.31184408 0.00010539
v 0.79297024 0.31089449 -0.04544212
v 0.83226115 0.30182457 0.14890909
v 0.71652114 0.30527022 -0.06377446
v 0.88776934 0.30450827 -0.00665230
v 0.86432278 0.29712015 -0.07354366
v 0.89050919 0.28403544 -0.08939074
v 0.85943317 0.29817736 0.15231948
v 0.87391376 0.28446931 -0.10336469
v 0.81900120 0.29023203 -0.10309280
v 0.72392309 0.29004413 -0.10364854
v 0.46544370 0.34868523 -0.13030817
v 0.57759631 0.30186483 -0.12936500
v 0.38042969 0.40636405 -0.13898531
v 0.20550118 0.47562885 -0.15679038
v 0.13403103 0.51120031 -0.16413008
v 0.90462482 0.27361432 -0.08260662
v 0.75538462 0.27986163 0.15599208
v 0.68789196 0.26995179 0.14062753
v 0.88543904 0.25480267 -0.15043198
v 0.90260994 0.25524858 -0.14033021
v 0.67043138 0.28399491 -0.12228464
v 0.17356504 0.49749586 -0.02708576
v 0.15547009 0.49890083 0.00133734
v 0.72350359 0.25668454 -0.14878279
v 0.66684222 0.26730314 -0.14399797
v 0.57207805 0.28948763 -0.14558367
v 0.30618715 0.42952102 -0.17379779
v 0.24071434 0.44332990 -0.17524368
v 0.48690116 0.32216147 -0.14773063
v 0.42217308 0.35890678 -0.15396008
v 0.35653305 0.39873332 -0.16623113
v 0.15976781 0.51659167 -0.12868768
v 0.75020152 0.25965014 0.17284103
v 0.72080898 0.24244131 0.18115352
v 0.77168214 0.26233840 0.16149415
v -0.71381891 0.33443043 -0.00230478
v -0.67593908 0.32940868 0.02086594
v -0.64032519 0.33031574 -0.01527547
v -0.77841365 0.34344846 0.03422933
v -0.76332891 0.33966783 0.06337966
v -0.70886183 0.32865235 0.08088253
v -0.83359551 0.34556338 0.03148255
v -0.84824735 0.34288144 0.09092776
v -0.86762947 0.33966881 0.14681228
v -0.77941620 0.32857829 0.12861276
v -0.62019366 0.31806558 0.02230312
v -0.66951853 0.32125950 0.04775300
v -0.79377073 0.34214661 -0.01136030
v -0.88624227 0.34001550 0.08168125
v -0.88642615 0.34097502 0.01501000
v -0.73958009 0.33068895 -0.03864155
v -0.69020528 0.32682049 -0.05151477
v -0.55673289 0.33489069 -0.05167178
v -0.54795289 0.32945910 0.00123553
v -0.46523944 0.33784875 0.00112963
v -0.86628330 0.33702111 -0.03089326
v -0.90410388 0.33718285 0.04252038
v -0.81682003 0.32498381 -0.08105274
v -0.72612894 0.31194773 -0.09561151
v -0.60421658 0.31497210 -0.10700624
v -0.48012221 0.32712290 -0.12463567
v -0.91066390 0.30304906 -0.13049178
v -0.90946782 0.31812853 -0.06861980
v -0.47483942 0.34580213 -0.04105248
v -0.47309968 0.34204662 -0.08941153
v -0.42605570 0.36067098 -0.08060329
v -0.42567599 0.35826060 -0.03426497
v -0.41382957 0.34970364 -0.12722014
v -0.40264690 0.35367468 0.00167871
v -0.75835282 0.29030135 -0.14175153
v -0.69530547 0.28661481 -0.14351332
v -0.59094214 0.29562005 -0.14101025
v -0.84525603 0.27585578 -0.17243159
v -0.91414458 0.28874165 -0.15533140
v -0.92727101 0.28890687 -0.14289105
v -0.92852485 0.30045503 -0.09040200
v -0.39552584 0.37777579 -0.06688670
v -0.35536018 0.38714224 -0.13222593
v -0.35557151 0.39598414 -0.02399898
v -0.67882264 0.31540000 0.09321138
v -0.77930212 0.25701544 -0.18187277
v -0.29406413 0.44229752 -0.10770082
v -0.27802867 0.44303423 -0.14125630
v -0.26746324 0.45519984 -0.08499897
v -0.21207155 0.45773357 -0.14484839
v -0.20707698 0.45967069 -0.09460225
v -0.24855724 0.45524782 -0.03363048
v -0.29445550 0.44404042 -0.04351252
v -0.12276118 0.49386740 -0.12244129
v -0.12200850 0.48111340 -0.16270143
v -0.27198914 0.44179389 0.00557081
v -0.13776281 0.47693846 -0.06625866
v -0.17719786 0.44970724 -0.03014510
v -0.26336262 0.43227881 -0.16641037
v -0.30062917 0.40125924 -0.16697264
v -0.22704639 0.44770792 0.00693644
v -0.17072745 0.43876007 0.00567640
v -0.14928058 0.43307903 0.03573306
v -0.92592365 0.30824301 -0.03970675
v -0.14051133 0.45183870 -0.00254732
v -0.08558138 0.51965493 -0.13859318
v -0.10721617 0.50796568 -0.10347480
v -0.11481109 0.48916465 -0.04346064
v -0.22289053 0.43313637 0.04135561
v -0.18205580 0.42068395 0.07080600
v -0.14001437 0.42360282 0.08138605
v -0.03578975 0.42800331 0.07888080
v -0.09414662 0.43977886 0.03947317
v -0.11448195 0.46920928 -0.00628933
v -0.44476262 0.32994106 0.02051660
v -0.92449498 0.31807289 0.04590211
v -0.21950866 0.42879847 -0.17911443
v -0.56422800 0.31625295 0.02194222
v -0.10374795 0.52054757 -0.06770667
v -0.02558109 0.40549928 0.12039424
v -0.26004657 0.42106107 0.04219401
v 0.02830970 0.39546469 0.12087960
v -0.34788421 0.37661481 0.01332647
v -0.83513075 0.32978147 0.15245843
v -0.68342984 0.29369324 0.14750855
v 0.02918054 0.42197898 0.07487259
v 0.05949864 0.40094355 0.12577374
v -0.09781168 0.48119253 0.00004876
v -0.77087921 0.31398904 0.14912778
v -0.09195060 0.49119866 -0.16724473
v -0.46994695 0.29943740 -0.15950692
v -0.41004780 0.32372355 -0.15931289
v -0.50953388 0.28420416 -0.16135590
v -0.61576337 0.27942157 -0.15350905
v -0.04614985 0.52685028 -0.16777833
v -0.67063832 0.28827628 0.14342222
v -0.67378730 0.27901143 0.15648836
v 0.20784782 0.68891531 0.02930886
v 0.21341343 0.68016905 0.01048418
v 0.23306741 0.74073875 0.00590878
v 0.25776035 0.72248662 -0.03418389
v 0.25782961 0.63149410 -0.04694251
v 0.25976586 0.73496956 -0.03966059
v 0.23334135 0.61671990 -0.00597141
v 0.20193568 0.62435919 0.03963785
v 0.20023021 0.60168672 0.03084838
v 0.19315214 0.58729482 0.03271553
v 0.26913679 0.69411826 -0.07273343
v 0.26681489 0.72356611 -0.06946974
v 0.24454941 0.60465086 -0.04468872
v 0.25792387 0.62802517 -0.07147504
v 0.22263271 0.59409821 -0.01950234
v 0.24200445 0.75913477 -0.04342632
v 0.24840091 0.74780405 -0.05887873
v 0.05220984 0.51327258 0.08201422
v 0.04231970 0.47969723 0.18000354
v 0.00995793 0.51049733 0.08227701
v -0.00619535 0.48057869 0.18759203
v 0.02169398 0.47436544 0.21080968
v -0.07419545 0.52822059 0.08151589
v -0.07395603 0.49548006 0.19225605
v -0.02509833 0.48278773 0.20667714
v -0.02486141 0.51966590 0.05821859
v -0.07433891 0.53534639 0.04446998
v -0.10670927 0.55378449 0.02064038
v -0.12829618 0.55284709 0.06350971
v -0.11375221 0.53344655 0.13107646
v -0.09358724 0.51319230 0.16935477
v 0.02529118 0.50602043 0.06249551
v 0.00024643 0.48018265 0.22264792
v 0.11846413 0.52668160 0.08914040
v 0.10644408 0.49355552 0.18889119
v 0.07299215 0.51949173 0.05894987
v 0.05759737 0.48160532 0.21190080
v 0.13615561 0.54175347 0.05143245
v 0.16647796 0.54116982 0.09875336
v 0.15056919 0.54908764 0.02159634
v 0.14592287 0.52329528 0.14037873
v 0.13147914 0.50966293 0.16631934
v 0.03199936 0.47868723 0.22347733
v 0.11098350 0.52771378 0.04069511
v 0.11429315 0.49809155 0.19660728
v 0.08903442 0.49933061 0.20960206
v -0.04974779 0.52239662 0.04189228
v 0.01281358 0.49698904 0.05440442
v 0.93009359 0.19268814 0.06662989
v 0.93036735 0.18921480 0.02208280
v 0.91975647 0.25131863 0.04373743
v 0.91764486 0.25332311 0.06175181
v 0.92884690 0.17725928 -0.00604142
v 0.92029965 0.23996887 -0.04782830
v 0.92638195 0.18128872 -0.05910638
v 0.92202383 0.19717404 -0.09562344
v 0.91414273 0.23910725 -0.13007163
v 0.91531879 0.25570637 -0.07116897
v 0.90113020 0.30346382 0.05043381
v 0.89884973 0.29516539 0.00246928
v 0.91716927 0.18684509 -0.11639827
v 0.92749399 0.16359788 0.05110593
v 0.91866440 0.17437193 -0.10451243
v 0.90260994 0.25524858 -0.14033021
v 0.90462482 0.27361432 -0.08260662
v 0.88776934 0.30450827 -0.00665230
v 0.89530575 0.31010550 0.04304833
v 0.89516610 0.27938548 0.08677498
v 0.91020674 0.21837497 0.09331550
v 0.88560110 0.29466575 0.09798636
v 0.89439172 0.22888994 0.15255994
v 0.87331808 0.30226386 0.14337632
v 0.91049987 0.17423300 0.14676812
v 0.91991532 0.16955364 0.09403012
v 0.88103187 0.30798209 0.08666185
v 0.91036278 0.15182775 0.13449481
v 0.92155308 0.15393499 0.06811770
v 0.89467061 0.19347836 0.16311117
v 0.92046881 0.16648294 -0.06557929
v 0.90116221 0.23137584 -0.15394142
v 0.90332133 0.16465767 0.15206234
v 0.88461781 0.24173114 -0.16271980
v 0.86997515 0.27116403 0.15768775
v 0.88736522 0.16398592 -0.14318030
v -0.22946563 -0.89743769 0.11714872
v -0.21912235 -0.91069722 0.19045991
v -0.16437574 -0.88713974 0.10194446
v -0.17399684 -0.92111415 0.24631536
v -0.22643763 -0.92166913 0.24470356
v -0.21951199 -0.87770820 0.05752706
v -0.25828725 -0.92331237 0.21701221
v -0.25466940 -0.90895367 0.13223180
v -0.15638207 -0.86679792 0.06082923
v -0.25429484 -0.90079683 0.06226106
v -0.13120730 -0.90861493 0.15873134
v -0.14435264 -0.92644662 0.24315883
v -0.11857437 -0.89943057 0.11661695
v -0.11159641 -0.87846678 0.06486524
v -0.23433921 -0.87148905 0.02447807
v -0.20166962 -0.86348850 0.04732613
v -0.27692577 -0.92684239 0.15639178
v -0.11503258 -0.92177653 0.16931438
v -0.19354483 -0.96025652 0.27943298
v -0.15290557 -0.95580983 0.27333531
v -0.28067410 -0.94353354 0.22174743
v -0.26932228 -0.91881293 0.08949548
v -0.24525292 -0.95683873 0.26623169
v -0.11753419 -0.94399923 0.23189670
v -0.10384492 -0.91451675 0.11963211
v -0.27300319 -0.96691692 0.24792807
v -0.12764961 -0.96053779 0.25810739
v 0.02033223 0.64202636 0.27466446
v 0.00942352 0.64366949 0.27537903
v 0.00963841 0.62831277 0.27806517
v 0.01147779 0.77858615 0.22934619
v 0.02703630 0.72100294 0.24854609
v 0.03801598 0.77970445 0.22641830
v -0.00216378 0.64107621 0.27029130
v 0.00055014 0.74130851 0.23554337
v -0.00925985 0.77760959 0.22028831
v -0.01686965 0.68392003 0.23282808
v -0.03411217 0.68756884 0.22298408
v -0.04425474 0.78724849 0.20782940
v -0.02245502 0.63750672 0.23169447
v -0.02990290 0.62354088 0.22447401
v -0.07864284 0.70444345 0.21010669
v -0.07722917 0.78908038 0.19978845
v -0.09616593 0.71016395 0.20247315
v -0.09286197 0.80299681 0.19007604
v -0.09749177 0.65106016 0.20282365
v -0.08246166 0.61941856 0.20944686
v -0.00259668 0.56943411 0.22936496
v 0.00054034 0.61666662 0.23444907
v -0.04079349 0.49802923 0.21274443
v -0.00091149 0.49511370 0.22625075
v -0.07725942 0.50641960 0.19773418
v -0.09382699 0.58302516 0.19788596
v 0.01760729 0.48457840 0.22861508
v 0.00024643 0.48018265 0.22264792
v 0.02236701 0.60565299 0.23338564
v 0.03644235 0.62268943 0.24292934
v -0.00984111 0.78944725 0.22664544
v 0.02772377 0.78625703 0.23582852
v 0.03233991 0.49341795 0.22742572
v -0.08800437 0.81035048 0.19779827
v -0.11770982 0.80776811 0.16532284
v -0.07395603 0.49548006 0.19225605
v 0.06370632 0.56031919 0.22249599
v 0.04378191 0.61404377 0.23163615
v 0.12530114 0.61170352 0.21065320
v 0.08098850 0.64955330 0.22190967
v 0.13315740 0.69488734 0.21009767
v 0.06540690 0.69432664 0.22636452
v 0.08084861 0.77454740 0.21414134
v 0.13292570 0.79027104 0.19875415
v 0.12349515 0.56111741 0.20436236
v 0.08903442 0.49933061 0.20960206
v 0.05652023 0.64360690 0.23032920
v 0.03199936 0.47868723 0.22347733
v 0.05183668 0.68449563 0.23370045
v 0.08598033 0.79015505 0.21706118
v 0.11561016 0.79351103 0.20859390
v 0.06852534 0.80132908 0.22640179
v 0.11429315 0.49809155 0.19660728
v 0.14520341 0.79989207 0.19295892
v 0.14794019 0.72555566 0.19650270
v 0.05759737 0.48160532 0.21190080
v 0.14012206 0.63060123 0.20237640
v 0.03161513 0.64225274 0.26607460
v -0.02509833 0.48278773 0.20667714
v 0.26204324 -0.84898680 0.05484462
v 0.31864280 -0.83596677 0.04287940
v 0.29849404 -0.76906031 0.06472092
v 0.25513119 -0.78070575 0.07369220
v 0.33633417 -0.78292859 0.03142343
v 0.35245129 -0.76047486 0.02728143
v 0.33688635 -0.84434831 0.02744001
v 0.29570884 -0.86196542 0.05459807
v 0.24368852 -0.86172217 0.05556753
v 0.22905511 -0.81391054 0.05566457
v 0.21193166 -0.78147709 0.05631052
v 0.34466293 -0.87401116 0.04511495
v 0.20544364 -0.85698068 0.03031464
v 0.56325632 0.13532747 -0.05310936
v 0.57085901 0.14388210 -0.00351065
v 0.50525254 0.16127491 -0.03358582
v 0.51112020 0.15289888 -0.07568482
v 0.45881337 0.16563748 -0.06743449
v 0.43015611 0.17538264 -0.03770999
v 0.37263185 0.18222696 -0.05086740
v 0.67610705 0.12180950 -0.06452091
v 0.60243416 0.13049284 -0.10118958
v 0.65839118 0.11992446 -0.10853514
v 0.29595771 0.19856235 -0.08224952
v 0.63728595 0.12721688 -0.15565664
v 0.29086038 0.19634084 -0.04690619
v 0.57810217 0.14093940 -0.12409072
v 0.68306148 0.13319649 -0.00818683
v 0.47105697 0.17527607 -0.12317815
v 0.41634861 0.18693191 -0.11387280
v 0.66428220 0.11198689 -0.15175061
v 0.28687641 0.21601954 -0.00064060
v 0.70246595 0.12253954 -0.01087055
v 0.69768453 0.13101771 0.04243392
v 0.37775972 0.20404276 -0.13165514
v 0.29537573 0.21481964 -0.11976957
v 0.49737093 0.17672226 -0.00946598
v 0.41706431 0.19586053 -0.00403275
v 0.72653359 0.09364115 -0.04245027
v 0.69548082 0.08689046 -0.11995658
v 0.71925658 0.07314172 -0.13848694
v 0.78202546 0.08467751 -0.01862161
v 0.76696801 0.08608731 -0.00389917
v 0.72865725 0.10014888 -0.00235182
v 0.80505353 0.08174003 0.02244971
v 0.70284402 0.08056266 -0.16075908
v 0.73639035 0.09052504 0.02505639
v 0.76418710 0.07181358 0.04423327
v 0.71906465 0.09134804 -0.19432145
v 0.75998366 0.08534849 -0.18749537
v 0.73076802 0.06196195 0.08851425
v 0.78565723 0.06236082 0.07425139
v 0.77893543 0.06384396 0.10497713
v 0.73322767 0.06549478 0.11106014
v 0.71208227 0.07833321 0.09903457
v 0.47725493 0.18354097 -0.14034164
v 0.58620584 0.15719730 -0.15635341
v 0.67093420 0.15979142 0.04620154
v 0.66664100 0.17261332 0.07696445
v 0.64433700 0.17564839 0.06120635
v 0.60977370 0.16097066 0.02411537
v 0.59021080 0.17429288 0.03195241
v 0.71501732 0.09206234 0.12701702
v 0.38209140 0.24101622 0.04761194
v 0.30019990 0.25042197 0.04922147
v 0.42556381 0.23230869 0.04273595
v 0.66989279 0.16763999 0.11608798
v 0.52917475 0.21954000 0.04394401
v 0.55099422 0.20803277 0.04215245
v 0.60914212 0.19326459 0.05637968
v 0.64030582 0.19358860 0.07068898
v 0.65183806 0.19650479 0.09319973
v 0.69298476 0.12743181 0.12978397
v 0.28154552 0.19227144 -0.05813206
v 0.28131160 0.20008595 -0.10547582
v 0.27332523 0.19614637 -0.01431099
v 0.27530482 0.23876059 0.04757616
v 0.66223037 0.13371065 -0.17737162
v 0.34694523 0.25330842 0.05491554
v 0.30835873 0.26660776 0.06332149
v 0.43810982 0.24431975 0.05232018
v 0.29183185 0.28696206 0.08793793
v 0.24546394 -0.90096247 0.14557408
v 0.32219291 -0.90474439 0.16891076
v 0.29977322 -0.89133579 0.12028456
v 0.24575703 -0.87867117 0.07548923
v 0.30703256 -0.87485003 0.06869503
v 0.24343172 -0.91754103 0.22479926
v 0.31044617 -0.91879845 0.24022862
v 0.25573477 -0.92389417 0.25082731
v 0.35927701 -0.90511215 0.13341488
v 0.34466293 -0.87401116 0.04511495
v 0.35820499 -0.92400402 0.21838664
v 0.27835491 -0.93010479 0.26252663
v 0.33484763 -0.93739718 0.25822511
v 0.29570884 -0.86196542 0.05459807
v 0.36227578 -0.94131452 0.24314198
v 0.37782869 -0.92016846 0.15361202
v 0.24368852 -0.86172217 0.05556753
v 0.21979062 -0.93509871 0.23918138
v 0.36721662 -0.89514703 0.06124562
v 0.35459071 -0.86300403 0.01266204
v 0.21459343 -0.90281808 0.09444617
v 0.21558614 -0.91792941 0.14368166
v 0.21260422 -0.87928927 0.04945825
v 0.23588811 -0.94943738 0.26507419
v 0.20544364 -0.85698068 0.03031464
v -0.24318902 -0.85005569 -0.04693452
v -0.24773957 -0.89082557 -0.09229333
v -0.25343657 -0.88958573 -0.01342922
v -0.26233393 -0.93822592 -0.02257228
v -0.23540761 -0.83805996 -0.10522625
v -0.26668119 -0.93449163 0.01672596
v -0.25895667 -0.90578222 0.03778671
v -0.27350375 -0.98777151 0.03377426
v -0.23387940 -0.76907039 -0.08278653
v -0.23795466 -0.76865858 -0.03077986
v -0.28718302 -0.97136420 0.11338571
v -0.28407839 -0.94142419 0.12906109
v -0.29213005 -0.95952833 0.17254132
v -0.25501826 -0.97137082 -0.07135282
v -0.24577759 -0.98826849 -0.11104574
v -0.29236162 -0.98547417 0.18126535
v -0.28758118 -0.99066269 0.12542810
v -0.21951121 -0.76046306 -0.12340886
v -0.26281986 -0.98924404 -0.02330638
v -0.23180892 -0.89765137 -0.13917634
v -0.23052487 -0.98868406 -0.14794265
v -0.24761441 -0.99229950 -0.09262519
v -0.28924203 -0.97319800 0.21655770
v -0.26932228 -0.91881293 0.08949548
v -0.21401469 -0.82447368 -0.14528051
v -0.23662263 -0.85629642 -0.00424203
v -0.28067410 -0.94353354 0.22174743
v -0.27692577 -0.92684239 0.15639178
v -0.22259678 -0.78261226 0.02257930
v -0.23433921 -0.87148905 0.02447807
v -0.20109484 -0.75959092 -0.14744864
v -0.28206789 -0.98955423 0.22969639
v -0.28481656 -0.99633908 0.20624718
v -0.25429484 -0.90079683 0.06226106
v -0.27525005 -0.99459827 0.06148938
v -0.19455655 -0.74367285 -0.15660353
v -0.27300319 -0.96691692 0.24792807
v -0.23294127 -0.76464891 0.00462695
v -0.24300870 -0.75901276 -0.05070085
v -0.23374407 -0.75372785 -0.09978288
v -0.22192878 -0.76457202 0.03802480
v -0.20677081 -0.86552966 -0.16082326
v -0.21231776 -0.98707032 -0.16651645
v -0.21567337 -0.84863329 0.02998187
v -0.22978531 -0.74764961 -0.12506354
v -0.14741251 -0.89818811 -0.17681226
v -0.17501260 -0.82264060 -0.16845840
v -0.12342200 -0.85811466 -0.17546459
v -0.19256146 -0.88230288 -0.17002782
v -0.12681487 -0.74316406 -0.16741633
v -0.17843229 -0.75025457 -0.16201134
v -0.20024358 -0.99092656 -0.17299066
v -0.11961090 -0.98423749 -0.17749016
v -0.19231483 -0.81076986 -0.16172986
v -0.09787001 -0.90053356 -0.17093918
v -0.10043827 -0.75673062 -0.16217768
v -0.08553161 -0.74573231 -0.15933554
v -0.09591597 -0.97892433 -0.17151886
v -0.09549054 -0.99397933 -0.16727543
v -0.20677081 -0.86552966 -0.16082326
v -0.21231776 -0.98707032 -0.16651645
v -0.20109484 -0.75959092 -0.14744864
v -0.19455655 -0.74367285 -0.15660353
v -0.07888753 -0.89287525 -0.15268053
v -0.07991707 -0.78076947 -0.14268449
v -0.07188474 -0.75093496 -0.13680409
v 0.37500471 -0.90008670 0.01580568
v 0.38004178 -0.94865519 -0.00414628
v 0.37126830 -0.89616346 -0.05726437
v 0.38405961 -0.92378992 0.08278265
v 0.39179575 -0.98809236 0.09966438
v 0.39382765 -0.94631708 0.15428884
v 0.36574316 -0.89461499 -0.09853672
v 0.35888469 -0.83799505 -0.09583584
v 0.35989943 -0.83233708 -0.04091789
v 0.35586515 -0.75843865 -0.05636984
v 0.34611958 -0.74726158 -0.10741727
v 0.35631028 -0.76212919 -0.01567235
v 0.37040994 -0.98820865 -0.06553446
v 0.38190511 -0.98972917 0.02623598
v 0.35573071 -0.98944581 -0.13775738
v 0.39191127 -0.99038470 0.17955941
v 0.35136062 -0.87565112 -0.13736656
v 0.35897946 -0.85156226 -0.01633739
v 0.34807089 -0.79604018 0.00525185
v 0.38695720 -0.95336795 0.21119316
v 0.33393222 -0.79238862 -0.14012215
v 0.34542033 -0.76716375 0.02114504
v 0.38059071 -0.99550229 0.21537896
v 0.37782869 -0.92016846 0.15361202
v 0.32093856 -0.74525183 -0.14825584
v 0.37030199 -0.98818600 0.24670793
v 0.36721662 -0.89514703 0.06124562
v 0.35459071 -0.86300403 0.01266204
v 0.33688635 -0.84434831 0.02744001
v 0.33633417 -0.78292859 0.03142343
v 0.35927701 -0.90511215 0.13341488
v 0.34466293 -0.87401116 0.04511495
v 0.33681977 -0.88259852 -0.15669405
v 0.32939693 -0.99003083 -0.16961288
v 0.36227578 -0.94131452 0.24314198
v 0.35820499 -0.92400402 0.21838664
v 0.35245129 -0.76047486 0.02728143
v -0.06883603 -0.86807179 -0.02971707
v -0.07491048 -0.94533008 0.01260232
v -0.06608082 -0.91095632 -0.04490788
v -0.06604246 -0.97786868 -0.03939740
v -0.06121455 -0.83926100 -0.07373887
v -0.07609713 -0.97919106 0.03268801
v -0.08493309 -0.94787478 0.08353463
v -0.06362378 -0.97648919 -0.06916142
v -0.06364343 -0.97763115 -0.09936110
v -0.07240862 -0.98929298 -0.00167006
v -0.08274242 -0.99000108 0.09055068
v -0.08627595 -0.97644103 0.14511432
v -0.06466569 -0.98874468 -0.08547037
v -0.05419002 -0.76885617 -0.03414364
v -0.05745064 -0.76709801 -0.00578508
v -0.09148767 -0.99060315 0.16857028
v -0.10197958 -0.98592609 0.21663815
v -0.05500890 -0.76619518 -0.06865476
v -0.09600494 -0.95807576 0.18088613
v -0.08888623 -0.89923531 0.05660763
v -0.08268315 -0.86870390 0.01281085
v -0.06621462 -0.82743835 -0.11261055
v -0.05932118 -0.75973469 -0.09699292
v -0.10384492 -0.91451675 0.11963211
v -0.11753419 -0.94399923 0.23189670
v -0.07207932 -0.98812819 -0.13879353
v -0.12764961 -0.96053779 0.25810739
v -0.07888753 -0.89287525 -0.15268053
v -0.07991707 -0.78076947 -0.14268449
v -0.07188474 -0.75093496 -0.13680409
v -0.09927207 -0.85324562 0.03766846
v -0.07142669 -0.76832128 0.03048567
v -0.11159641 -0.87846678 0.06486524
v -0.12739149 -0.99514830 0.24929301
v -0.11503258 -0.92177653 0.16931438
v -0.08698188 -0.77231497 0.04754360
v -0.07383750 -0.99546748 -0.03602904
v -0.07315913 -0.99541444 -0.11413059
v -0.09591597 -0.97892433 -0.17151886
v -0.11210195 -0.99634033 0.21494076
v -0.09549054 -0.99397933 -0.16727543
v -0.11056849 -0.77571809 0.06444042
v -0.11898033 -0.85583866 0.05071494
v 0.75940067 0.20871159 0.17482841
v 0.76069021 0.16117504 0.16352981
v 0.77991068 0.16029418 0.15902723
v 0.79210627 0.12789649 0.14523311
v 0.75009531 0.08193164 0.13152453
v 0.80466932 0.09818958 0.12921531
v 0.71016234 0.21694075 0.17666554
v 0.74582696 0.23521915 0.18411659
v 0.71208477 0.16264108 0.15945792
v 0.71501732 0.09206234 0.12701702
v 0.66965389 0.21213365 0.16313104
v 0.72080898 0.24244131 0.18115352
v 0.73322767 0.06549478 0.11106014
v 0.67704111 0.17106856 0.14423980
v 0.69298476 0.12743181 0.12978397
v 0.77893543 0.06384396 0.10497713
v 0.75020152 0.25965014 0.17284103
v 0.67000967 0.24753435 0.14920408
v 0.81697798 0.12202843 0.11849351
v 0.81192505 0.13303500 0.12589450
v 0.83383214 0.11593329 0.12383848
v 0.82427108 0.14499283 0.15798298
v 0.80159587 0.14741044 0.13589545
v 0.81133246 0.15531056 0.15291628
v 0.82464695 0.16229667 0.17081845
v 0.85151923 0.13915265 0.15076312
v 0.90332133 0.16465767 0.15206234
v 0.89467061 0.19347836 0.16311117
v 0.81272495 0.20554718 0.17289767
v 0.86997515 0.27116403 0.15768775
v 0.80084050 0.26463601 0.16548201
v 0.77168214 0.26233840 0.16149415
v 0.75538462 0.27986163 0.15599208
v 0.85943317 0.29817736 0.15231948
v 0.83226115 0.30182457 0.14890909
v 0.87331808 0.30226386 0.14337632
v 0.79475212 0.17678410 0.14213960
v 0.78554285 0.20410851 0.14611195
v 0.77535504 0.22894661 0.14709108
v 0.68789196 0.26995179 0.14062753
v -0.47793862 0.26028693 0.05004928
v -0.40774119 0.27254334 0.05357207
v -0.47808155 0.27365515 0.05063728
v -0.52675140 0.26955020 0.04822727
v -0.58992559 0.23731479 0.04815144
v -0.58825988 0.26509932 0.04756602
v -0.46814162 0.28414637 0.04894825
v -0.37731579 0.28445819 0.05636491
v -0.31935021 0.25393575 0.05007688
v -0.49397075 0.23320897 0.04365382
v -0.41044044 0.23183461 0.03944302
v -0.29317173 0.27439344 0.05726121
v -0.31229752 0.30959421 0.05990970
v -0.23979975 0.26268250 0.06197030
v -0.60316044 0.21607317 0.04103492
v -0.24625866 0.28307351 0.07256353
v -0.26676136 0.32175508 0.06793550
v -0.62424511 0.24923420 0.05789781
v -0.30955136 0.24401481 0.04395125
v -0.41141707 0.29825181 0.04828234
v -0.65458828 0.21648484 0.06727002
v -0.60309553 0.30116791 0.03493134
v -0.53509623 0.30790019 0.03131230
v -0.38664517 0.32268676 0.03967684
v -0.31957582 0.36100656 0.03593516
v -0.25399432 0.36806959 0.07014830
v -0.23253311 0.28880733 0.08535666
v -0.64848107 0.29609278 0.05798548
v -0.26004657 0.42106107 0.04219401
v -0.34788421 0.37661481 0.01332647
v -0.22026059 0.40174273 0.07511079
v -0.21798365 0.36231586 0.09615010
v -0.17176065 0.38764167 0.10314275
v -0.18997534 0.32449529 0.12704638
v -0.15381284 0.28738335 0.16690820
v -0.11120588 0.37008166 0.13487379
v -0.04894213 0.32233718 0.17773253
v -0.14327586 0.24636337 0.19126844
v -0.06030707 0.23305467 0.21415032
v -0.00187221 0.24463363 0.21708643
v -0.00290799 0.34387374 0.17079370
v -0.11771721 0.22717558 0.20770341
v -0.14705877 0.22899623 0.19433011
v -0.02558109 0.40549928 0.12039424
v -0.17158534 0.26081112 0.16572241
v -0.14001437 0.42360282 0.08138605
v -0.18205580 0.42068395 0.07080600
v -0.40264690 0.35367468 0.00167871
v -0.22289053 0.43313637 0.04135561
v 0.03301130 0.33578712 0.16873111
v -0.56422800 0.31625295 0.02194222
v -0.44476262 0.32994106 0.02051660
v -0.62019366 0.31806558 0.02230312
v 0.02830970 0.39546469 0.12087960
v 0.05949864 0.40094355 0.12577374
v 0.06352207 0.31756791 0.18468969
v 0.03130873 0.24030459 0.20986059
v 0.06409305 0.23890051 0.21843264
v 0.09382801 0.31287691 0.18564555
v 0.10017998 0.34951678 0.16367023
v 0.16143522 0.22662699 0.21060380
v 0.09026116 0.41166204 0.11620802
v 0.18830886 0.28805128 0.17501234
v 0.21107472 0.24528418 0.18963204
v 0.19957876 0.23016365 0.20229430
v 0.17193823 0.37723842 0.12826619
v -0.20952527 0.28596067 0.11654754
v 0.00365615 0.21895875 0.21419768
v 0.06810211 0.21673973 0.21363959
v 0.04446739 0.15123057 0.22792226
v 0.00375115 0.14675051 0.22693606
v -0.05074941 0.20847139 0.20815730
v -0.06681379 0.13804609 0.20742992
v -0.08757161 0.19750832 0.19720998
v -0.06777689 0.03933241 0.20693304
v 0.00841926 0.04297962 0.22383332
v -0.11550736 0.03811169 0.18164134
v -0.12340041 0.18450040 0.17773716
v -0.11707196 0.01975988 0.19770631
v -0.05395697 0.02022730 0.23102918
v -0.09242905 -0.05360977 0.21546766
v -0.02046389 -0.05267271 0.24093905
v -0.00202072 0.02021242 0.24294910
v 0.03490422 -0.05591773 0.24684657
v 0.05042635 0.02325380 0.24572936
v 0.07699847 0.14521050 0.22385482
v 0.06501076 0.04162601 0.22302279
v 0.15144852 0.19896635 0.20103903
v 0.07909506 -0.05291604 0.24272113
v -0.12679552 0.19515222 0.17757581
v 0.04009173 0.03288891 0.23145884
v 0.11689682 0.02178912 0.23228410
v 0.11073779 0.04044608 0.21387383
v -0.12629738 -0.05234257 0.18885337
v 0.14603294 0.15330374 0.20436536
v 0.13883819 -0.05289684 0.22511598
v 0.14541617 0.04070964 0.20267226
v 0.17762204 0.01954513 0.20693685
v 0.18426460 0.03794454 0.18456107
v 0.19863434 0.19341925 0.17643714
v 0.19183244 0.08461035 0.17940189
v -0.66951853 0.32125950 0.04775300
v -0.22296111 0.26528871 0.07754470
v -0.65229887 0.25278831 0.07740856
v 0.18298969 -0.97780895 -0.02341109
v 0.18505521 -0.86982119 -0.01849049
v 0.17703566 -0.87841845 -0.06907329
v 0.19315666 -0.89558959 0.02208680
v 0.17941868 -0.98693585 -0.05803433
v 0.19538811 -0.92986590 0.07526481
v 0.18945996 -0.98823220 0.06507284
v 0.18771271 -0.99137068 0.00633153
v 0.17859015 -0.98744422 -0.10317325
v 0.19416179 -0.95004928 0.13706373
v 0.18812980 -0.98752528 0.16139661
v 0.19546682 -0.95693511 0.21292670
v 0.19773144 -0.99064445 0.22382206
v 0.18287234 -0.95891321 -0.12927432
v 0.17696501 -0.86345923 -0.09908051
v 0.16652398 -0.76876032 -0.08485945
v 0.16552828 -0.77264500 -0.02871179
v 0.18693197 -0.83056295 -0.13820736
v 0.19232008 -0.98871022 -0.15116473
v 0.18470941 -0.78414208 0.01724013
v 0.18493234 -0.75744468 -0.13988315
v 0.20544364 -0.85698068 0.03031464
v 0.22291276 -0.96892178 0.26444712
v 0.19716915 -0.92359132 -0.15664993
v 0.21260422 -0.87928927 0.04945825
v 0.21459343 -0.90281808 0.09444617
v 0.22288066 -0.99002004 0.26136556
v 0.21193166 -0.78147709 0.05631052
v 0.21979062 -0.93509871 0.23918138
v 0.21558614 -0.91792941 0.14368166
v 0.20022970 -0.99796957 0.19409820
v 0.16411419 -0.76437855 -0.00171544
v 0.15675764 -0.75873882 -0.07597896
v 0.17785649 -0.76570743 0.03114954
v 0.16836305 -0.75300527 -0.11446570
v 0.18866646 -0.99761325 -0.10422985
v 0.20095684 -0.76787955 0.05687707
v 0.20660250 -0.84749895 -0.16319227
v 0.20676562 -0.75707340 -0.16279101
v 0.20778666 -0.98869056 -0.16888380
v 0.17803955 -0.74897432 -0.14257225
v 0.23588811 -0.94943738 0.26507419
v 0.04773257 0.82504237 0.26974386
v 0.03793387 0.90042454 0.24376197
v -0.02163216 0.87616092 0.24586475
v 0.00884418 0.91845274 0.23320256
v -0.01175714 0.81507683 0.26283151
v -0.06958435 0.81236106 0.24784873
v -0.08297650 0.82865375 0.23725614
v -0.07518499 0.91338128 0.21045211
v -0.08575916 0.81093544 0.23948199
v 0.05165941 0.79811913 0.26907015
v 0.07193102 0.89170796 0.24181949
v 0.08219009 0.91945297 0.22331482
v 0.15522048 0.91367269 0.20392264
v 0.14288996 0.85769629 0.23130740
v 0.11224774 0.81121993 0.25362760
v 0.07226240 0.83470720 0.25585473
v 0.08701237 0.80136001 0.25682101
v 0.16278091 0.82370031 0.23194842
v -0.03492221 0.93145698 0.20486552
v -0.10510280 0.92952877 0.17897241
v -0.13424276 0.91304624 0.17532459
v -0.10507087 0.84410721 0.21051735
v -0.14975555 0.86741334 0.17776176
v -0.15703356 0.83561182 0.17741610
v -0.13286971 0.92815733 0.15862522
v -0.02275726 0.79944843 0.25468504
v -0.14688267 0.91297239 0.15943061
v -0.15092283 0.81620437 0.17458768
v -0.10021726 0.81900465 0.20316093
v 0.07099975 0.80160457 0.24405757
v 0.18500383 0.85650951 0.20046413
v 0.18586563 0.90968162 0.18592791
v 0.16685396 0.81113034 0.22633375
v -0.08746770 0.80151069 0.22899416
v -0.75697029 0.21533121 0.17472227
v -0.78193843 0.23375949 0.16714588
v -0.78772813 0.19461380 0.16149896
v -0.76106489 0.26886088 0.18389048
v -0.79370582 0.13419287 0.14588208
v -0.80515480 0.16811250 0.14583990
v -0.81534415 0.12920471 0.13226466
v -0.72281337 0.16164497 0.16637613
v -0.72989637 0.25078499 0.17872496
v -0.73352844 0.12602526 0.14350697
v -0.77964449 0.11247712 0.13154340
v -0.68624514 0.20368448 0.16362603
v -0.70577943 0.16139489 0.16043647
v -0.67378730 0.27901143 0.15648836
v -0.75536913 0.27720365 0.17994218
v -0.81496036 0.11124665 0.10895627
v -0.82947952 0.15529339 0.11431126
v -0.84162378 0.15378125 0.10904387
v -0.82606417 0.18304242 0.12077091
v -0.81097281 0.20036799 0.13235261
v -0.80078900 0.22683260 0.14185272
v -0.78738719 0.27414277 0.15117310
v -0.79708266 0.24727798 0.14202812
v -0.84682918 0.12408407 0.06936071
v -0.82947069 0.21931300 0.16618326
v -0.82086462 0.24470565 0.16681080
v -0.88265175 0.26232910 0.16384390
v -0.90560961 0.21496627 0.16518499
v -0.85432208 0.18941264 0.16665134
v -0.81167227 0.28805408 0.16658705
v -0.86788392 0.32589361 0.15800181
v -0.89407670 0.26387152 0.16029410
v -0.83910441 0.18269737 0.16227993
v -0.83513075 0.32978147 0.15245843
v -0.79156280 0.30138201 0.15972026
v -0.91715568 0.20507787 0.15902522
v -0.77087921 0.31398904 0.14912778
v -0.85246319 0.16895340 0.15612338
v -0.77242309 0.29716885 0.16126603
v -0.79837877 0.26731920 0.15100685
v -0.80966133 0.23665571 0.14207324
v -0.82182753 0.21043427 0.13483730
v -0.86762947 0.33966881 0.14681228
v -0.68342984 0.29369324 0.14750855
v -0.88863349 0.16650173 0.13492033
v -0.67494458 0.20896113 0.14588945
v -0.66108912 0.25789025 0.10118976
v -0.66276872 0.27244893 0.13885342
v -0.66650414 0.22190182 0.09071943
v -0.65868264 0.29923931 0.06954777
v -0.70662767 0.14071658 0.11210426
v -0.70061070 0.15327719 0.14446181
v -0.69463968 0.17784050 0.06537194
v -0.72417074 0.14139074 0.03455690
v -0.74056548 0.10555384 0.10523799
v -0.73202461 0.11287574 0.12426540
v -0.65229887 0.25278831 0.07740856
v -0.68624514 0.20368448 0.16362603
v -0.70577943 0.16139489 0.16043647
v -0.65458828 0.21648484 0.06727002
v -0.67693895 0.17486729 0.04205847
v -0.73352844 0.12602526 0.14350697
v -0.67378730 0.27901143 0.15648836
v -0.67063832 0.28827628 0.14342222
v -0.64848107 0.29609278 0.05798548
v -0.67882264 0.31540000 0.09321138
v -0.66951853 0.32125950 0.04775300
v 0.16411555 0.62447965 -0.21187089
v 0.13247648 0.54919809 -0.15947276
v 0.12144666 0.56119573 -0.19747289
v 0.15639654 0.56426972 -0.13133584
v 0.19774106 0.63662642 -0.18475811
v 0.20953301 0.62964386 -0.12931597
v 0.17308263 0.58032531 -0.09889767
v 0.21200277 0.62490010 -0.08689509
v 0.22539049 0.69321477 -0.17842762
v 0.18793872 0.59767193 -0.07233038
v 0.17453125 0.57652736 -0.03531693
v 0.18603925 0.58449739 -0.02395731
v 0.22363159 0.65575308 -0.09649182
v 0.16703019 0.56699955 0.00375744
v 0.19346409 0.58828622 0.01383286
v 0.19315214 0.58729482 0.03271553
v 0.15056919 0.54908764 0.02159634
v 0.18215984 0.56229442 0.06141979
v 0.20023021 0.60168672 0.03084838
v 0.16647796 0.54116982 0.09875336
v 0.18020880 0.55918688 0.09091318
v 0.16023120 0.53882205 0.13486075
v 0.14592287 0.52329528 0.14037873
v 0.20092173 0.60464346 -0.06799631
v 0.23930821 0.72520936 -0.13534115
v 0.24194767 0.74185759 -0.15490757
v 0.18595554 0.58794260 0.10036454
v 0.23661031 0.71564209 -0.09869901
v 0.24080519 0.73540294 -0.08858262
v 0.24988227 0.77740616 -0.09343997
v 0.20193568 0.62435919 0.03963785
v 0.24292013 0.74965489 -0.07090472
v 0.25290546 0.80572033 -0.05707935
v 0.24200445 0.75913477 -0.04342632
v 0.25164846 0.82043660 -0.00467104
v 0.23967540 0.75980401 0.02237823
v 0.23306741 0.74073875 0.00590878
v 0.23056693 0.70765275 0.06403791
v 0.16939534 0.52877361 -0.07971061
v 0.16886900 0.52730167 -0.04495874
v 0.15668920 0.51951206 -0.00637139
v 0.23170736 0.75970095 0.07351342
v 0.24699193 0.82086885 -0.15403232
v 0.20784782 0.68891531 0.02930886
v 0.20109285 0.67124671 0.07121338
v 0.22519284 0.69757867 0.08084705
v 0.25312707 0.86235791 -0.03269600
v 0.23716494 0.84480625 0.07796197
v 0.22621778 0.73751134 -0.20066382
v 0.23770943 0.80947340 -0.18897028
v 0.19364986 0.67374277 0.09731953
v 0.24575330 0.90285724 -0.10765547
v 0.21745218 0.80618942 0.13057727
v 0.20547658 0.83453345 0.17740960
v 0.21892254 0.85966367 0.13911323
v 0.17154001 0.61497641 0.14487259
v 0.21342987 0.77299464 0.12139031
v 0.23761091 0.90722233 0.03905787
v 0.15976781 0.51659167 -0.12868768
v 0.18380541 0.75943196 0.12940012
v 0.13469203 0.52488220 0.17806417
v 0.13147914 0.50966293 0.16631934
v 0.11429315 0.49809155 0.19660728
v 0.16117007 0.68145782 0.17436624
v 0.24385402 0.91129303 -0.02446878
v 0.23105946 0.90133536 -0.18849248
v 0.21402125 0.91390765 0.12316414
v 0.14012206 0.63060123 0.20237640
v 0.17589547 0.76338518 0.14238802
v 0.14794019 0.72555566 0.19650270
v 0.17007203 0.80116856 0.15244517
v 0.12349515 0.56111741 0.20436236
v 0.14520341 0.79989207 0.19295892
v 0.18586563 0.90968162 0.18592791
v 0.18344055 0.82664949 0.19800368
v 0.21015468 0.69353229 0.09444407
v 0.18500383 0.85650951 0.20046413
v 0.16278091 0.82370031 0.23194842
v 0.16685396 0.81113034 0.22633375
v 0.16500838 0.80435401 0.21510798
v 0.17356504 0.49749586 -0.02708576
v 0.18588415 0.49687502 -0.08526260
v 0.15547009 0.49890083 0.00133734
v 0.22126487 0.82409573 -0.21810375
v 0.19078547 0.68138194 -0.22536777
v 0.23110050 0.92545640 -0.13038936
v 0.17963539 0.49981061 -0.12633623
v 0.22263271 0.59409821 -0.01950234
v 0.11098350 0.52771378 0.04069511
v 0.11642663 0.50029880 0.02867403
v 0.21620572 0.93386936 0.06223568
v 0.22362144 0.92700624 -0.15994909
v 0.23136541 0.93141747 -0.03144811
v 0.20029768 0.74651849 -0.23489688
v 0.19447927 0.89767635 -0.24154390
v 0.19821717 0.80042261 0.14292273
v 0.19576469 0.92796266 0.13925755
v 0.19423653 0.91638494 -0.22770916
v 0.24840091 0.74780405 -0.05887873
v 0.26681489 0.72356611 -0.06946974
v 0.22209610 0.59510040 -0.04341466
v 0.24454941 0.60465086 -0.04468872
v 0.13977133 -0.76794642 0.01439216
v 0.15675764 -0.75873882 -0.07597896
v 0.16411419 -0.76437855 -0.00171544
v 0.17785649 -0.76570743 0.03114954
v 0.14864501 -0.77121228 0.04313516
v 0.20095684 -0.76787955 0.05687707
v 0.13787189 -0.75558197 -0.10469195
v 0.16836305 -0.75300527 -0.11446570
v 0.14692697 -0.75079823 -0.14136058
v 0.17803955 -0.74897432 -0.14257225
v 0.16387880 -0.74703389 -0.16467094
v 0.19028334 -0.74617541 -0.15809222
v 0.20013291 -0.77708501 0.09327003
v 0.22722879 -0.77064550 0.08139250
v 0.22631219 -0.77757454 0.10518929
v 0.26441112 -0.77062035 0.08566526
v 0.30217326 -0.77046490 0.10562875
v 0.32693097 -0.76846087 0.09267270
v 0.29849404 -0.76906031 0.06472092
v 0.35245129 -0.76047486 0.02728143
v 0.34893146 -0.76595515 0.08226760
v 0.37526223 -0.75890249 0.04088505
v 0.38216728 -0.74999738 -0.03658379
v 0.17250679 -0.74145418 -0.18013719
v 0.21948372 -0.74345630 -0.17185399
v 0.19502485 -0.73881370 -0.19169256
v 0.23381570 -0.73646384 -0.18986203
v 0.29312629 -0.73525828 -0.17021210
v 0.30224532 -0.73150212 -0.18475330
v 0.34495199 -0.73517829 -0.15245815
v 0.33449325 -0.72743821 -0.17920765
v 0.12508067 -0.75397605 -0.06350593
v 0.35631028 -0.76212919 -0.01567235
v 0.36850372 -0.74784529 -0.07611199
v 0.16279136 -0.76931733 0.07231152
v 0.35586515 -0.75843865 -0.05636984
v 0.34611958 -0.74726158 -0.10741727
v 0.36519167 -0.73662436 -0.12738957
v 0.32093856 -0.74525183 -0.14825584
v 0.26976815 -0.72538376 -0.19764234
v 0.29064775 -0.72606617 -0.19543846
v 0.37128738 -0.75640154 0.06483636
v 0.21193166 -0.78147709 0.05631052
v 0.38201582 -0.73743975 -0.07219619
v 0.25513119 -0.78070575 0.07369220
v 0.34542033 -0.76716375 0.02114504
v 0.12586713 -0.75599682 -0.02469667
v 0.36608541 -0.72667670 -0.13223428
v 0.17978041 -0.76679319 0.09177352
v 0.18493234 -0.75744468 -0.13988315
v 0.20676562 -0.75707340 -0.16279101
v -0.07142669 -0.76832128 0.03048567
v -0.05745064 -0.76709801 -0.00578508
v -0.03447286 -0.77023590 0.03229272
v -0.05723770 -0.77410024 0.06491338
v -0.08698188 -0.77231497 0.04754360
v -0.03645518 -0.76353103 -0.01648954
v -0.09204520 -0.76952702 0.06686680
v -0.07285911 -0.77610648 0.08143920
v -0.08686230 -0.77705503 0.09615153
v -0.13438700 -0.77098554 0.08567401
v -0.12253825 -0.77709925 0.10612904
v -0.16542454 -0.77356821 0.10644213
v -0.17947893 -0.76744646 0.07078324
v -0.21845211 -0.76894635 0.08549656
v -0.24089625 -0.76415640 0.05235683
v -0.22192878 -0.76457202 0.03802480
v -0.25775766 -0.75862628 0.00815373
v -0.23294127 -0.76464891 0.00462695
v -0.24300870 -0.75901276 -0.05070085
v -0.05419002 -0.76885617 -0.03414364
v -0.26733974 -0.75032204 -0.03516708
v -0.26611564 -0.74815619 -0.06270929
v -0.25806740 -0.74215829 -0.10882992
v -0.23374407 -0.75372785 -0.09978288
v -0.22978531 -0.74764961 -0.12506354
v -0.24334204 -0.73530859 -0.14723183
v -0.22171748 -0.73762089 -0.17182359
v -0.19455655 -0.74367285 -0.15660353
v -0.17447437 -0.73734838 -0.17685753
v -0.04223316 -0.75902367 -0.07022694
v -0.02737303 -0.75718671 -0.08637490
v -0.05932118 -0.75973469 -0.09699292
v -0.01726360 -0.76008499 -0.02404950
v -0.07188474 -0.75093496 -0.13680409
v -0.04889584 -0.74772197 -0.15781669
v -0.08553161 -0.74573231 -0.15933554
v -0.06197377 -0.74327260 -0.17691673
v -0.12681487 -0.74316406 -0.16741633
v -0.08850572 -0.73818320 -0.19094165
v -0.16815370 -0.73324436 -0.18950298
v -0.02037391 -0.75848317 0.00564111
v -0.19531746 -0.72544569 -0.18693799
v -0.11056849 -0.77571809 0.06444042
v -0.24884750 -0.75909656 0.05941322
v -0.09387982 -0.77363724 0.10728522
v -0.05500890 -0.76619518 -0.06865476
v -0.03042575 -0.74525702 -0.13116831
v -0.17843229 -0.75025457 -0.16201134
v -0.03512765 -0.76565790 0.04861967
v -0.13978361 -0.78013504 0.07235779
v -0.05377982 -0.76720625 0.07778002
v -0.06966024 -0.76909882 0.09211165
v -0.10043827 -0.75673062 -0.16217768
v -0.16718641 -0.78274751 0.06476741
v -0.20431681 -0.77848929 0.04608251
v -0.18116488 -0.84993881 0.04963026
v -0.21567337 -0.84863329 0.02998187
v -0.14132045 -0.85176498 0.05459893
v -0.13978361 -0.78013504 0.07235779
v -0.17947893 -0.76744646 0.07078324
v -0.22192878 -0.76457202 0.03802480
v -0.11898033 -0.85583866 0.05071494
v -0.22259678 -0.78261226 0.02257930
v -0.23662263 -0.85629642 -0.00424203
v -0.13438700 -0.77098554 0.08567401
v -0.11056849 -0.77571809 0.06444042
v -0.20166962 -0.86348850 0.04732613
v -0.15638207 -0.86679792 0.06082923
v -0.23433921 -0.87148905 0.02447807
v -0.11159641 -0.87846678 0.06486524
v 0.67000967 0.24753435 0.14920408
v 0.65649694 0.25366244 0.08370426
v 0.65648723 0.21653362 0.13964941
v 0.67087287 0.28410438 0.07518891
v 0.66965389 0.21213365 0.16313104
v 0.65183806 0.19650479 0.09319973
v 0.68789196 0.26995179 0.14062753
v 0.68815517 0.29716036 0.06930926
v 0.66989279 0.16763999 0.11608798
v 0.67704111 0.17106856 0.14423980
v 0.69298476 0.12743181 0.12978397
v 0.03404927 -0.23589136 0.05989166
v 0.05213252 -0.23921113 0.04568543
v 0.05305132 -0.23110321 0.11595297
v 0.03327626 -0.22347933 0.14708678
v 0.06189274 -0.22628671 0.15083911
v 0.05204875 -0.23234220 -0.02938082
v 0.03131602 -0.23185574 -0.03728089
v 0.06247966 -0.21768863 -0.10360301
v 0.02149744 -0.22058642 -0.09363388
v 0.01108247 -0.20523900 -0.13679120
v 0.07730136 -0.20085293 -0.14399891
v 0.06539991 -0.21467754 0.17193790
v 0.01885314 -0.24011442 0.10344523
v 0.01912426 -0.22495000 0.14595611
v 0.00495378 -0.21846111 0.17269255
v 0.06511559 -0.19942631 0.19115825
v 0.02114093 -0.24459776 0.04844848
v 0.01988871 -0.24297152 -0.02038231
v 0.01313144 -0.22927654 -0.08480114
v 0.00385686 -0.22261801 -0.12600331
v -0.00363304 -0.20587802 0.19068411
v -0.01361044 -0.18590716 -0.15958130
v -0.00619584 -0.20892419 -0.14753203
v -0.23563260 -0.99017620 0.27025205
v -0.19354483 -0.96025652 0.27943298
v -0.24525292 -0.95683873 0.26623169
v -0.27300319 -0.96691692 0.24792807
v -0.26076269 -0.99557877 0.24954531
v -0.28206789 -0.98955423 0.22969639
v -0.16270266 -0.98934585 0.27322719
v -0.15290557 -0.95580983 0.27333531
v -0.12764961 -0.96053779 0.25810739
v -0.12739149 -0.99514830 0.24929301
v -0.19041000 0.62672085 -0.08612412
v -0.14393105 0.62427104 -0.09820180
v -0.14437507 0.60373604 -0.07466236
v -0.18714364 0.61310381 -0.06544188
v -0.16710714 0.59772229 -0.05376136
v -0.12216888 0.59639424 -0.08334536
v -0.12662064 0.58785796 -0.04229353
v -0.11251534 0.57568288 -0.02420988
v -0.13554062 0.58468539 0.01148904
v -0.10670927 0.55378449 0.02064038
v -0.12829618 0.55284709 0.06350971
v -0.17420925 0.60633105 -0.02807331
v -0.09822243 0.57322901 -0.12161365
v -0.13561779 0.62687099 -0.14745736
v -0.07818276 0.55934447 -0.14943455
v -0.10763514 0.60810387 -0.17766730
v -0.05787674 0.56252313 -0.19076671
v -0.05645663 0.54789114 -0.16840225
v -0.02253004 0.53812975 -0.18296225
v -0.01887486 0.55467367 -0.21407250
v -0.09261157 0.53797853 0.00932926
v -0.12135269 0.63638890 -0.19618343
v -0.10589831 0.57124156 -0.07498415
v -0.09667100 0.63351327 -0.21735364
v -0.09648085 0.55914342 -0.10575277
v -0.07433891 0.53534639 0.04446998
v -0.04974779 0.52239662 0.04189228
v 0.01799407 0.53325146 -0.18940383
v -0.14559115 0.60186255 0.02627865
v -0.13848265 0.56624413 0.07604960
v -0.11375221 0.53344655 0.13107646
v -0.10431412 0.55653006 -0.03558470
v -0.15883625 0.69245839 -0.16137591
v -0.15440422 0.70393479 -0.18603611
v -0.15278679 0.64913338 -0.10432572
v -0.13216309 0.68451184 -0.21253559
v -0.07745504 0.53768134 -0.13791867
v -0.04614985 0.52685028 -0.16777833
v -0.17254458 0.76917946 -0.16651951
v -0.17344312 0.73664802 -0.12845558
v -0.15990208 0.68822104 -0.11596644
v -0.17090584 0.70547968 -0.10292969
v -0.16909894 0.71989602 -0.10617790
v -0.17262344 0.73009092 -0.09792178
v -0.16057341 0.74707228 -0.19174001
v -0.18146336 0.78094321 -0.10721564
v -0.17569511 0.75414473 -0.07223153
v -0.18294385 0.78834832 -0.00549103
v -0.17311943 0.75295532 -0.01834682
v -0.17513762 0.74475890 0.02429408
v -0.16891214 0.73920131 0.00067601
v -0.16913140 0.70003039 0.06564648
v -0.15147986 0.68830585 0.01892252
v -0.15153031 0.67078757 0.07208285
v -0.17496936 0.74943638 0.06161022
v -0.18821616 0.83580643 -0.04180504
v -0.17810574 0.83525401 -0.15101367
v -0.18465553 0.83973968 0.03461632
v -0.08928932 0.51272303 -0.00074720
v -0.10374795 0.52054757 -0.06770667
v -0.08558138 0.51965493 -0.13859318
v -0.16142631 0.81942499 -0.20173742
v -0.14176965 0.75271630 -0.22284205
v -0.17121981 0.80003786 0.09178419
v -0.16450627 0.84048754 0.13448149
v -0.16890550 0.75488538 0.08825888
v -0.15875281 0.69924867 0.08579170
v -0.17930248 0.90495312 -0.05617326
v -0.17954101 0.89584208 0.00921970
v -0.16961326 0.90286672 -0.14179331
v -0.15785335 0.89881146 -0.19007371
v -0.16922921 0.89563388 0.08283064
v -0.14118403 0.90043229 -0.22067544
v -0.14688267 0.91297239 0.15943061
v -0.14975555 0.86741334 0.17776176
v -0.15669334 0.81524527 0.13107368
v -0.15703356 0.83561182 0.17741610
v -0.15092283 0.81620437 0.17458768
v -0.16093671 0.78925800 0.10497358
v -0.17190459 0.91724616 -0.08666193
v -0.14072224 0.81278223 -0.22954434
v -0.15337422 0.91139102 -0.18936631
v -0.16854851 0.92178434 0.01749090
v -0.05220642 0.49560553 0.03254439
v -0.12106261 0.90115160 -0.24137433
v -0.11481109 0.48916465 -0.04346064
v -0.09781168 0.48119253 0.00004876
v -0.14837368 0.93132210 0.08414128
v -0.18825676 0.67132056 -0.09708859
v -0.20096305 0.71476310 -0.08510297
v -0.16841996 0.72830474 -0.00603103
v -0.15867124 0.67585522 -0.00805495
v -0.15166630 0.62594569 0.02048204
v -0.19101936 0.73212308 -0.03991965
v -0.20211664 0.70073903 -0.06981686
v -0.19656065 0.64116538 -0.06421758
v -0.19690584 0.73435205 -0.06647629
v -0.14531934 0.62715715 0.09078257
v -0.14383276 0.71412462 0.10105263
v -0.12279349 0.69804084 0.15699361
v -0.12362298 0.61761105 0.15101658
v -0.12652873 0.56520700 0.12149145
v -0.13677873 0.75551349 0.11501813
v -0.12977010 0.79822326 0.12806867
v -0.10671198 0.70782465 0.19152446
v -0.10749412 0.80119461 0.17145705
v -0.09749177 0.65106016 0.20282365
v -0.09382699 0.58302516 0.19788596
v -0.09358724 0.51319230 0.16935477
v -0.07725942 0.50641960 0.19773418
v -0.09286197 0.80299681 0.19007604
v -0.07395603 0.49548006 0.19225605
v -0.09616593 0.71016395 0.20247315
v -0.11770982 0.80776811 0.16532284
v 0.21200277 0.62490010 -0.08689509
v 0.25098497 0.63769621 -0.08296277
v 0.24026971 0.61222208 -0.06934924
v 0.25792387 0.62802517 -0.07147504
v 0.22363159 0.65575308 -0.09649182
v 0.20092173 0.60464346 -0.06799631
v 0.23661031 0.71564209 -0.09869901
v 0.26266477 0.70550007 -0.08390375
v 0.24080519 0.73540294 -0.08858262
v 0.26913679 0.69411826 -0.07273343
v 0.26681489 0.72356611 -0.06946974
v 0.24292013 0.74965489 -0.07090472
v 0.22209610 0.59510040 -0.04341466
v 0.24454941 0.60465086 -0.04468872
v 0.18603925 0.58449739 -0.02395731
v 0.02504924 0.78988898 0.25321323
v 0.02772377 0.78625703 0.23582852
v 0.07099975 0.80160457 0.24405757
v 0.05165941 0.79811913 0.26907015
v 0.06852534 0.80132908 0.22640179
v -0.00984111 0.78944725 0.22664544
v -0.05426821 0.79462117 0.23780325
v -0.04425474 0.78724849 0.20782940
v -0.07819654 0.79808092 0.21016783
v -0.08746770 0.80151069 0.22899416
v 0.08598033 0.79015505 0.21706118
v 0.08701237 0.80136001 0.25682101
v 0.10047259 0.79265493 0.24396764
v 0.14351732 0.79937321 0.22756176
v 0.11561016 0.79351103 0.20859390
v 0.14520341 0.79989207 0.19295892
v 0.16500838 0.80435401 0.21510798
v -0.02275726 0.79944843 0.25468504
v 0.16685396 0.81113034 0.22633375
v -0.07722917 0.78908038 0.19978845
v 0.18344055 0.82664949 0.19800368
v 0.17007203 0.80116856 0.15244517
v 0.19821717 0.80042261 0.14292273
v 0.21745218 0.80618942 0.13057727
v -0.08800437 0.81035048 0.19779827
v -0.10021726 0.81900465 0.20316093
v -0.11770982 0.80776811 0.16532284
v -0.15092283 0.81620437 0.17458768
v -0.15669334 0.81524527 0.13107368
v -0.12977010 0.79822326 0.12806867
v -0.08575916 0.81093544 0.23948199
v -0.06958435 0.81236106 0.24784873
v 0.11224774 0.81121993 0.25362760
v 0.00054034 0.61666662 0.23444907
v 0.03644235 0.62268943 0.24292934
v 0.00963841 0.62831277 0.27806517
v 0.63640034 0.25369516 0.06492918
v 0.64030582 0.19358860 0.07068898
v 0.65183806 0.19650479 0.09319973
v 0.65649694 0.25366244 0.08370426
v 0.67087287 0.28410438 0.07518891
v 0.63039148 0.28350005 0.04651500
v 0.62178373 0.24341945 0.05985207
v 0.60914212 0.19326459 0.05637968
v 0.62775105 0.29650405 0.03280647
v 0.55717289 0.28358206 0.04422466
v 0.54888856 0.25239331 0.05320089
v 0.54253954 0.22698022 0.04792937
v 0.52917475 0.21954000 0.04394401
v 0.45738304 0.29826707 0.05516255
v 0.44730955 0.28297091 0.05974736
v 0.37434584 0.30091992 0.06546915
v 0.36538088 0.31500331 0.06545547
v 0.36274716 0.27906445 0.06342437
v 0.30432329 0.29839355 0.07932200
v 0.32771114 0.33897236 0.06908415
v 0.43810982 0.24431975 0.05232018
v 0.28854126 0.35009909 0.08265097
v 0.34694523 0.25330842 0.05491554
v 0.55099422 0.20803277 0.04215245
v 0.30835873 0.26660776 0.06332149
v 0.37228990 0.37744585 0.03762455
v 0.27969638 0.40716550 0.06871846
v 0.44433647 0.32762450 0.04321967
v 0.54722989 0.30493248 0.03263855
v 0.29183185 0.28696206 0.08793793
v 0.45114180 0.34295020 0.03049920
v 0.40574139 0.37649128 0.02166323
v 0.33658418 0.42598811 0.02085480
v 0.29664323 0.43255883 0.03883091
v 0.26649541 0.37341404 0.09050498
v 0.23520087 0.40485260 0.08921831
v 0.18830886 0.28805128 0.17501234
v 0.17193823 0.37723842 0.12826619
v 0.22687511 0.28425762 0.16000283
v 0.21107472 0.24528418 0.18963204
v 0.25496385 0.29350889 0.13505985
v 0.23474149 0.24268028 0.16785516
v 0.22086234 0.23403586 0.18504752
v 0.19957876 0.23016365 0.20229430
v 0.68815517 0.29716036 0.06930926
v 0.28863269 -0.99025089 0.27684546
v 0.32340884 -0.96463019 0.27541637
v 0.26104087 -0.96917963 0.27857327
v 0.33814570 -0.99509412 0.26500636
v 0.22288066 -0.99002004 0.26136556
v 0.22291276 -0.96892178 0.26444712
v 0.23979557 -0.99832916 0.25907844
v 0.23588811 -0.94943738 0.26507419
v 0.27835491 -0.93010479 0.26252663
v 0.33484763 -0.93739718 0.25822511
v 0.25573477 -0.92389417 0.25082731
v 0.36227578 -0.94131452 0.24314198
v 0.37030199 -0.98818600 0.24670793
v -0.84162378 0.15378125 0.10904387
v -0.82606417 0.18304242 0.12077091
v -0.83910441 0.18269737 0.16227993
v -0.82182753 0.21043427 0.13483730
v -0.82947069 0.21931300 0.16618326
v -0.80966133 0.23665571 0.14207324
v -0.82086462 0.24470565 0.16681080
v -0.79837877 0.26731920 0.15100685
v -0.85246319 0.16895340 0.15612338
v -0.81167227 0.28805408 0.16658705
v -0.18825676 0.67132056 -0.09708859
v -0.17090584 0.70547968 -0.10292969
v -0.15278679 0.64913338 -0.10432572
v -0.08297650 0.82865375 0.23725614
v -0.08746770 0.80151069 0.22899416
v -0.08575916 0.81093544 0.23948199
v 0.00306158 0.45282191 0.05897422
v 0.04106875 0.49391016 0.05403584
v 0.01281358 0.49698904 0.05440442
v 0.07988647 0.44778067 0.05932459
v 0.09261549 0.50678986 0.03933740
v -0.05220642 0.49560553 0.03254439
v -0.02974996 0.44469154 0.05834009
v -0.04974779 0.52239662 0.04189228
v -0.08987889 0.45544785 0.02752822
v -0.09414662 0.43977886 0.03947317
v 0.11524487 0.46922934 0.03910511
v 0.02918054 0.42197898 0.07487259
v 0.02529118 0.50602043 0.06249551
v 0.07299215 0.51949173 0.05894987
v -0.09781168 0.48119253 0.00004876
v -0.08928932 0.51272303 -0.00074720
v -0.14051133 0.45183870 -0.00254732
v 0.11642663 0.50029880 0.02867403
v 0.15547009 0.49890083 0.00133734
v -0.11448195 0.46920928 -0.00628933
v -0.02486141 0.51966590 0.05821859
v -0.03578975 0.42800331 0.07888080
v 0.11098350 0.52771378 0.04069511
vt 0.98002529 0.87316507
vt 0.98478317 0.80000597
vt 0.93560249 0.83213788
vt 0.92937970 0.88445824
vt 0.98050469 0.91419911
vt 0.93103200 0.91876870
vt 0.94738412 0.77790833
vt 0.98554915 0.78094143
vt 0.97114962 0.92533863
vt 0.93075365 0.79947901
vt 0.93514991 0.78318936
vt 0.92157966 0.88288993
vt 0.92402649 0.84239399
vt 0.92709351 0.81734532
vt 0.98569202 0.90223658
vt 0.98590738 0.87113470
vt 0.98719162 0.83412045
vt 0.99117762 0.79547489
vt 0.98136050 0.77362794
vt 0.92070073 0.90904081
vt 0.93573701 0.92715156
vt 0.94579881 0.77043557
vt 0.95346451 0.93206042
vt 0.94058323 0.77089429
vt 0.99157804 0.83510792
vt 0.99148136 0.85611051
vt 0.91622609 0.89615589
vt 0.98725253 0.91336143
vt 0.92346221 0.92100501
vt 0.99082363 0.77801114
vt 0.98499185 0.77140862
vt 0.97787386 0.92677051
vt 0.91622341 0.86744630
vt 0.92022610 0.84119624
vt 0.93053657 0.78228492
vt 0.99157804 0.89059567
vt 0.97791481 0.76776201
vt 0.92438948 0.80825782
vt 0.88249373 0.59476686
vt 0.88058507 0.65442622
vt 0.90226889 0.62952107
vt 0.90113747 0.67006540
vt 0.87714243 0.70290297
vt 0.90815759 0.58941483
vt 0.91007823 0.56320894
vt 0.88968503 0.54133219
vt 0.90579921 0.71158749
vt 0.90196288 0.52719820
vt 0.87397271 0.71249092
vt 0.91688657 0.70792055
vt 0.92159420 0.66158032
vt 0.91984105 0.71513695
vt 0.91970855 0.52901649
vt 0.92479700 0.62776172
vt 0.88800842 0.52720642
vt 0.92542511 0.57121956
vt 0.92930853 0.68875629
vt 0.85893959 0.66236174
vt 0.84662026 0.71419179
vt 0.86745995 0.60466182
vt 0.85064471 0.65554005
vt 0.86503583 0.56621224
vt 0.93473285 0.62039787
vt 0.93852788 0.71764112
vt 0.86736614 0.52691448
vt 0.93699872 0.67707372
vt 0.83366650 0.71174449
vt 0.85384935 0.60819530
vt 0.84002930 0.67274749
vt 0.83651263 0.72158933
vt 0.93655425 0.56345981
vt 0.93973970 0.53041148
vt 0.82923257 0.72602129
vt 0.93112051 0.52560019
vt 0.85336578 0.57863313
vt 0.84379590 0.63188535
vt 0.87312186 0.52259630
vt 0.90028042 0.71678150
vt 0.84908599 0.71997285
vt 0.87364542 0.71552318
vt 0.94364905 0.59186357
vt 0.85038847 0.52233535
vt 0.86209077 0.52175844
vt 0.94580317 0.62285382
vt 0.94558740 0.65299606
vt 0.94409341 0.68995839
vt 0.94513696 0.56597275
vt 0.92686927 0.71994829
vt 0.94216418 0.72410017
vt 0.91734046 0.52449036
vt 0.82303953 0.68728632
vt 0.94902480 0.54491562
vt 0.94902480 0.72030514
vt 0.84148955 0.56944668
vt 0.82827413 0.61890018
vt 0.82449383 0.64559406
vt 0.81870568 0.71001941
vt 0.84111696 0.52246863
vt 0.94154489 0.52490228
vt 0.94814986 0.52586025
vt 0.03566493 0.68482327
vt 0.06817456 0.73109812
vt 0.06519820 0.68389785
vt 0.01860307 0.74797314
vt 0.06362908 0.75420803
vt 0.05873712 0.65782338
vt 0.01139705 0.66676605
vt 0.01499009 0.70178312
vt 0.01688576 0.63090050
vt 0.03862357 0.61473560
vt 0.01448024 0.72845548
vt 0.05877913 0.61684465
vt 0.06844573 0.62151170
vt 0.07244621 0.63436490
vt 0.07440048 0.66035360
vt 0.05386388 0.76837271
vt 0.01979129 0.75869840
vt 0.07401116 0.70699483
vt 0.06214746 0.77069795
vt 0.02070453 0.61569387
vt 0.07254359 0.75271899
vt 0.07565451 0.72491598
vt 0.01013972 0.63012487
vt 0.01061764 0.69220746
vt 0.01133377 0.71928215
vt 0.02423263 0.76858526
vt 0.00707479 0.71252406
vt 0.03057216 0.60879219
vt 0.07841994 0.65164047
vt 0.00705653 0.68187231
vt 0.05704218 0.61080182
vt 0.01001898 0.73779750
vt 0.07242315 0.76196885
vt 0.00487589 0.65864366
vt 0.07845744 0.67968410
vt 0.07841994 0.71276897
vt 0.00927929 0.74469799
vt 0.01156823 0.62139624
vt 0.07763406 0.74297971
vt 0.01350201 0.75870055
vt 0.01927954 0.76649678
vt 0.05287794 0.77486676
vt 0.00520224 0.69189751
vt 0.57820272 0.54869789
vt 0.58843893 0.56617981
vt 0.59561080 0.53263819
vt 0.56716520 0.50511903
vt 0.61911792 0.56420505
vt 0.61801946 0.52777129
vt 0.59022766 0.49080390
vt 0.61197716 0.48529136
vt 0.58143622 0.46357775
vt 0.60353655 0.44466329
vt 0.59346491 0.41585767
vt 0.57450885 0.49977648
vt 0.57937557 0.41055524
vt 0.62162280 0.42220271
vt 0.60881084 0.37390554
vt 0.62668866 0.46541786
vt 0.59010220 0.37146461
vt 0.60117656 0.32167250
vt 0.61781204 0.32014334
vt 0.62716824 0.36227417
vt 0.62776530 0.32068276
vt 0.64118516 0.50327808
vt 0.63749194 0.56571662
vt 0.64464658 0.32265568
vt 0.64094967 0.40910751
vt 0.64614463 0.36015922
vt 0.64918506 0.47844929
vt 0.56756985 0.47562951
vt 0.56920648 0.44964486
vt 0.65192926 0.40853328
vt 0.57968032 0.34235692
vt 0.57397151 0.37908840
vt 0.56157392 0.56738490
vt 0.55859447 0.52755713
vt 0.58277094 0.31830680
vt 0.65942407 0.32529622
vt 0.64999616 0.53797436
vt 0.56572795 0.41318643
vt 0.65626371 0.56859434
vt 0.66415226 0.36146140
vt 0.55086714 0.56816155
vt 0.65751261 0.44362342
vt 0.55881900 0.47466439
vt 0.55676711 0.57182741
vt 0.57779837 0.57463169
vt 0.59762073 0.57386011
vt 0.58168960 0.59947288
vt 0.60644239 0.59833115
vt 0.62725949 0.57216799
vt 0.62770510 0.59810108
vt 0.64527959 0.59811014
vt 0.56872910 0.60016215
vt 0.64584088 0.57216436
vt 0.55648261 0.57558709
vt 0.55189461 0.60052913
vt 0.59539646 0.60636073
vt 0.55092674 0.53579646
vt 0.55179995 0.49915344
vt 0.62546247 0.60470676
vt 0.63305181 0.60835218
vt 0.59654146 0.63988042
vt 0.61875051 0.63676643
vt 0.58438724 0.64250106
vt 0.57005209 0.60722709
vt 0.64485037 0.63410336
vt 0.64874220 0.64939529
vt 0.56473136 0.64546549
vt 0.65182257 0.60515630
vt 0.61589116 0.66421676
vt 0.59058946 0.66530335
vt 0.56647909 0.65935713
vt 0.55099988 0.60883731
vt 0.64941156 0.65738332
vt 0.54751676 0.66075218
vt 0.66277313 0.64966071
vt 0.67242908 0.65996921
vt 0.54217422 0.57682645
vt 0.55983984 0.43716127
vt 0.58154690 0.67454123
vt 0.61136109 0.66948891
vt 0.55522400 0.66878551
vt 0.54348934 0.56823361
vt 0.57253367 0.31973779
vt 0.54217786 0.54747242
vt 0.54807049 0.66439688
vt 0.53945035 0.60195613
vt 0.54405439 0.60893154
vt 0.56252646 0.35977471
vt 0.56283438 0.38474303
vt 0.65612930 0.59667641
vt 0.60167134 0.31709015
vt 0.60622358 0.68138659
vt 0.66002035 0.48125374
vt 0.65867978 0.52450675
vt 0.66548765 0.40098846
vt 0.65897852 0.57186341
vt 0.62562895 0.66740221
vt 0.66252291 0.60060173
vt 0.67112529 0.62368488
vt 0.67242908 0.32901442
vt 0.56692213 0.68574762
vt 0.59439498 0.69449335
vt 0.57967049 0.70153850
vt 0.55837679 0.69120246
vt 0.54601932 0.67905211
vt 0.59323806 0.70381880
vt 0.67124140 0.32512331
vt 0.56844836 0.31394315
vt 0.32925782 0.74459481
vt 0.33343285 0.76632977
vt 0.30965659 0.76638585
vt 0.30320171 0.74140966
vt 0.34942585 0.74048626
vt 0.37796739 0.74062812
vt 0.39883292 0.75756663
vt 0.41791108 0.74400520
vt 0.46522716 0.75923210
vt 0.46447867 0.74481946
vt 0.39452919 0.77830207
vt 0.45868638 0.78028983
vt 0.49602130 0.77552027
vt 0.53032702 0.75738734
vt 0.56426930 0.76463586
vt 0.56443948 0.74517190
vt 0.49882674 0.74022734
vt 0.55090278 0.73972523
vt 0.31997937 0.72909176
vt 0.33658376 0.73105788
vt 0.29794115 0.71779406
vt 0.53785783 0.78410113
vt 0.48577043 0.78634185
vt 0.36070940 0.78478938
vt 0.40424213 0.78818828
vt 0.43574861 0.78996271
vt 0.57118636 0.78143817
vt 0.33464175 0.78277934
vt 0.57113487 0.76482600
vt 0.32865688 0.69612074
vt 0.46186000 0.73673308
vt 0.42047417 0.73780674
vt 0.31321275 0.78692138
vt 0.57350475 0.77489716
vt 0.29328099 0.69368970
vt 0.35274789 0.73300284
vt 0.32414225 0.66730744
vt 0.34699360 0.68982458
vt 0.34132352 0.69606197
vt 0.36947307 0.69001019
vt 0.37066796 0.67450905
vt 0.39555100 0.67401659
vt 0.40680221 0.66186494
vt 0.42665133 0.66439241
vt 0.43867144 0.65203297
vt 0.47084099 0.64484394
vt 0.47114223 0.63794106
vt 0.49650878 0.63124919
vt 0.51477987 0.60860300
vt 0.52787578 0.61690772
vt 0.44225264 0.63545603
vt 0.44989979 0.61157376
vt 0.52709919 0.59975541
vt 0.38550672 0.62967920
vt 0.35945320 0.64391506
vt 0.41469488 0.61908692
vt 0.36964282 0.73456210
vt 0.51954859 0.58625329
vt 0.56402850 0.73302597
vt 0.53309762 0.62472957
vt 0.47971922 0.59212816
vt 0.54119009 0.73062521
vt 0.50278467 0.73291099
vt 0.48932925 0.64160198
vt 0.46247545 0.72923791
vt 0.28947362 0.67687416
vt 0.39294666 0.73185182
vt 0.43520692 0.73237514
vt 0.34816235 0.72596002
vt 0.34473777 0.70190984
vt 0.33113405 0.65140182
vt 0.30978414 0.66100276
vt 0.45598251 0.59646493
vt 0.35172302 0.63633245
vt 0.56104201 0.71936393
vt 0.38775855 0.68470472
vt 0.31786048 0.64895117
vt 0.40729269 0.61118430
vt 0.42844266 0.59976172
vt 0.56834555 0.73672611
vt 0.51637727 0.57593250
vt 0.46709290 0.65413558
vt 0.53496385 0.63473260
vt 0.53260595 0.61422801
vt 0.28290302 0.68365890
vt 0.28606787 0.70968735
vt 0.29920682 0.76368129
vt 0.28995758 0.66695434
vt 0.28164235 0.66911656
vt 0.37238923 0.62227035
vt 0.29032797 0.72814769
vt 0.29329634 0.74295992
vt 0.51313275 0.71694058
vt 0.30462110 0.78171581
vt 0.27969858 0.78568673
vt 0.52226520 0.57995164
vt 0.55229050 0.79157621
vt 0.50366610 0.79358041
vt 0.46309754 0.79440498
vt 0.53707838 0.64199185
vt 0.35542667 0.72193515
vt 0.56685817 0.72564310
vt 0.44451296 0.68089372
vt 0.57554013 0.78363013
vt 0.57757092 0.79440498
vt 0.55985290 0.88826233
vt 0.61271006 0.87320000
vt 0.60094911 0.89241129
vt 0.57498479 0.85893804
vt 0.53114444 0.87949032
vt 0.50943363 0.89785933
vt 0.51151490 0.87423676
vt 0.65292412 0.88052183
vt 0.66819090 0.86222017
vt 0.69327670 0.87714255
vt 0.69552946 0.85453260
vt 0.50929165 0.84966999
vt 0.61494493 0.84895420
vt 0.50555176 0.83024597
vt 0.62745333 0.83879346
vt 0.66293967 0.83589846
vt 0.69385338 0.84393632
vt 0.60448593 0.82863373
vt 0.55421501 0.82463509
vt 0.50234395 0.81674123
vt 0.65050727 0.89646512
vt 0.55129802 0.90920389
vt 0.50899118 0.91316473
vt 0.69503677 0.89371961
vt 0.58809441 0.90749562
vt 0.69511831 0.82749319
vt 0.69228280 0.90584773
vt 0.67393875 0.90957439
vt 0.61803764 0.91298890
vt 0.58339798 0.91792655
vt 0.54355645 0.91926694
vt 0.50537717 0.92229128
vt 0.54691386 0.81529427
vt 0.49551868 0.80564296
vt 0.59312660 0.81787908
vt 0.64069092 0.82179713
vt 0.49792030 0.81626439
vt 0.69770283 0.83299655
vt 0.69516391 0.81507981
vt 0.69813830 0.87719476
vt 0.69796973 0.90514517
vt 0.63615388 0.91672873
vt 0.68638903 0.91818017
vt 0.59312260 0.92229128
vt 0.69757426 0.91372836
vt 0.53799725 0.80030525
vt 0.51880211 0.79795736
vt 0.49069148 0.79872978
vt 0.62419444 0.80041814
vt 0.29632646 0.28515720
vt 0.32403773 0.28011292
vt 0.27972305 0.29389286
vt 0.27205142 0.29261315
vt 0.32466090 0.27592403
vt 0.33972862 0.27107048
vt 0.34322786 0.29285902
vt 0.31861427 0.30015278
vt 0.27783269 0.30529231
vt 0.28536144 0.33637601
vt 0.32656395 0.32721412
vt 0.25730389 0.32514048
vt 0.24759266 0.30035591
vt 0.35347044 0.32869053
vt 0.33243763 0.35386896
vt 0.35194498 0.35066056
vt 0.28803781 0.37238264
vt 0.27020925 0.35737056
vt 0.25759238 0.37984312
vt 0.24433501 0.34714556
vt 0.24129115 0.31898946
vt 0.38134313 0.34769452
vt 0.34302154 0.39325547
vt 0.28437012 0.39767110
vt 0.37644216 0.38976169
vt 0.35556212 0.40626508
vt 0.39998311 0.36476803
vt 0.41532508 0.38376701
vt 0.44318321 0.35283625
vt 0.40352991 0.34202743
vt 0.43116775 0.33342338
vt 0.44403622 0.33154380
vt 0.46308249 0.33882368
vt 0.47238544 0.31021225
vt 0.45329893 0.31607163
vt 0.48499990 0.32561076
vt 0.43721503 0.38022321
vt 0.49859107 0.30005920
vt 0.49099699 0.29355663
vt 0.51095843 0.28590703
vt 0.53944439 0.28537232
vt 0.54951036 0.27103925
vt 0.30033681 0.42541552
vt 0.51180649 0.31336015
vt 0.44993842 0.36372387
vt 0.46711218 0.34962058
vt 0.55467302 0.29985327
vt 0.40332687 0.40087163
vt 0.25293776 0.40930039
vt 0.26794440 0.43778145
vt 0.23445103 0.41969740
vt 0.23930770 0.44275826
vt 0.20275119 0.42756915
vt 0.20481929 0.40945542
vt 0.16615574 0.41718811
vt 0.16356628 0.40327787
vt 0.14017563 0.40785444
vt 0.22535501 0.39903075
vt 0.23582226 0.40054715
vt 0.14518301 0.42639029
vt 0.10630126 0.42250222
vt 0.11485764 0.40783441
vt 0.17350586 0.43131375
vt 0.20218739 0.43809080
vt 0.09453973 0.40905535
vt 0.19309981 0.39854622
vt 0.57071960 0.29746097
vt 0.56302559 0.27452803
vt 0.32448849 0.43970656
vt 0.13541611 0.39941859
vt 0.08533274 0.41996765
vt 0.08026244 0.39693809
vt 0.42203438 0.39739466
vt 0.36458346 0.43420875
vt 0.35417187 0.44863158
vt 0.33365968 0.45896518
vt 0.35130882 0.45788926
vt 0.33097714 0.46745938
vt 0.36535567 0.45565641
vt 0.31633949 0.45150518
vt 0.38039088 0.42408574
vt 0.11056023 0.39462417
vt 0.24167998 0.45343184
vt 0.05431031 0.38928056
vt 0.04752791 0.39838719
vt 0.04368811 0.41528869
vt 0.02890292 0.40755999
vt 0.36514956 0.44959271
vt 0.05017739 0.42899537
vt 0.36661530 0.31028831
vt 0.48009768 0.34442127
vt 0.59093767 0.27936649
vt 0.13514772 0.43269634
vt 0.16131076 0.43516952
vt 0.10274024 0.43707645
vt 0.26548055 0.45098412
vt 0.28886017 0.45323849
vt 0.03122263 0.43733889
vt 0.07564094 0.43484247
vt 0.49866205 0.33087099
vt 0.51102084 0.32207775
vt 0.54760569 0.31158626
vt 0.22068672 0.44935989
vt 0.04928602 0.44082510
vt 0.03989095 0.45008558
vt 0.02182795 0.44926298
vt 0.01672101 0.46571696
vt 0.23548700 0.37882614
vt 0.00827984 0.44159406
vt 0.23616856 0.30325842
vt 0.58010662 0.26851487
vt 0.59848338 0.25662935
vt 0.61431354 0.25837481
vt 0.59991324 0.24063998
vt 0.61127317 0.23909378
vt 0.62418151 0.25657904
vt 0.60332263 0.28827685
vt 0.62563992 0.28583419
vt 0.64193225 0.28468704
vt 0.58697188 0.24790853
vt 0.44824034 0.38096821
vt 0.18372019 0.43866301
vt 0.33177769 0.26952374
vt 0.34504235 0.26472759
vt 0.32913369 0.24344635
vt 0.31645918 0.27418745
vt 0.30561787 0.25124812
vt 0.29581705 0.28051364
vt 0.28338459 0.25779182
vt 0.25991225 0.26506716
vt 0.26689002 0.28996921
vt 0.24485941 0.29584992
vt 0.23659894 0.27207768
vt 0.31083620 0.24422598
vt 0.24619012 0.26189917
vt 0.28670722 0.24787551
vt 0.32249573 0.23594725
vt 0.27188331 0.23857623
vt 0.23088287 0.25262213
vt 0.25869203 0.22738409
vt 0.28690523 0.22316021
vt 0.25740945 0.21648324
vt 0.28584373 0.20662034
vt 0.30097124 0.21364862
vt 0.28765658 0.20037484
vt 0.31860861 0.19408363
vt 0.22718702 0.22289109
vt 0.29738438 0.23059165
vt 0.24598455 0.21121383
vt 0.21517177 0.19982785
vt 0.23053271 0.18541479
vt 0.21531630 0.17351723
vt 0.22057012 0.14996696
vt 0.17214061 0.16926825
vt 0.32307702 0.21161032
vt 0.20430264 0.23176074
vt 0.29123262 0.18965793
vt 0.28101420 0.17578846
vt 0.29605594 0.15236461
vt 0.28051409 0.14934695
vt 0.28378105 0.11061418
vt 0.26839060 0.10059416
vt 0.26767644 0.07904041
vt 0.29531464 0.06953067
vt 0.28903189 0.06261325
vt 0.25929436 0.06939125
vt 0.31957182 0.17150939
vt 0.26286915 0.03713220
vt 0.28448397 0.02501261
vt 0.30930457 0.12388915
vt 0.32137370 0.13750982
vt 0.31732720 0.10978276
vt 0.19291031 0.21203727
vt 0.17969351 0.19198942
vt 0.30652404 0.06743586
vt 0.30172068 0.04379189
vt 0.17755729 0.15575981
vt 0.20104140 0.14535367
vt 0.17015372 0.09680367
vt 0.19080254 0.11240304
vt 0.18560672 0.08418149
vt 0.21116267 0.14531279
vt 0.17208844 0.06338358
vt 0.15031098 0.07981580
vt 0.16055936 0.14228243
vt 0.14677158 0.10797489
vt 0.19642933 0.10772139
vt 0.15040952 0.04879987
vt 0.13581948 0.05352843
vt 0.13080183 0.07406855
vt 0.27628759 0.01144320
vt 0.26164886 0.01567131
vt 0.25397387 0.05385864
vt 0.24795943 0.02581853
vt 0.12876515 0.05552214
vt 0.15976150 0.04164916
vt 0.29077533 0.00722915
vt 0.27365038 0.14928997
vt 0.26735646 0.11475354
vt 0.25374070 0.01373661
vt 0.33533150 0.22750342
vt 0.33701372 0.23689544
vt 0.32988864 0.18205327
vt 0.33352357 0.20513582
vt 0.22426304 0.27085865
vt 0.11968300 0.06544602
vt 0.32852575 0.16400880
vt 0.13959436 0.11330044
vt 0.17539150 0.05437171
vt 0.20851310 0.12300438
vt 0.11321424 0.06061798
vt 0.25501770 0.07421935
vt 0.23193771 0.29948425
vt 0.22044335 0.27669936
vt 0.01874342 0.41531265
vt 0.39459470 0.33420736
vt 0.00866012 0.46494162
vt 0.46835327 0.30087209
vt 0.39534625 0.42703265
vt 0.18711784 0.07165104
vt 0.28072211 0.00678355
vt 0.43827036 0.39518911
vt 0.16802189 0.03835553
vt 0.30873239 0.46425867
vt 0.31682009 0.46993893
vt 0.29971388 0.00438857
vt 0.29995412 0.00044405
vt 0.23681810 0.18231142
vt 0.28005734 0.19959426
vt 0.24307805 0.01503491
vt 0.36280736 0.28923392
vt 0.22543131 0.38255477
vt 0.41675577 0.32668006
vt 0.57354730 0.26308727
vt 0.03842172 0.39137304
vt 0.17314085 0.39176846
vt 0.22057691 0.38066703
vt 0.15699162 0.15453035
vt 0.19305936 0.44494057
vt 0.37370661 0.44961029
vt 0.38576111 0.43300807
vt 0.37834793 0.45611584
vt 0.31372553 0.47735345
vt 0.19853948 0.09424430
vt 0.64163667 0.25682914
vt 0.65349931 0.28963655
vt 0.62772387 0.29057926
vt 0.31604803 0.07269096
vt 0.63711470 0.24481672
vt 0.11329525 0.06953394
vt 0.23211163 0.32771599
vt 0.33247411 0.14925134
vt 0.33869672 0.19100815
vt 0.13287583 0.44197965
vt 0.35320410 0.26611042
vt 0.27358684 0.20215291
vt 0.34632528 0.23724324
vt 0.16628970 0.44165295
vt 0.14647506 0.04514778
vt 0.42093429 0.31069136
vt 0.31208721 0.03446227
vt 0.20334761 0.25316918
vt 0.19236088 0.22754079
vt 0.07602826 0.45174706
vt 0.27244699 0.16307354
vt 0.26482621 0.12484944
vt 0.15158561 0.38737154
vt 0.40122750 0.31912005
vt 0.57607436 0.30956900
vt 0.09724639 0.44783866
vt 0.38607904 0.31711149
vt 0.24168114 0.03911602
vt 0.47108617 0.37447548
vt 0.54988509 0.25858617
vt 0.29616329 0.47289765
vt 0.18815385 0.38026726
vt 0.28053686 0.46114469
vt 0.54058862 0.32059896
vt 0.49663830 0.27223337
vt 0.25335413 0.20827723
vt 0.01879711 0.47227192
vt 0.35784230 0.25981933
vt 0.17728700 0.03763592
vt 0.32973301 0.11262691
vt 0.48487017 0.27819264
vt 0.65463799 0.24901116
vt 0.21990174 0.30250752
vt 0.34783354 0.23329490
vt 0.21378711 0.27422500
vt 0.22500840 0.30597878
vt 0.12209161 0.09531784
vt 0.66212004 0.28236622
vt 0.65987134 0.28885424
vt 0.00044326 0.43997282
vt 0.01296458 0.47735345
vt 0.21723740 0.37109208
vt 0.21991128 0.36271757
vt 0.66267729 0.25475681
vt 0.22513309 0.36016715
vt 0.30102655 0.51027268
vt 0.27957609 0.54558611
vt 0.24775620 0.52874631
vt 0.31954721 0.53830874
vt 0.34045568 0.52083206
vt 0.24129562 0.55668062
vt 0.20884226 0.52605551
vt 0.19574869 0.55442250
vt 0.37046587 0.54724675
vt 0.37576106 0.53020310
vt 0.41052604 0.53281075
vt 0.40867010 0.55464649
vt 0.19314831 0.56406897
vt 0.43605021 0.55576676
vt 0.43812281 0.53116578
vt 0.29982063 0.55955541
vt 0.32290661 0.55680913
vt 0.38305023 0.56915867
vt 0.19298165 0.51146317
vt 0.41685236 0.52166349
vt 0.37562653 0.51197308
vt 0.34341148 0.50381744
vt 0.25626069 0.50367510
vt 0.43797985 0.51424062
vt 0.39729947 0.50778472
vt 0.43195271 0.57793409
vt 0.24239874 0.57332438
vt 0.30353972 0.57140505
vt 0.36660311 0.57763988
vt 0.23873669 0.49175251
vt 0.29457739 0.49383968
vt 0.35971764 0.49685252
vt 0.18889476 0.48222542
vt 0.21464786 0.58133745
vt 0.39551881 0.58836460
vt 0.19097118 0.58142227
vt 0.27258354 0.57958865
vt 0.35898721 0.58574879
vt 0.32527766 0.58829546
vt 0.42270440 0.59419966
vt 0.18633237 0.55121416
vt 0.44056296 0.54295737
vt 0.18741730 0.56886286
vt 0.16209266 0.56481922
vt 0.16034360 0.54043162
vt 0.18570392 0.53381377
vt 0.16022532 0.52331376
vt 0.18400308 0.50369996
vt 0.15882030 0.50554615
vt 0.16204651 0.58090627
vt 0.44100845 0.50598592
vt 0.15676060 0.48032796
vt 0.43560663 0.57639843
vt 0.24285583 0.58289140
vt 0.15680286 0.56760901
vt 0.15703228 0.58465046
vt 0.33327416 0.48757452
vt 0.18176833 0.47632980
vt 0.21597342 0.47749507
vt 0.26280168 0.48406470
vt 0.42078009 0.49780339
vt 0.37311557 0.49174601
vt 0.15264107 0.49518859
vt 0.29362607 0.48512459
vt 0.18642500 0.47009671
vt 0.15281464 0.54484999
vt 0.15292905 0.57324672
vt 0.13060825 0.56006354
vt 0.14897884 0.52097487
vt 0.15318899 0.51330656
vt 0.14903012 0.49796629
vt 0.12888961 0.52006811
vt 0.12071144 0.50597042
vt 0.10509124 0.53277749
vt 0.09960012 0.50447249
vt 0.14879203 0.48967898
vt 0.11706232 0.49132752
vt 0.10284514 0.57380277
vt 0.14978737 0.47724485
vt 0.12437446 0.57473361
vt 0.09392868 0.47489125
vt 0.13263343 0.47221178
vt 0.10418479 0.59362841
vt 0.13371511 0.58636260
vt 0.08037617 0.52096546
vt 0.09422012 0.54895800
vt 0.08817098 0.49295986
vt 0.44281915 0.51483828
vt 0.09463157 0.58169568
vt 0.09579734 0.56482863
vt 0.08234633 0.59813499
vt 0.15541382 0.46047962
vt 0.14890136 0.46843910
vt 0.18025361 0.46238554
vt 0.23329037 0.47040308
vt 0.20774849 0.46706390
vt 0.27595061 0.47655189
vt 0.44106394 0.49180281
vt 0.30684894 0.48059893
vt 0.06477651 0.50656426
vt 0.07389446 0.48327971
vt 0.07730812 0.47574055
vt 0.05540780 0.49634749
vt 0.05665568 0.51763171
vt 0.18691963 0.58737260
vt 0.43084511 0.59813499
vt 0.07697555 0.52852190
vt 0.28067148 0.58960915
vt 0.37051097 0.59398174
vt 0.13698918 0.59543329
vt 0.08045640 0.46646762
vt 0.50467098 0.96036011
vt 0.51018786 0.94105780
vt 0.52918005 0.96240884
vt 0.55494756 0.96263349
vt 0.55976892 0.93676281
vt 0.49814913 0.94969350
vt 0.52884573 0.96870351
vt 0.57050699 0.93790901
vt 0.53472263 0.92800248
vt 0.55300879 0.92899561
vt 0.50380516 0.92807043
vt 0.57225269 0.93107289
vt 0.57038182 0.96599472
vt 0.49937829 0.96820402
vt 0.54988241 0.97384769
vt 0.48963031 0.97166699
vt 0.48654705 0.92524481
vt 0.48690721 0.95412183
vt 0.46677080 0.97293985
vt 0.46754470 0.93938822
vt 0.46424866 0.92724109
vt 0.47473696 0.97718716
vt 0.46177423 0.95028889
vt 0.46245152 0.96876603
vt 0.49426994 0.98001778
vt 0.48604244 0.91785079
vt 0.46161431 0.92039508
vt 0.45789006 0.92585409
vt 0.57757092 0.97290593
vt 0.56737131 0.98001778
vt 0.07887477 0.18852472
vt 0.06049154 0.17387068
vt 0.07575297 0.18105799
vt 0.05290996 0.20992398
vt 0.07606688 0.21531147
vt 0.07155356 0.16802466
vt 0.08946114 0.20712906
vt 0.06805930 0.13474774
vt 0.04818987 0.13722008
vt 0.04787743 0.12758482
vt 0.04119678 0.19706923
vt 0.03086967 0.21075189
vt 0.05540263 0.09835291
vt 0.07081139 0.10732740
vt 0.07088178 0.09157902
vt 0.05800020 0.05968809
vt 0.07541852 0.06819707
vt 0.07311107 0.03065455
vt 0.05960500 0.02948767
vt 0.04803035 0.09814441
vt 0.04613106 0.07272863
vt 0.04972104 0.03730583
vt 0.02766039 0.13739371
vt 0.06920552 0.24221039
vt 0.02606580 0.23892504
vt 0.07433719 0.25461924
vt 0.03610166 0.25323933
vt 0.01370830 0.24637139
vt 0.09399805 0.24315166
vt 0.08880524 0.21741617
vt 0.09246698 0.25974548
vt 0.11614219 0.23883843
vt 0.11500338 0.22854191
vt 0.04326776 0.02964419
vt 0.01617141 0.23673135
vt 0.02581906 0.19285440
vt 0.02763488 0.12400359
vt 0.01988233 0.20613778
vt 0.02803188 0.08998984
vt 0.11374450 0.25456369
vt 0.12246447 0.22631556
vt 0.03014575 0.05091840
vt 0.00221631 0.24421340
vt 0.00600598 0.22924525
vt 0.12301420 0.24314570
vt 0.01334607 0.26522279
vt 0.07663972 0.09247011
vt 0.06639871 0.26910496
vt 0.03951386 0.28119290
vt 0.00274242 0.25628114
vt 0.07237433 0.13036978
vt 0.02860929 0.02917933
vt 0.07828130 0.28815770
vt 0.09476101 0.27283943
vt 0.08097155 0.03660601
vt 0.09711106 0.02919936
vt 0.08215144 0.18543017
vt 0.10539990 0.28465867
vt 0.13253546 0.27756196
vt 0.11620956 0.26994824
vt 0.12233528 0.28843474
vt 0.13056195 0.22755140
vt 0.11459570 0.03261000
vt 0.10219284 0.20375800
vt 0.09421874 0.19779891
vt 0.07369184 0.15011311
vt 0.10144091 0.06435972
vt 0.10979808 0.03923887
vt 0.09936197 0.10059345
vt 0.09199374 0.12420428
vt 0.03331758 0.29477584
vt 0.00776020 0.20884150
vt 0.01711106 0.09805238
vt 0.08495179 0.17113149
vt 0.09934064 0.26580751
vt 0.12307452 0.30297840
vt 0.10404022 0.30187225
vt 0.10355581 0.13001275
vt 0.10182354 0.16912490
vt 0.11008258 0.18763936
vt 0.13163063 0.30506217
vt 0.08108874 0.02524835
vt 0.04838075 0.02295446
vt 0.04841464 0.30506217
vt 0.01203655 0.28177428
vt 0.02126059 0.29712117
vt 0.02832790 0.01376551
vt 0.10574833 0.87196457
vt 0.07650723 0.87728733
vt 0.09661466 0.85803938
vt 0.06646894 0.86176598
vt 0.03344118 0.88294530
vt 0.03318425 0.85727394
vt 0.06640065 0.90345085
vt 0.10659353 0.89935583
vt 0.08604036 0.91616195
vt 0.03326264 0.91474092
vt 0.06486280 0.92326558
vt 0.11024511 0.92114347
vt 0.12866499 0.90384078
vt 0.14257449 0.87564230
vt 0.12333925 0.85899568
vt 0.15592773 0.86757004
vt 0.15686788 0.88997668
vt 0.14159817 0.89923996
vt 0.15391876 0.85013956
vt 0.11850616 0.84184384
vt 0.09049246 0.83525634
vt 0.05515094 0.83713001
vt 0.14282407 0.84111655
vt 0.02996821 0.83204246
vt 0.12901837 0.92006105
vt 0.11065164 0.81289732
vt 0.13250810 0.82199329
vt 0.06493212 0.81420201
vt 0.08647174 0.80928576
vt 0.03097310 0.81051725
vt 0.02606270 0.84471130
vt 0.15686247 0.83783525
vt 0.02610239 0.91014141
vt 0.03085714 0.93077540
vt 0.02552039 0.88270193
vt 0.08571062 0.93827707
vt 0.15777855 0.90704793
vt 0.11111986 0.93473065
vt 0.06337778 0.93827707
vt 0.05830261 0.79795736
vt 0.16930504 0.87627268
vt 0.02260638 0.80812371
vt 0.16714089 0.85190803
vt 0.17065603 0.82993388
vt 0.85492682 0.36088634
vt 0.87141842 0.39643252
vt 0.89201540 0.37299967
vt 0.88473552 0.33897966
vt 0.90635943 0.35018075
vt 0.89060676 0.41390836
vt 0.83642989 0.37342310
vt 0.85239720 0.41987979
vt 0.83084667 0.41327667
vt 0.87749612 0.44729495
vt 0.91800308 0.39184433
vt 0.91429299 0.42525554
vt 0.83430630 0.43609321
vt 0.84617680 0.46295816
vt 0.91876686 0.45248777
vt 0.82008892 0.45465469
vt 0.81768477 0.42850089
vt 0.80946058 0.44760352
vt 0.81813657 0.36981261
vt 0.84448612 0.33150065
vt 0.82244587 0.33035278
vt 0.92776370 0.36671853
vt 0.87709075 0.31888473
vt 0.80364543 0.38645488
vt 0.86256343 0.47380108
vt 0.88914371 0.46907222
vt 0.80242991 0.42048675
vt 0.91929454 0.33111691
vt 0.90940470 0.31780380
vt 0.92944574 0.43650532
vt 0.93599468 0.40794939
vt 0.84288216 0.31182742
vt 0.86870617 0.30482173
vt 0.80571973 0.32597870
vt 0.79677665 0.35544038
vt 0.89480835 0.30185413
vt 0.81306905 0.30414522
vt 0.93951786 0.33697402
vt 0.93566990 0.32598472
vt 0.92379045 0.30089581
vt 0.94104612 0.37348783
vt 0.82699662 0.29233778
vt 0.85342371 0.28517842
vt 0.89143622 0.28496861
vt 0.91591907 0.46184969
vt 0.79258752 0.39667583
vt 0.92768794 0.45541310
vt 0.79560804 0.31996453
vt 0.90466690 0.28463590
vt 0.79866999 0.30692375
vt 0.78945035 0.35831094
vt 0.80198562 0.44899833
vt 0.80639559 0.29890788
vt 0.94104612 0.31246698
vt 0.46097657 0.24902964
vt 0.44435164 0.25793529
vt 0.45261428 0.24342740
vt 0.42504147 0.24564147
vt 0.44959331 0.22913194
vt 0.37762508 0.24308431
vt 0.39107516 0.25418150
vt 0.36707062 0.25774485
vt 0.47213864 0.23982292
vt 0.42813334 0.26270562
vt 0.38126242 0.27664298
vt 0.45667580 0.22527671
vt 0.47650212 0.22972000
vt 0.40260762 0.21462429
vt 0.48029500 0.23818690
vt 0.42170390 0.20065987
vt 0.46523318 0.26644194
vt 0.45988697 0.27236724
vt 0.47043529 0.27664298
vt 0.40779740 0.19700646
vt 0.37427461 0.22997999
vt 0.46312335 0.20577997
vt 0.46842611 0.21077913
vt 0.49061659 0.21820909
vt 0.48774719 0.23198313
vt 0.39142317 0.20551455
vt 0.36569148 0.23942590
vt 0.48330867 0.26468629
vt 0.47304037 0.25349402
vt 0.40281948 0.19316161
vt 0.48458213 0.24822974
vt 0.49888319 0.21921533
vt 0.48383164 0.25460172
vt 0.49651569 0.23999172
vt 0.50132978 0.24945664
vt 0.46326494 0.50745076
vt 0.48417869 0.52834207
vt 0.46613139 0.54802662
vt 0.48808360 0.56561631
vt 0.46594757 0.56459045
vt 0.46568710 0.47934979
vt 0.49690890 0.47812015
vt 0.49578905 0.51912808
vt 0.45870546 0.47486103
vt 0.46390665 0.47380108
vt 0.50078094 0.56308973
vt 0.45407835 0.51470739
vt 0.45345744 0.54839396
vt 0.45778808 0.56591916
vt 0.46849045 0.56971580
vt 0.49605420 0.56779599
vt 0.50664896 0.56744987
vt 0.50217354 0.52961570
vt 0.50664896 0.50169563
vt 0.50392735 0.47724986
vt 0.76664984 0.62326652
vt 0.77865058 0.61532110
vt 0.76188248 0.60911995
vt 0.74862427 0.62465876
vt 0.74896061 0.60553592
vt 0.74112135 0.61031967
vt 0.74834788 0.65483612
vt 0.76923454 0.66953385
vt 0.76022947 0.68628711
vt 0.78032053 0.69675142
vt 0.74478489 0.67440706
vt 0.75729436 0.71816361
vt 0.77699894 0.72623706
vt 0.74482495 0.71097934
vt 0.73224378 0.59193105
vt 0.74743283 0.73898572
vt 0.78768998 0.65869498
vt 0.79170412 0.67858207
vt 0.79597765 0.62475389
vt 0.80670792 0.61317724
vt 0.79753053 0.69590539
vt 0.77117878 0.74994719
vt 0.75515777 0.74091691
vt 0.79458714 0.72134078
vt 0.78844863 0.59809774
vt 0.80787152 0.59525084
vt 0.78982085 0.58016133
vt 0.80117536 0.56097382
vt 0.78673106 0.56303734
vt 0.76779783 0.56703246
vt 0.76556504 0.57832146
vt 0.76297140 0.58963072
vt 0.74082130 0.57538557
vt 0.75030845 0.56269342
vt 0.79277599 0.75400591
vt 0.72383469 0.58001411
vt 0.72781974 0.55851078
vt 0.75359118 0.76013744
vt 0.77221811 0.76819271
vt 0.73925018 0.56418407
vt 0.72628105 0.54213369
vt 0.71541476 0.53764689
vt 0.71741670 0.57301277
vt 0.70038825 0.54066306
vt 0.72388560 0.53205752
vt 0.71704268 0.59162432
vt 0.72605664 0.60684264
vt 0.73750079 0.54094678
vt 0.73624331 0.76091009
vt 0.71039432 0.51554173
vt 0.69326633 0.53060591
vt 0.69544643 0.57278037
vt 0.72485942 0.78781617
vt 0.75760847 0.78891349
vt 0.71640342 0.82257468
vt 0.74252498 0.82424504
vt 0.71287698 0.82792479
vt 0.73330915 0.82996172
vt 0.74916148 0.83427447
vt 0.76404792 0.82615954
vt 0.77903700 0.79680568
vt 0.71032619 0.81300640
vt 0.78522187 0.76937091
vt 0.76700479 0.83131677
vt 0.79036909 0.82178926
vt 0.79731709 0.83127540
vt 0.70883137 0.82299274
vt 0.80174619 0.82503027
vt 0.80066860 0.80567819
vt 0.80064398 0.77190900
vt 0.80624175 0.67594486
vt 0.80844992 0.71905142
vt 0.80665737 0.63960618
vt 0.81260401 0.57293856
vt 0.81491476 0.54460555
vt 0.79635537 0.83792186
vt 0.70519686 0.78496933
vt 0.70931685 0.76053512
vt 0.82136524 0.82927698
vt 0.81810224 0.83568186
vt 0.80771601 0.75280750
vt 0.76711470 0.55679303
vt 0.75800556 0.54958820
vt 0.82059246 0.77198553
vt 0.81741822 0.75204647
vt 0.81580132 0.71807367
vt 0.81911504 0.61237735
vt 0.82136524 0.58874369
vt 0.81484783 0.68635541
vt 0.81518489 0.66060716
vt 0.81810439 0.63346934
vt 0.80100107 0.55171627
vt 0.69620186 0.78195012
vt 0.69104612 0.77065021
vt 0.69836074 0.79033744
vt 0.72254688 0.26869965
vt 0.71489280 0.28282672
vt 0.72862685 0.29511356
vt 0.70811886 0.24628019
vt 0.69806886 0.25224662
vt 0.69278944 0.27222157
vt 0.70800179 0.22679853
vt 0.68669122 0.22262263
vt 0.66630930 0.21681637
vt 0.67414552 0.24825513
vt 0.71480471 0.30313349
vt 0.70505017 0.28603375
vt 0.72388482 0.23997128
vt 0.68932080 0.20881271
vt 0.71296346 0.20796853
vt 0.73525614 0.25877428
vt 0.74100322 0.27635396
vt 0.74322599 0.32504994
vt 0.72398180 0.32872117
vt 0.72458148 0.35856569
vt 0.72946566 0.21408379
vt 0.70313001 0.20203066
vt 0.74869883 0.23035705
vt 0.75712943 0.26238298
vt 0.76336926 0.30628407
vt 0.77184469 0.35122490
vt 0.76556611 0.19587719
vt 0.74292046 0.19745928
vt 0.74026442 0.35549432
vt 0.75819772 0.35542178
vt 0.75510991 0.37420243
vt 0.73797220 0.37417865
vt 0.77297765 0.37656915
vt 0.72438431 0.38121659
vt 0.77475303 0.24968714
vt 0.77734017 0.27213746
vt 0.77781612 0.30970627
vt 0.78486431 0.21795440
vt 0.77564991 0.19374287
vt 0.77109230 0.18881464
vt 0.75147521 0.18872112
vt 0.75009918 0.38708252
vt 0.77353698 0.40105295
vt 0.73476887 0.40266538
vt 0.68840390 0.28390270
vt 0.79299647 0.24125892
vt 0.76403904 0.42900836
vt 0.77557063 0.43405008
vt 0.75625706 0.43898559
vt 0.77782375 0.45760584
vt 0.75967461 0.46018040
vt 0.73862308 0.44488698
vt 0.74228954 0.42909265
vt 0.77094465 0.49282646
vt 0.78588098 0.49051821
vt 0.72548294 0.43571538
vt 0.74994892 0.48616886
vt 0.73581475 0.46986544
vt 0.78578049 0.43703270
vt 0.78744996 0.41974699
vt 0.72390759 0.45100117
vt 0.72220045 0.47112966
vt 0.71036655 0.47796047
vt 0.73282421 0.19016349
vt 0.72561526 0.48278415
vt 0.77722782 0.50869602
vt 0.76441240 0.50085992
vt 0.74257725 0.49596578
vt 0.71048415 0.45092475
vt 0.69763547 0.46486598
vt 0.69287866 0.48013419
vt 0.69123137 0.51891738
vt 0.70822424 0.49846143
vt 0.72799945 0.49358642
vt 0.71665359 0.36520004
vt 0.70174474 0.19213456
vt 0.79299647 0.45150924
vt 0.71525198 0.32289779
vt 0.75219101 0.50636107
vt 0.67325956 0.52129757
vt 0.71038395 0.43653524
vt 0.66964453 0.54168063
vt 0.71979070 0.40174556
vt 0.66432488 0.22896516
vt 0.66734511 0.28469324
vt 0.68961889 0.54348034
vt 0.66817045 0.55373001
vt 0.72676963 0.50099492
vt 0.66571659 0.25263804
vt 0.78915006 0.50109136
vt 0.78815305 0.35184002
vt 0.78742135 0.37414575
vt 0.79000062 0.33728403
vt 0.78367341 0.29986322
vt 0.78901607 0.52114385
vt 0.66853601 0.28974849
vt 0.66267729 0.29001737
vt 0.95519686 0.93318397
vt 0.95797998 0.94038332
vt 0.93528432 0.94417745
vt 0.94090945 0.96135020
vt 0.97310728 0.96765828
vt 0.93657821 0.96301508
vt 0.97995991 0.95124561
vt 0.97911853 0.93117231
vt 0.98755389 0.93422848
vt 0.99335104 0.93265504
vt 0.94999456 0.97646534
vt 0.93923563 0.97429508
vt 0.98384595 0.96594596
vt 0.97446412 0.97646534
vt 0.98973697 0.95443517
vt 0.92597520 0.96118850
vt 0.92904055 0.96818638
vt 0.74851274 0.96177304
vt 0.75196254 0.92478126
vt 0.76381242 0.96134633
vt 0.76911390 0.92203206
vt 0.75908214 0.91363496
vt 0.79460782 0.96289790
vt 0.79392368 0.92153001
vt 0.77609438 0.91536254
vt 0.77640951 0.97031283
vt 0.79447633 0.97637028
vt 0.80678207 0.98623449
vt 0.81515956 0.97128767
vt 0.81002212 0.94614381
vt 0.80199677 0.93107647
vt 0.75837600 0.96855462
vt 0.76697332 0.90928245
vt 0.72421837 0.96073073
vt 0.72850657 0.92317027
vt 0.74122781 0.97033864
vt 0.74596906 0.91367614
vt 0.71780294 0.97518039
vt 0.70611703 0.95892042
vt 0.71292144 0.98623449
vt 0.71359736 0.94285524
vt 0.71906054 0.93256676
vt 0.75524503 0.90896982
vt 0.72827327 0.97829229
vt 0.72497815 0.92078549
vt 0.73295498 0.91427237
vt 0.78459722 0.97706717
vt 0.76081449 0.97175372
vt 0.40815184 0.98543787
vt 0.39247197 0.98655838
vt 0.40045351 0.96421224
vt 0.40677893 0.96350205
vt 0.38230902 0.99056220
vt 0.36787257 0.96753591
vt 0.36337075 0.98869514
vt 0.35038978 0.98250592
vt 0.33852911 0.96682280
vt 0.35966030 0.96139032
vt 0.40357468 0.94455928
vt 0.38625154 0.94640243
vt 0.34253088 0.98593122
vt 0.40284303 0.99601603
vt 0.34670883 0.99069840
vt 0.33434057 0.95995682
vt 0.35547096 0.95387596
vt 0.38278916 0.94121176
vt 0.40123302 0.94116253
vt 0.41721711 0.95251554
vt 0.41898659 0.97523814
vt 0.42182657 0.94633329
vt 0.44080222 0.97080797
vt 0.43866423 0.94307488
vt 0.43804780 0.99123794
vt 0.41882074 0.99335706
vt 0.41806403 0.94094139
vt 0.43410939 0.99955595
vt 0.40960479 0.99955595
vt 0.44547874 0.98340851
vt 0.36067742 0.99435192
vt 0.32862970 0.96889991
vt 0.44122246 0.99470264
vt 0.32313830 0.96321702
vt 0.44531631 0.95362478
vt 0.32805187 0.99432582
vt 0.15259695 0.27782732
vt 0.16059321 0.30358666
vt 0.17561680 0.26830959
vt 0.17895670 0.32091260
vt 0.16134711 0.32263231
vt 0.15312707 0.25441611
vt 0.14870234 0.31607729
vt 0.14396076 0.28568184
vt 0.17640793 0.25132549
vt 0.13882601 0.26046127
vt 0.19066142 0.28842741
vt 0.18894204 0.31937081
vt 0.19333059 0.27248728
vt 0.19308025 0.25219631
vt 0.14584443 0.24289519
vt 0.15968946 0.24798352
vt 0.13624413 0.29705888
vt 0.19813573 0.29267746
vt 0.17444722 0.33969808
vt 0.18912224 0.33473825
vt 0.13936462 0.32194090
vt 0.13342199 0.27241588
vt 0.15474327 0.33696711
vt 0.20079787 0.31708193
vt 0.20079787 0.27447605
vt 0.14209975 0.33485162
vt 0.19934560 0.32951605
vt 0.22049837 0.87530363
vt 0.21849740 0.87565255
vt 0.21898265 0.87278926
vt 0.22093517 0.92089975
vt 0.22448064 0.90041637
vt 0.23031026 0.92073256
vt 0.21587394 0.87520856
vt 0.21588421 0.90853041
vt 0.21309817 0.92216098
vt 0.20672928 0.89030725
vt 0.20011285 0.89251912
vt 0.20090288 0.92827773
vt 0.20383048 0.87484723
vt 0.19966690 0.86994296
vt 0.18442434 0.90063983
vt 0.18889560 0.93140906
vt 0.17783591 0.90370369
vt 0.18285595 0.93811363
vt 0.17464830 0.88219970
vt 0.17951632 0.86997330
vt 0.20926073 0.84897506
vt 0.21051456 0.86724746
vt 0.19184847 0.82242799
vt 0.20811918 0.82018423
vt 0.17690974 0.82656074
vt 0.17279597 0.85643512
vt 0.21528788 0.81562138
vt 0.20783871 0.81397051
vt 0.21996990 0.86262679
vt 0.22658256 0.87008548
vt 0.21461563 0.92634577
vt 0.22652183 0.92385477
vt 0.22144483 0.81852287
vt 0.18663836 0.94094139
vt 0.16888298 0.94094139
vt 0.17681032 0.82165104
vt 0.23546690 0.84394109
vt 0.22922619 0.86504704
vt 0.26008371 0.86200255
vt 0.24423881 0.87638372
vt 0.26324609 0.89161521
vt 0.23932101 0.89180350
vt 0.24548924 0.91916943
vt 0.26418579 0.92469716
vt 0.25934649 0.84279937
vt 0.24482229 0.81949937
vt 0.23515350 0.87507153
vt 0.22108440 0.81216699
vt 0.23417623 0.88856322
vt 0.24679603 0.92466617
vt 0.25734609 0.92606181
vt 0.24021523 0.92852545
vt 0.25573495 0.81821615
vt 0.26882866 0.92808205
vt 0.26994681 0.90245223
vt 0.23252308 0.81240892
vt 0.26659057 0.86867344
vt 0.22317062 0.87569505
vt 0.19591412 0.81451339
vt 0.40958655 0.04662406
vt 0.38918984 0.03981584
vt 0.40068185 0.01622283
vt 0.41610387 0.02197367
vt 0.38237992 0.02054846
vt 0.37721631 0.01198936
vt 0.38040245 0.04224396
vt 0.39713678 0.05015945
vt 0.41534796 0.05214506
vt 0.42387155 0.03648585
vt 0.43218085 0.02628839
vt 0.37953934 0.05461812
vt 0.43161064 0.05461812
vt 0.35027897 0.87791502
vt 0.35092095 0.86026543
vt 0.37360159 0.87344360
vt 0.36851472 0.88852292
vt 0.38839316 0.88869888
vt 0.40109617 0.87965757
vt 0.42116719 0.88829166
vt 0.30968803 0.87490660
vt 0.33379135 0.89241582
vt 0.31327567 0.89190847
vt 0.44741297 0.90480423
vt 0.31883505 0.90974778
vt 0.45142290 0.89225864
vt 0.34172288 0.90200055
vt 0.31136218 0.85376161
vt 0.38140568 0.90860653
vt 0.40189832 0.90894848
vt 0.30815914 0.90702552
vt 0.45727208 0.87464839
vt 0.30311894 0.85418731
vt 0.30691290 0.83455467
vt 0.41533762 0.91876483
vt 0.44583800 0.91962701
vt 0.37923071 0.86389869
vt 0.40951192 0.86689997
vt 0.28944069 0.86567187
vt 0.29564577 0.89453149
vt 0.28579816 0.89997268
vt 0.27084544 0.85578370
vt 0.27584508 0.85085672
vt 0.29052156 0.85069829
vt 0.26196808 0.84344471
vt 0.29111379 0.90766174
vt 0.28658089 0.84028560
vt 0.27456871 0.83364403
vt 0.28684494 0.91962701
vt 0.27301845 0.91752285
vt 0.28233382 0.81679511
vt 0.26565194 0.82433385
vt 0.26620767 0.81367117
vt 0.28154525 0.80932498
vt 0.28977931 0.81338340
vt 0.37882805 0.91531616
vt 0.33880019 0.91473126
vt 0.32120854 0.83338481
vt 0.32574543 0.82223737
vt 0.33266813 0.82900614
vt 0.34092945 0.84571308
vt 0.34936208 0.84280610
vt 0.29298416 0.80334365
vt 0.42878327 0.84629637
vt 0.45832965 0.85184932
vt 0.41263273 0.84517926
vt 0.32351935 0.80901831
vt 0.37576023 0.83659768
vt 0.36710405 0.83726913
vt 0.34655216 0.83051687
vt 0.33715934 0.82368010
vt 0.33474332 0.81604707
vt 0.30780455 0.80328596
vt 0.45383102 0.89697957
vt 0.45214096 0.91351467
vt 0.46160683 0.88372028
vt 0.46675533 0.85715055
vt 0.31111696 0.91820997
vt 0.44251165 0.84505177
vt 0.45747063 0.84350801
vt 0.40997845 0.83845747
vt 0.46596944 0.83380979
vt 0.62854141 0.94420260
vt 0.61785948 0.97099376
vt 0.63668483 0.96454626
vt 0.65519595 0.94643956
vt 0.65598559 0.96880227
vt 0.59960693 0.94136167
vt 0.59234804 0.96463454
vt 0.58958161 0.94483626
vt 0.62898672 0.98561597
vt 0.66283768 0.98317045
vt 0.59792304 0.98254901
vt 0.58408266 0.95269036
vt 0.58316487 0.97336960
vt 0.66300333 0.96516061
vt 0.58700347 0.98408210
vt 0.62010854 0.99245113
vt 0.66458690 0.94710356
vt 0.59384167 0.93117231
vt 0.65434939 0.99232280
vt 0.67508864 0.98701143
vt 0.64685780 0.93312043
vt 0.62864912 0.93186581
vt 0.66468853 0.93467426
vt 0.58200353 0.93444335
vt 0.67508864 0.93525481
vt 0.83590120 0.22626942
vt 0.85170102 0.24160808
vt 0.85002750 0.21321225
vt 0.86794984 0.21565282
vt 0.83275926 0.24786413
vt 0.86631191 0.20144439
vt 0.85528898 0.19442499
vt 0.88531315 0.19480485
vt 0.80745453 0.24133676
vt 0.80611777 0.22255433
vt 0.87930739 0.16597378
vt 0.86849642 0.16074902
vt 0.87470436 0.14528996
vt 0.88016701 0.23307657
vt 0.88646752 0.24753225
vt 0.88348716 0.14196295
vt 0.88611418 0.16158366
vt 0.80488348 0.25703532
vt 0.88621688 0.21555752
vt 0.85451889 0.25912046
vt 0.88679886 0.26179969
vt 0.88785464 0.24090326
vt 0.87882060 0.12990880
vt 0.85992020 0.17552757
vt 0.82819408 0.26437700
vt 0.83658415 0.21054077
vt 0.86802495 0.12797409
vt 0.86225981 0.15128708
vt 0.80943477 0.20227730
vt 0.84044385 0.19971991
vt 0.80486339 0.26791155
vt 0.88440722 0.12446767
vt 0.88742840 0.13282305
vt 0.85238767 0.18581027
vt 0.88785464 0.18488514
vt 0.79963690 0.27220249
vt 0.87570846 0.11767316
vt 0.80346286 0.20993590
vt 0.80276269 0.22991276
vt 0.80212051 0.24736875
vt 0.80252767 0.19749355
vt 0.84286469 0.27059305
vt 0.88615638 0.27112877
vt 0.83009905 0.19768029
vt 0.79920214 0.25571966
vt 0.97690612 0.62201697
vt 0.98778808 0.59518826
vt 0.96892565 0.60739291
vt 0.99330258 0.61681497
vt 0.97140211 0.56616342
vt 0.98986620 0.56913841
vt 0.99463463 0.65586144
vt 0.96593839 0.65247208
vt 0.99446321 0.59098339
vt 0.95909518 0.62217194
vt 0.96156830 0.57058299
vt 0.95633358 0.56637275
vt 0.95728576 0.65020788
vt 0.95650357 0.65578157
vt 0.99933553 0.61078948
vt 0.99955672 0.65455300
vt 0.99955672 0.57229841
vt 0.99578869 0.56640494
vt 0.94991589 0.61880958
vt 0.95081705 0.57838821
vt 0.94813830 0.56741542
vt 0.93187350 0.09537643
vt 0.94958174 0.08848482
vt 0.93076295 0.06903070
vt 0.94050503 0.11951733
vt 0.96359718 0.12573981
vt 0.94875073 0.14482903
vt 0.93053997 0.05411834
vt 0.90989912 0.05402553
vt 0.90684777 0.07386661
vt 0.88029504 0.06662714
vt 0.87700272 0.04781228
vt 0.88069451 0.08123559
vt 0.96404153 0.06641734
vt 0.96427637 0.09940463
vt 0.96480751 0.04008532
vt 0.96398902 0.15401459
vt 0.92393255 0.03927505
vt 0.91339481 0.08336192
vt 0.89230365 0.09014082
vt 0.95061260 0.16424143
vt 0.89353389 0.03557217
vt 0.88141388 0.09495062
vt 0.96498227 0.16752422
vt 0.93794912 0.14486957
vt 0.87632978 0.03056073
vt 0.96093434 0.17895204
vt 0.92875814 0.11156005
vt 0.91680682 0.09420115
vt 0.90876859 0.10068196
vt 0.88676488 0.10000509
vt 0.92938989 0.13765663
vt 0.91979450 0.10621256
vt 0.92629915 0.03060079
vt 0.96498227 0.02531081
vt 0.94407970 0.17711234
vt 0.93694216 0.16872793
vt 0.87760669 0.09634054
vt 0.49501395 0.42683613
vt 0.52294105 0.44280815
vt 0.51090389 0.42166245
vt 0.53496474 0.42421520
vt 0.48543099 0.40997362
vt 0.53511852 0.44999230
vt 0.52404106 0.46840352
vt 0.53481954 0.41369331
vt 0.53567463 0.40307587
vt 0.53876835 0.43777937
vt 0.53933650 0.47053427
vt 0.53483981 0.48992825
vt 0.53946459 0.40812171
vt 0.45894092 0.42210877
vt 0.45754799 0.43202281
vt 0.53999317 0.49837101
vt 0.53795010 0.51561880
vt 0.45898107 0.40996766
vt 0.52831453 0.50288719
vt 0.50621629 0.45928574
vt 0.49459499 0.44335318
vt 0.48202640 0.39561605
vt 0.45741293 0.39981127
vt 0.51151991 0.48223686
vt 0.52255595 0.52218091
vt 0.54019511 0.38894248
vt 0.52821589 0.53241563
vt 0.50629538 0.38190305
vt 0.46616596 0.38275331
vt 0.45523050 0.38494092
vt 0.48816606 0.45411336
vt 0.45711008 0.44566381
vt 0.49655017 0.46482337
vt 0.54089367 0.53024858
vt 0.51344877 0.50037628
vt 0.45862946 0.45359874
vt 0.54184240 0.42584801
vt 0.54284531 0.39773262
vt 0.53759092 0.37433392
vt 0.54299647 0.51662213
vt 0.54299647 0.37589693
vt 0.46014485 0.46357352
vt 0.48827276 0.46239233
vt 0.87516218 0.96532518
vt 0.85869819 0.96961892
vt 0.85600185 0.96301723
vt 0.84197927 0.96230567
vt 0.83043224 0.98285520
vt 0.82830781 0.96192199
vt 0.88353592 0.98037356
vt 0.88532400 0.96656996
vt 0.86407197 0.98633647
vt 0.83680272 0.99469578
vt 0.88570803 0.99581742
vt 0.89119500 0.97346187
vt 0.82347488 0.99193728
vt 0.86940879 0.99955595
vt 0.85149151 0.99955595
vt 0.81604612 0.97603995
vt 0.89228296 0.96038669
vt 0.89966404 0.99410051
vt 0.83259809 0.95184183
vt 0.83807629 0.95204914
vt 0.82938868 0.94562274
vt 0.84620821 0.94046092
vt 0.84636539 0.95369315
vt 0.85015994 0.94598973
vt 0.85332102 0.93847805
vt 0.84180653 0.93036604
vt 0.84830129 0.91074598
vt 0.85962236 0.91234428
vt 0.86849540 0.93997359
vt 0.88807780 0.91617942
vt 0.88931757 0.94090331
vt 0.89012057 0.95134759
vt 0.89765579 0.95610845
vt 0.89859498 0.91827923
vt 0.90190053 0.92767441
vt 0.90013957 0.91208130
vt 0.85859573 0.95293951
vt 0.86917084 0.95317531
vt 0.87804765 0.95344555
vt 0.90824467 0.98710042
vt 0.41043711 0.14064693
vt 0.43656021 0.14492500
vt 0.41037664 0.14556533
vt 0.39218557 0.14378136
vt 0.36882004 0.13109434
vt 0.36889130 0.14172351
vt 0.41404828 0.14950013
vt 0.44803631 0.14930868
vt 0.46903083 0.13693291
vt 0.40449098 0.13033146
vt 0.43514672 0.12884939
vt 0.47919735 0.14417636
vt 0.47292393 0.15796697
vt 0.49810541 0.13813031
vt 0.36495200 0.12240487
vt 0.49746546 0.14661610
vt 0.49072146 0.16169381
vt 0.35482982 0.13458419
vt 0.47223046 0.13239479
vt 0.43514329 0.15504640
vt 0.34430853 0.12129980
vt 0.36311510 0.15631008
vt 0.38867560 0.15941072
vt 0.44419760 0.16502416
vt 0.46958584 0.17938715
vt 0.49731937 0.17853075
vt 0.50399649 0.14870799
vt 0.34453467 0.15159827
vt 0.49290600 0.20029545
vt 0.45771769 0.18789029
vt 0.51023108 0.19049412
vt 0.51334476 0.17454296
vt 0.52994144 0.18415791
vt 0.52687275 0.15922129
vt 0.54444891 0.14387524
vt 0.55396807 0.17731404
vt 0.57990950 0.15982264
vt 0.55153036 0.12813711
vt 0.58174032 0.12603039
vt 0.60123277 0.13289088
vt 0.59429163 0.17033005
vt 0.56223637 0.12217319
vt 0.55105174 0.12147039
vt 0.58107263 0.19628334
vt 0.53845185 0.13412380
vt 0.53807420 0.20115554
vt 0.52270502 0.19949257
vt 0.43626991 0.18254173
vt 0.50550604 0.20648313
vt 0.60715300 0.17066562
vt 0.37770772 0.16360974
vt 0.42182127 0.17017460
vt 0.35748252 0.16480023
vt 0.60051787 0.19716126
vt 0.61168772 0.19966590
vt 0.61928600 0.16441578
vt 0.61316514 0.13413531
vt 0.62499088 0.13516277
vt 0.62993032 0.16478038
vt 0.62950838 0.17981714
vt 0.65920198 0.13849336
vt 0.62173074 0.20648313
vt 0.66430610 0.16481477
vt 0.67521298 0.15065396
vt 0.67213929 0.14317882
vt 0.65237653 0.19884908
vt 0.51768678 0.14607537
vt 0.60481220 0.12442237
vt 0.62771213 0.12771845
vt 0.62345046 0.10277677
vt 0.60967702 0.09873259
vt 0.58599108 0.11735427
vt 0.58456671 0.09138125
vt 0.57284743 0.11118144
vt 0.59023488 0.05643570
vt 0.61748815 0.06250209
vt 0.57134891 0.05288720
vt 0.55930507 0.10385692
vt 0.57486826 0.04511225
vt 0.59890187 0.04861653
vt 0.58868402 0.02163833
vt 0.61437505 0.02593583
vt 0.61662865 0.05144018
vt 0.63324267 0.02802813
vt 0.63365906 0.05529541
vt 0.63512439 0.10279733
vt 0.63763940 0.06568098
vt 0.65872633 0.12727439
vt 0.64793640 0.03175867
vt 0.55752075 0.10730004
vt 0.62936479 0.06036389
vt 0.65609527 0.05927491
vt 0.65407443 0.06833243
vt 0.57404017 0.01998222
vt 0.65958899 0.11047155
vt 0.66874683 0.03583688
vt 0.66688740 0.07068425
vt 0.67822093 0.06306219
vt 0.68197781 0.07267272
vt 0.67803353 0.12828541
vt 0.68218082 0.08960098
vt 0.33732268 0.16195011
vt 0.50568926 0.13987875
vt 0.34202662 0.13449776
vt 0.86143994 0.89827114
vt 0.85997897 0.85914904
vt 0.87857699 0.86262375
vt 0.84482044 0.86851799
vt 0.87383384 0.90152830
vt 0.82559866 0.88106096
vt 0.82964116 0.90212423
vt 0.85068619 0.90334272
vt 0.88972670 0.90210152
vt 0.80356067 0.88897479
vt 0.79524851 0.90277630
vt 0.77721244 0.89210129
vt 0.77266711 0.90353662
vt 0.89942795 0.89230460
vt 0.88970590 0.85760868
vt 0.88596678 0.82315385
vt 0.86576414 0.82355267
vt 0.90487313 0.84657788
vt 0.90743977 0.90341449
vt 0.84794021 0.82783997
vt 0.90683246 0.82057017
vt 0.84105086 0.85429484
vt 0.75660425 0.89367408
vt 0.91097265 0.88015062
vt 0.83351630 0.86147523
vt 0.81769943 0.86984587
vt 0.75659543 0.90133345
vt 0.83102494 0.82782400
vt 0.76659477 0.88215363
vt 0.80029327 0.87541419
vt 0.78301519 0.90719360
vt 0.85667723 0.81962729
vt 0.88258994 0.81844461
vt 0.84454960 0.82007176
vt 0.89646399 0.81752741
vt 0.89031601 0.90719360
vt 0.83278388 0.82206619
vt 0.91587818 0.85323316
vt 0.91799647 0.82125890
vt 0.91590643 0.90373945
vt 0.90699416 0.81660748
vt 0.75487590 0.88540488
vt 0.95421052 0.46852022
vt 0.98214549 0.46341300
vt 0.97252744 0.44292331
vt 0.98889875 0.45255822
vt 0.95045841 0.44747096
vt 0.94978613 0.42631900
vt 0.95615143 0.42075050
vt 0.98767197 0.42162794
vt 0.94974846 0.41977423
vt 0.94489425 0.46989095
vt 0.98034149 0.47581142
vt 0.99261206 0.47882426
vt 0.99623281 0.50603116
vt 0.97336257 0.50367206
vt 0.95359421 0.49484909
vt 0.95874155 0.47851670
vt 0.94843209 0.48711991
vt 0.96270102 0.51311225
vt 0.99635172 0.43485349
vt 0.99695432 0.40791523
vt 0.99087471 0.39747667
vt 0.96361905 0.40925288
vt 0.97511196 0.39082932
vt 0.96426523 0.38676733
vt 0.99867022 0.39544475
vt 0.94459218 0.44309676
vt 0.99283659 0.39053035
vt 0.95706338 0.38684678
vt 0.95424682 0.40718818
vt 0.94598347 0.48082179
vt 0.97887450 0.52175844
vt 0.99867022 0.51882285
vt 0.95864326 0.51635879
vt 0.94712216 0.41648704
vt 0.89657295 0.77717549
vt 0.88668811 0.77824044
vt 0.89077401 0.76648897
vt 0.88895059 0.79117274
vt 0.89767206 0.74860728
vt 0.88932514 0.75561792
vt 0.89231175 0.74324846
vt 0.91352183 0.76690519
vt 0.89921600 0.79037470
vt 0.91590947 0.75346071
vt 0.90444845 0.74244040
vt 0.91845900 0.78362465
vt 0.91888297 0.76863903
vt 0.91172057 0.80694753
vt 0.88877392 0.79374593
vt 0.89363664 0.73432863
vt 0.88198107 0.74500817
vt 0.87919271 0.74172056
vt 0.87822044 0.75334918
vt 0.87980825 0.76160043
vt 0.87895876 0.77141851
vt 0.87633359 0.78773987
vt 0.87661976 0.77778089
vt 0.87917233 0.72602129
vt 0.86063349 0.75930214
vt 0.86286575 0.77105051
vt 0.83475411 0.77515036
vt 0.82717067 0.75294995
vt 0.85132408 0.74478400
vt 0.86416608 0.79054135
vt 0.83748096 0.80357206
vt 0.82942504 0.77532512
vt 0.85854501 0.74225903
vt 0.85151267 0.80759346
vt 0.87151951 0.79787648
vt 0.82225180 0.74718857
vt 0.87851465 0.80567813
vt 0.85322052 0.73469126
vt 0.87941432 0.79802597
vt 0.87333924 0.78398204
vt 0.87467676 0.77288967
vt 0.87508160 0.76304674
vt 0.83694226 0.81127888
vt 0.90675873 0.81127888
vt 0.83583939 0.72723299
vt 0.12496897 0.94213444
vt 0.10870073 0.96006328
vt 0.10269821 0.94689333
vt 0.12231135 0.96275568
vt 0.09417593 0.97210920
vt 0.15309440 0.94983000
vt 0.14646614 0.93922675
vt 0.14238103 0.96878707
vt 0.16059159 0.97736418
vt 0.17065603 0.94991368
vt 0.16570185 0.94343990
vt 0.11076967 0.96905279
vt 0.12700853 0.93457842
vt 0.14405152 0.93294847
vt 0.12332840 0.97245246
vt 0.14090267 0.97912967
vt 0.16140799 0.93598986
vt 0.09998193 0.93963027
vt 0.09665814 0.94477922
vt 0.09642275 0.97729582
vt 0.08597672 0.96248257
vt 0.08466312 0.97912967
vt 0.69340760 0.12010914
vt 0.70825899 0.15065742
vt 0.69416648 0.14728248
vt 0.72079962 0.14385390
vt 0.70657367 0.11175698
vt 0.72627109 0.11412978
vt 0.73414958 0.13737559
vt 0.74108201 0.11662728
vt 0.71057516 0.09048712
vt 0.74468267 0.12991571
vt 0.75778812 0.13961154
vt 0.76209426 0.13458616
vt 0.73858190 0.10469145
vt 0.77238655 0.14404911
vt 0.77627015 0.13126004
vt 0.78344971 0.13197124
vt 0.77910489 0.15237987
vt 0.79401636 0.14151567
vt 0.78320307 0.12618983
vt 0.80715120 0.15106118
vt 0.80430686 0.14303130
vt 0.82035750 0.15249687
vt 0.82305503 0.15988183
vt 0.74698561 0.12497616
vt 0.72602522 0.07923377
vt 0.71933246 0.07327282
vt 0.80800134 0.13281071
vt 0.73874867 0.08307195
vt 0.74244130 0.07590574
vt 0.74080926 0.06078607
vt 0.78649402 0.11804026
vt 0.74872112 0.07085651
vt 0.75359058 0.05087847
vt 0.75846100 0.06765407
vt 0.77198166 0.04582089
vt 0.78164726 0.06745148
vt 0.77592361 0.07463211
vt 0.79611593 0.08527428
vt 0.74066001 0.15681171
vt 0.75362676 0.15786862
vt 0.76825482 0.16169053
vt 0.79971874 0.06774592
vt 0.71941352 0.04573125
vt 0.78384447 0.09479713
vt 0.79904437 0.10155511
vt 0.80126661 0.08896744
vt 0.76225221 0.03099710
vt 0.80163342 0.03780556
vt 0.70268488 0.07543552
vt 0.70673043 0.04999286
vt 0.80960625 0.10134816
vt 0.73564655 0.01644504
vt 0.82123566 0.05224913
vt 0.83881533 0.04193968
vt 0.82441908 0.03278148
vt 0.82580525 0.12522614
vt 0.81795424 0.06439042
vt 0.78832364 0.01528192
vt 0.72289926 0.16080856
vt 0.82701361 0.07234728
vt 0.83735275 0.16038048
vt 0.83320189 0.16608918
vt 0.84517372 0.17184722
vt 0.84061378 0.10316277
vt 0.76545870 0.01338506
vt 0.70603418 0.01678896
vt 0.81969035 0.01299900
vt 0.85008621 0.12338030
vt 0.83272564 0.07184672
vt 0.85236400 0.08889645
vt 0.83911246 0.05907106
vt 0.84961373 0.14912212
vt 0.85603422 0.06222802
vt 0.84476852 0.01421928
vt 0.84970474 0.04562378
vt 0.80715275 0.09218687
vt 0.85014665 0.03389490
vt 0.86569148 0.04675490
vt 0.86292726 0.05181742
vt 0.85900646 0.05541688
vt 0.75889587 0.16890764
vt 0.73910409 0.16943330
vt 0.76956856 0.16907483
vt 0.69455111 0.04513472
vt 0.69099957 0.09737515
vt 0.72694308 0.00716537
vt 0.72526979 0.16907835
vt 0.76336759 0.12047637
vt 0.79101020 0.16367722
vt 0.78494519 0.17184722
vt 0.79817325 0.00399643
vt 0.71580029 0.00634438
vt 0.76323646 0.00466573
vt 0.68727869 0.07382560
vt 0.68218082 0.01770365
vt 0.82885128 0.05601811
vt 0.82751864 0.00643504
vt 0.68644404 0.01023871
vt 0.75316268 0.07240766
vt 0.74987382 0.08326942
vt 0.75445813 0.12081707
vt 0.75367510 0.11176389
vt 0.63168645 0.67301017
vt 0.66497868 0.67511457
vt 0.63861722 0.68092543
vt 0.62771821 0.68724549
vt 0.62188458 0.67757475
vt 0.61995757 0.69642055
vt 0.67460525 0.66709745
vt 0.67948371 0.67774951
vt 0.68845695 0.66887921
vt 0.69018584 0.68018448
vt 0.69777477 0.67417067
vt 0.69637346 0.68410605
vt 0.60702699 0.69798374
vt 0.61290473 0.70694703
vt 0.60416669 0.70745063
vt 0.61221880 0.72026509
vt 0.60597038 0.73383015
vt 0.61084753 0.74223375
vt 0.61987865 0.73183125
vt 0.63419324 0.74961191
vt 0.61497378 0.74968511
vt 0.63019115 0.75799292
vt 0.65788126 0.75785226
vt 0.70412326 0.67686760
vt 0.70239675 0.69442898
vt 0.70920956 0.68482774
vt 0.70987320 0.69926846
vt 0.70434201 0.72169042
vt 0.71003401 0.72471488
vt 0.69894361 0.74108636
vt 0.70904893 0.73678428
vt 0.65933126 0.66385436
vt 0.64927512 0.74877173
vt 0.67153096 0.75171179
vt 0.61229157 0.68368924
vt 0.66359842 0.74713248
vt 0.68199539 0.74269700
vt 0.69040519 0.74931467
vt 0.69570673 0.73198867
vt 0.71498227 0.71256113
vt 0.71439093 0.72036380
vt 0.62165344 0.75773776
vt 0.62250739 0.70162457
vt 0.67140806 0.75799292
vt 0.61744356 0.71673799
vt 0.63600355 0.74602789
vt 0.64535952 0.66546237
vt 0.69399846 0.75114101
vt 0.60582376 0.69007546
vt 0.68827653 0.68384045
vt 0.69697708 0.69152832
vt 0.92920464 0.21415496
vt 0.92386776 0.22708082
vt 0.91582429 0.21317261
vt 0.92431909 0.20150393
vt 0.93495321 0.20798308
vt 0.91616505 0.23101550
vt 0.93698013 0.20106727
vt 0.92996508 0.19552958
vt 0.93503308 0.19033951
vt 0.95214337 0.19432646
vt 0.94783872 0.18670678
vt 0.96337557 0.18692911
vt 0.96829885 0.19991714
vt 0.98239094 0.19483501
vt 0.99025202 0.20694643
vt 0.98332971 0.21190238
vt 0.99601477 0.22296894
vt 0.98682052 0.22391421
vt 0.99003452 0.24373192
vt 0.92301118 0.23725581
vt 0.99955672 0.23868763
vt 0.99889076 0.24853891
vt 0.99595654 0.26508772
vt 0.98659563 0.26119530
vt 0.98543942 0.27040714
vt 0.99088317 0.27904594
vt 0.98263526 0.28735530
vt 0.97291476 0.28163069
vt 0.96559942 0.28909397
vt 0.91819364 0.25051051
vt 0.91283250 0.25637305
vt 0.92442203 0.26004350
vt 0.90913123 0.23390353
vt 0.92872673 0.27465737
vt 0.92044878 0.28222650
vt 0.93360239 0.28286839
vt 0.92520344 0.28922915
vt 0.94833958 0.28567767
vt 0.93479002 0.29440498
vt 0.96329117 0.29384995
vt 0.90979618 0.22318417
vt 0.97331333 0.29440498
vt 0.94390446 0.20243096
vt 0.99368072 0.20447791
vt 0.93735683 0.18605685
vt 0.92343235 0.24962604
vt 0.91328895 0.27300578
vt 0.96658367 0.28200114
vt 0.91551620 0.20705664
vt 0.95459831 0.19989920
vt 0.92227465 0.19646937
vt 0.92807072 0.19116437
vt 0.94026411 0.28219026
vt 0.20423047 0.04197752
vt 0.20441987 0.05712825
vt 0.22926915 0.04607081
vt 0.23031381 0.06035745
vt 0.22889033 0.03140765
vt 0.20248328 0.03190404
vt 0.19803852 0.04573983
vt 0.20002198 0.06442654
vt 0.22986779 0.02325732
vt 0.20766202 0.06742728
vt 0.23517698 0.07415628
vt 0.19725177 0.02915543
vt 0.20112726 0.02111214
vt 0.23524754 0.05252075
vt 0.23490830 0.03630573
vt 0.23891841 0.06610942
vt 0.23891844 0.02087033
vt 0.53911024 0.69071752
vt 0.54466027 0.71439552
vt 0.52845317 0.69701040
vt 0.55713993 0.71447605
vt 0.52545398 0.68783301
vt 0.52388859 0.71447605
vt 0.54984957 0.69052601
vt 0.56515956 0.71350610
vt 0.51129043 0.70673054
vt 0.51086932 0.69599229
vt 0.49423760 0.70221359
vt 0.25118005 0.96843612
vt 0.24611534 0.96181780
vt 0.27128357 0.96142828
vt 0.28285447 0.96837837
vt 0.28372651 0.95801538
vt 0.21920927 0.96162415
vt 0.21610261 0.96897507
vt 0.19241849 0.95625317
vt 0.19514778 0.97123003
vt 0.17843622 0.97373003
vt 0.17716157 0.94982237
vt 0.29225111 0.95681411
vt 0.26653966 0.97476465
vt 0.28242472 0.97347367
vt 0.29189235 0.97881246
vt 0.30097517 0.95715779
vt 0.24698225 0.97395492
vt 0.22241689 0.97441000
vt 0.19890487 0.97503740
vt 0.18425697 0.97881919
vt 0.29976070 0.98179394
vt 0.16710994 0.98179394
vt 0.17455824 0.97999835
vt 0.26753795 0.62181705
vt 0.25137615 0.61014575
vt 0.27147427 0.60940182
vt 0.28268722 0.61401516
vt 0.27788180 0.62477797
vt 0.28679079 0.62338883
vt 0.23987556 0.62144965
vt 0.23630561 0.60879219
vt 0.22739361 0.61130422
vt 0.22753043 0.62477797
vt 0.15834215 0.74511701
vt 0.15059330 0.75607467
vt 0.14417374 0.74788809
vt 0.15446602 0.74068707
vt 0.14772886 0.73902822
vt 0.13738035 0.75296736
vt 0.13435222 0.73846179
vt 0.12730649 0.73322845
vt 0.13409957 0.71930552
vt 0.11887388 0.71842539
vt 0.12030955 0.70211488
vt 0.14953665 0.73091388
vt 0.12779462 0.76847631
vt 0.15217340 0.77366406
vt 0.12169072 0.78045952
vt 0.14328554 0.78677869
vt 0.12136907 0.79679090
vt 0.11583355 0.78954774
vt 0.10665075 0.79875511
vt 0.11214478 0.80950266
vt 0.11177345 0.72216427
vt 0.15511082 0.79146755
vt 0.12643266 0.75138497
vt 0.15093577 0.80217648
vt 0.12198552 0.76305187
vt 0.10822684 0.70939881
vt 0.09939234 0.70812780
vt 0.09552409 0.80736262
vt 0.14091508 0.71278107
vt 0.12530118 0.69692218
vt 0.10832296 0.67909068
vt 0.12026445 0.73774999
vt 0.17691146 0.77615047
vt 0.18110056 0.78507936
vt 0.15968320 0.75739372
vt 0.17280060 0.79689187
vt 0.11386651 0.77655083
vt 0.10825422 0.79066765
vt 0.20498013 0.77616239
vt 0.19242239 0.76296157
vt 0.17421803 0.76022863
vt 0.18075100 0.75458157
vt 0.18560512 0.75554180
vt 0.18903476 0.75188720
vt 0.19699250 0.78643942
vt 0.20815182 0.75390232
vt 0.19697462 0.74170762
vt 0.20840412 0.71626621
vt 0.19503185 0.72181654
vt 0.19165730 0.70614922
vt 0.18949765 0.71479219
vt 0.17527856 0.69298369
vt 0.17116573 0.70954293
vt 0.16300943 0.69180804
vt 0.19242764 0.69268769
vt 0.22684792 0.72846764
vt 0.22912051 0.76906693
vt 0.22631589 0.70024121
vt 0.10374323 0.72669649
vt 0.10840429 0.74950266
vt 0.10755533 0.77451700
vt 0.22410987 0.78940833
vt 0.19865699 0.80010217
vt 0.20992115 0.67952198
vt 0.22426726 0.66235787
vt 0.19322404 0.68268514
vt 0.17326130 0.68572068
vt 0.25305977 0.73219532
vt 0.24790265 0.70799446
vt 0.25458294 0.76474202
vt 0.25451303 0.78397077
vt 0.24598894 0.68040544
vt 0.25638214 0.79779190
vt 0.25112769 0.65037066
vt 0.23365064 0.64487123
vt 0.21445566 0.66345513
vt 0.22163481 0.64619172
vt 0.21413341 0.64723718
vt 0.20479822 0.67357624
vt 0.25910553 0.74342287
vt 0.22191994 0.80286288
vt 0.25982982 0.78384358
vt 0.25812316 0.70381057
vt 0.09234891 0.71407682
vt 0.25768122 0.80950266
vt 0.09587764 0.74353039
vt 0.09279368 0.72783172
vt 0.26108155 0.67764366
vt 0.16977268 0.75021148
vt 0.18170349 0.74422646
vt 0.18570952 0.71751064
vt 0.16834968 0.71876538
vt 0.15037623 0.71285623
vt 0.18720235 0.73080194
vt 0.17810227 0.74011284
vt 0.16168514 0.73971951
vt 0.18755941 0.73916191
vt 0.14599636 0.68792313
vt 0.17604072 0.67686939
vt 0.16516143 0.65677249
vt 0.13710764 0.66594046
vt 0.12105660 0.68071383
vt 0.18972284 0.66777688
vt 0.20379601 0.65857613
vt 0.16525745 0.64213985
vt 0.20072441 0.64063960
vt 0.14342810 0.64200336
vt 0.11942548 0.64969945
vt 0.09695852 0.66567415
vt 0.09126903 0.65484852
vt 0.19940105 0.63188279
vt 0.08732270 0.65727073
vt 0.16485247 0.63642919
vt 0.20471264 0.64374757
vt 0.17911293 0.59902310
vt 0.18656191 0.61181533
vt 0.17597994 0.61148006
vt 0.18289234 0.61660659
vt 0.19139840 0.59996951
vt 0.16834515 0.59922647
vt 0.21329257 0.60129851
vt 0.21075340 0.61250967
vt 0.22109523 0.60397452
vt 0.20726906 0.61767316
vt 0.21819106 0.61640650
vt 0.22828014 0.60822499
vt 0.16324304 0.61057860
vt 0.16892435 0.61767316
vt 0.15026596 0.60226351
vt 0.08654177 0.32699013
vt 0.08596323 0.33342838
vt 0.06950938 0.32992244
vt 0.07672482 0.32104796
vt 0.07009830 0.33633703
vt 0.09984997 0.33532721
vt 0.11523162 0.32952040
vt 0.11284927 0.34087062
vt 0.12552091 0.33794737
vt 0.12751317 0.33043325
vt 0.06247169 0.33946598
vt 0.06436364 0.32470673
vt 0.05905931 0.32937825
vt 0.04324057 0.33164549
vt 0.05156695 0.34037167
vt 0.03984750 0.34342450
vt 0.03464350 0.33398211
vt 0.10369705 0.32391858
vt 0.03437470 0.32919705
vt 0.12453701 0.34284103
vt 0.02361851 0.33884650
vt 0.02974846 0.35728741
vt 0.01976483 0.36117172
vt 0.01196809 0.36456484
vt 0.13227022 0.34066248
vt 0.13684708 0.33743453
vt 0.14419149 0.35098183
vt 0.15579991 0.34589314
vt 0.16001773 0.36105001
vt 0.14913307 0.36456484
vt 0.12703727 0.32536101
vt 0.12108647 0.32276183
vt 0.05482987 0.32223642
vt 0.66267729 0.75976908
vt 0.66267729 0.77397871
vt 0.64760637 0.76756638
vt 0.36783764 0.09463221
vt 0.36696354 0.11589700
vt 0.35835892 0.11562848
vt 0.35833842 0.09584725
vt 0.35453719 0.08497292
vt 0.37149167 0.08249331
vt 0.37388128 0.09789211
vt 0.37872940 0.11573410
vt 0.37324497 0.07607979
vt 0.39757594 0.08315545
vt 0.40024194 0.09485567
vt 0.40235230 0.10422450
vt 0.40693259 0.10718483
vt 0.43346423 0.07974601
vt 0.43694901 0.08543795
vt 0.46345010 0.08021575
vt 0.46707931 0.07524955
vt 0.46699923 0.08842367
vt 0.48929495 0.08309996
vt 0.48146945 0.06731302
vt 0.43942553 0.09957081
vt 0.49711052 0.06467199
vt 0.47154248 0.09861749
vt 0.39968124 0.11125761
vt 0.48552975 0.09523952
vt 0.46395463 0.05046213
vt 0.50004715 0.04327816
vt 0.43795490 0.06839842
vt 0.40112868 0.07460099
vt 0.49449223 0.08726227
vt 0.43505621 0.06149721
vt 0.45076203 0.04866856
vt 0.47542393 0.03097743
vt 0.49130055 0.03063941
vt 0.50647557 0.05693513
vt 0.51709056 0.04518908
vt 0.54299647 0.09267062
vt 0.54285932 0.05639988
vt 0.52832931 0.09367627
vt 0.53715634 0.10966676
vt 0.51564854 0.08853495
vt 0.52579296 0.10875642
vt 0.53291535 0.11320019
vt 0.54230994 0.11589700
vt 0.34973404 0.07912290
vt 0.50775880 0.67690212
vt 0.49529022 0.66781366
vt 0.51686639 0.66820526
vt 0.48909965 0.67895198
vt 0.53235817 0.67455536
vt 0.53121167 0.66645658
vt 0.52688980 0.67895204
vt 0.52572584 0.65947199
vt 0.50994849 0.65327346
vt 0.48968494 0.65693271
vt 0.51834238 0.64875668
vt 0.47808129 0.65821093
vt 0.47562057 0.67565286
vt 0.56781918 0.01820606
vt 0.55517536 0.01820606
vt 0.55235386 0.00197852
vt 0.54409790 0.01565421
vt 0.53867477 0.00428241
vt 0.53329206 0.01652855
vt 0.52920270 0.00687498
vt 0.52091426 0.01696461
vt 0.55899155 0.00133216
vt 0.51374114 0.01095688
vt 0.07579787 0.56080854
vt 0.08643617 0.55106574
vt 0.08643617 0.57238013
vt 0.92331558 0.73401421
vt 0.92331558 0.74467140
vt 0.92065603 0.74014932
vt 0.08641809 0.35322654
vt 0.10063997 0.36774367
vt 0.09045304 0.36916041
vt 0.11414413 0.35051894
vt 0.11994310 0.37276673
vt 0.06566592 0.37054360
vt 0.07455859 0.35022676
vt 0.06834128 0.38048774
vt 0.05079843 0.35716814
vt 0.05021519 0.34990299
vt 0.12829994 0.35928988
vt 0.09585299 0.34068263
vt 0.09516902 0.37332761
vt 0.11179721 0.37747574
vt 0.04476017 0.36970448
vt 0.04944222 0.38055062
vt 0.02969858 0.36041749
vt 0.12952416 0.37108332
vt 0.14671986 0.37249172
vt 0.03820914 0.36689425
vt 0.07672587 0.37731653
vt 0.07336187 0.34058619
vt 0.12509596 0.38055062
f 828/828 830/830 819/819
f 822/822 819/819 830/830
f 822/822 818/818 819/819
f 816/816 818/818 822/822
f 829/829 816/816 822/822
f 844/844 845/845 830/830
f 830/830 828/828 844/844
f 840/840 822/822 830/830
f 829/829 822/822 840/840
f 828/828 819/819 823/823
f 821/821 816/816 829/829
f 821/821 829/829 831/831
f 819/819 818/818 820/820
f 820/820 818/818 817/817
f 816/816 817/817 818/818
f 819/819 820/820 823/823
f 817/817 816/816 821/821
f 820/820 827/827 823/823
f 916/916 898/898 929/929
f 703/703 650/650 691/691
f 831/831 829/829 840/840
f 837/837 831/831 840/840
f 697/697 650/650 703/703
f 821/821 831/831 833/833
f 817/817 821/821 826/826
f 825/825 827/827 820/820
f 824/824 825/825 820/820
f 817/817 824/824 820/820
f 817/817 826/826 824/824
f 922/922 929/929 898/898
f 837/837 834/834 831/831
f 833/833 831/831 834/834
f 835/835 833/833 834/834
f 697/697 698/698 651/651
f 1220/1220 1221/1221 1207/1207
f 1208/1208 1207/1207 1221/1221
f 1221/1221 1244/1244 1208/1208
f 1256/1256 1202/1202 1244/1244
f 916/916 894/894 898/898
f 916/916 931/931 930/930
f 903/903 922/922 898/898
f 922/922 903/903 921/921
f 903/903 906/906 921/921
f 921/921 906/906 926/926
f 650/650 697/697 651/651
f 834/834 839/839 835/835
f 835/835 839/839 838/838
f 1207/1207 1219/1219 1220/1220
f 833/833 832/832 821/821
f 821/821 832/832 826/826
f 1202/1202 1208/1208 1244/1244
f 899/899 903/903 898/898
f 650/650 654/654 691/691
f 650/650 651/651 524/524
f 833/833 836/836 832/832
f 835/835 836/836 833/833
f 1208/1208 1201/1201 1207/1207
f 1208/1208 1195/1195 1201/1201
f 1202/1202 1195/1195 1208/1208
f 1256/1256 1194/1194 1202/1202
f 832/832 841/841 826/826
f 891/891 916/916 930/930
f 894/894 916/916 891/891
f 898/898 894/894 893/893
f 524/524 521/521 650/650
f 1948/1948 1947/1947 1952/1952
f 836/836 835/835 838/838
f 832/832 836/836 841/841
f 842/842 841/841 836/836
f 1202/1202 1194/1194 1195/1195
f 899/899 898/898 893/893
f 654/654 650/650 521/521
f 1965/1965 1958/1958 1956/1956
f 1956/1956 1949/1949 1948/1948
f 838/838 843/843 836/836
f 1952/1952 1947/1947 1951/1951
f 842/842 836/836 843/843
f 894/894 891/891 893/893
f 906/906 903/903 904/904
f 903/903 899/899 904/904
f 521/521 520/520 654/654
f 1958/1958 1949/1949 1956/1956
f 521/521 524/524 523/523
f 523/523 524/524 652/652
f 651/651 652/652 524/524
f 1194/1194 1187/1187 1195/1195
f 1194/1194 1188/1188 1187/1187
f 1189/1189 1188/1188 1194/1194
f 876/876 920/920 899/899
f 895/895 891/891 930/930
f 899/899 893/893 876/876
f 904/904 899/899 905/905
f 518/518 521/521 523/523
f 1948/1948 1945/1945 1947/1947
f 1945/1945 1946/1946 1947/1947
f 1207/1207 1218/1218 1219/1219
f 1950/1950 1951/1951 1947/1947
f 871/871 876/876 893/893
f 2486/2486 2478/2478 2480/2480
f 1958/1958 1953/1953 1949/1949
f 1953/1953 1945/1945 1949/1949
f 1949/1949 1945/1945 1948/1948
f 1947/1947 1946/1946 1950/1950
f 1201/1201 1203/1203 1207/1207
f 1963/1963 1951/1951 1954/1954
f 1195/1195 1187/1187 1201/1201
f 872/872 871/871 893/893
f 876/876 885/885 920/920
f 893/893 891/891 872/872
f 905/905 899/899 920/920
f 1927/1927 1938/1938 1944/1944
f 1938/1938 1927/1927 1937/1937
f 520/520 521/521 518/518
f 1939/1939 1938/1938 1937/1937
f 2478/2478 2479/2479 2480/2480
f 2479/2479 2481/2481 2480/2480
f 1207/1207 1215/1215 1218/1218
f 1207/1207 1203/1203 1215/1215
f 891/891 873/873 872/872
f 895/895 873/873 891/891
f 1927/1927 1944/1944 1936/1936
f 2480/2480 2481/2481 2482/2482
f 1951/1951 1950/1950 1954/1954
f 1189/1189 1264/1264 1190/1190
f 1187/1187 1193/1193 1201/1201
f 1185/1185 1189/1189 1190/1190
f 876/876 871/871 874/874
f 520/520 518/518 519/519
f 519/519 518/518 517/517
f 1937/1937 1927/1927 1926/1926
f 1926/1926 1939/1939 1937/1937
f 1940/1940 1939/1939 1926/1926
f 1939/1939 1940/1940 1962/1962
f 1961/1961 1962/1962 1940/1940
f 2483/2483 2482/2482 2481/2481
f 2484/2484 2482/2482 2483/2483
f 1954/1954 1950/1950 1955/1955
f 1189/1189 1185/1185 1188/1188
f 874/874 877/877 876/876
f 895/895 888/888 873/873
f 872/872 873/873 870/870
f 872/872 870/870 871/871
f 871/871 869/869 874/874
f 876/876 877/877 885/885
f 1936/1936 1931/1931 1927/1927
f 1925/1925 1926/1926 1927/1927
f 1940/1940 1926/1926 1923/1923
f 1940/1940 1941/1941 1961/1961
f 518/518 523/523 522/522
f 1941/1941 1943/1943 1961/1961
f 1961/1961 1943/1943 1960/1960
f 2484/2484 2483/2483 2485/2485
f 2484/2484 2485/2485 2487/2487
f 1960/1960 1955/1955 1950/1950
f 1193/1193 1203/1203 1201/1201
f 1187/1187 1184/1184 1193/1193
f 1187/1187 1185/1185 1184/1184
f 1188/1188 1185/1185 1187/1187
f 871/871 870/870 869/869
f 885/885 877/877 890/890
f 1927/1927 1931/1931 1925/1925
f 1925/1925 1923/1923 1926/1926
f 1941/1941 1940/1940 1923/1923
f 1941/1941 1923/1923 1922/1922
f 517/517 518/518 497/497
f 497/497 518/518 522/522
f 1943/1943 1941/1941 1922/1922
f 1943/1943 1942/1942 1960/1960
f 1960/1960 1942/1942 1955/1955
f 1954/1954 1955/1955 1957/1957
f 877/877 874/874 878/878
f 873/873 888/888 880/880
f 870/870 873/873 880/880
f 880/880 888/888 889/889
f 1943/1943 1922/1922 1942/1942
f 1942/1942 1959/1959 1955/1955
f 1193/1193 1196/1196 1203/1203
f 1193/1193 1184/1184 1181/1181
f 869/869 870/870 849/849
f 1930/1930 1925/1925 1931/1931
f 1921/1921 1922/1922 1923/1923
f 1921/1921 1924/1924 1922/1922
f 652/652 522/522 523/523
f 1922/1922 1924/1924 1942/1942
f 1218/1218 1215/1215 1226/1226
f 1942/1942 1924/1924 1959/1959
f 1203/1203 1204/1204 1215/1215
f 1955/1955 1959/1959 1957/1957
f 869/869 875/875 874/874
f 875/875 869/869 850/850
f 1928/1928 1925/1925 1930/1930
f 519/519 517/517 525/525
f 1928/1928 1921/1921 1925/1925
f 1925/1925 1921/1921 1923/1923
f 516/516 517/517 497/497
f 1924/1924 1935/1935 1959/1959
f 1935/1935 1957/1957 1959/1959
f 1203/1203 1196/1196 1204/1204
f 1190/1190 1264/1264 1269/1269
f 1196/1196 1193/1193 1181/1181
f 877/877 878/878 886/886
f 890/890 877/877 886/886
f 907/907 890/890 886/886
f 870/870 880/880 857/857
f 874/874 875/875 878/878
f 525/525 517/517 516/516
f 1964/1964 1957/1957 1935/1935
f 857/857 849/849 870/870
f 857/857 880/880 889/889
f 516/516 639/639 525/525
f 1924/1924 1921/1921 1929/1929
f 857/857 889/889 883/883
f 849/849 850/850 869/869
f 889/889 917/917 883/883
f 1928/1928 1929/1929 1921/1921
f 1924/1924 1929/1929 1935/1935
f 1265/1265 1190/1190 1269/1269
f 1196/1196 1197/1197 1204/1204
f 1182/1182 1184/1184 1185/1185
f 1190/1190 1186/1186 1185/1185
f 1184/1184 1182/1182 1181/1181
f 1971/1971 1976/1976 1975/1975
f 1975/1975 1974/1974 1971/1971
f 1982/1982 1976/1976 1972/1972
f 1928/1928 1930/1930 1933/1933
f 516/516 473/473 639/639
f 473/473 516/516 497/497
f 1226/1226 1215/1215 1216/1216
f 1215/1215 1204/1204 1216/1216
f 1185/1185 1186/1186 1182/1182
f 1971/1971 1972/1972 1976/1976
f 875/875 850/850 852/852
f 909/909 875/875 852/852
f 1979/1979 1982/1982 1972/1972
f 1928/1928 1932/1932 1929/1929
f 497/497 522/522 472/472
f 472/472 522/522 674/674
f 1934/1934 1964/1964 1935/1935
f 1204/1204 1197/1197 1205/1205
f 1265/1265 1186/1186 1190/1190
f 1971/1971 1974/1974 1973/1973
f 1979/1979 1972/1972 1978/1978
f 1933/1933 1932/1932 1928/1928
f 1935/1935 1929/1929 1934/1934
f 857/857 856/856 849/849
f 850/850 849/849 846/846
f 850/850 846/846 852/852
f 917/917 881/881 883/883
f 639/639 473/473 679/679
f 909/909 852/852 910/910
f 1978/1978 1972/1972 1966/1966
f 1932/1932 1934/1934 1929/1929
f 1277/1277 1276/1276 1265/1265
f 1204/1204 1217/1217 1216/1216
f 1225/1225 1186/1186 1265/1265
f 1196/1196 1181/1181 1183/1183
f 1225/1225 1192/1192 1186/1186
f 849/849 856/856 847/847
f 856/856 857/857 883/883
f 852/852 846/846 910/910
f 1969/1969 1973/1973 1981/1981
f 1971/1971 1966/1966 1972/1972
f 1973/1973 1969/1969 1971/1971
f 1966/1966 1971/1971 1969/1969
f 497/497 472/472 473/473
f 1983/1983 1978/1978 1966/1966
f 1225/1225 1265/1265 1276/1276
f 1197/1197 1198/1198 1205/1205
f 1196/1196 1183/1183 1197/1197
f 1192/1192 1182/1182 1186/1186
f 849/849 847/847 846/846
f 473/473 447/447 679/679
f 1969/1969 1981/1981 1980/1980
f 1966/1966 1969/1969 1967/1967
f 1966/1966 1967/1967 1968/1968
f 1966/1966 1968/1968 1983/1983
f 1983/1983 1968/1968 1984/1984
f 1217/1217 1204/1204 1205/1205
f 1984/1984 1970/1970 1986/1986
f 1986/1986 1970/1970 1987/1987
f 883/883 881/881 856/856
f 856/856 854/854 847/847
f 902/902 910/910 846/846
f 447/447 473/473 446/446
f 473/473 472/472 446/446
f 1980/1980 1977/1977 1969/1969
f 1967/1967 1969/1969 1977/1977
f 472/472 674/674 507/507
f 1967/1967 1977/1977 1970/1970
f 1970/1970 1977/1977 1985/1985
f 1967/1967 1970/1970 1968/1968
f 674/674 683/683 507/507
f 1968/1968 1970/1970 1984/1984
f 1181/1181 1182/1182 1183/1183
f 846/846 847/847 848/848
f 846/846 848/848 902/902
f 910/910 902/902 924/924
f 924/924 925/925 910/910
f 1758/1758 1844/1844 1761/1761
f 1842/1842 1768/1768 1793/1793
f 1970/1970 1985/1985 1987/1987
f 1182/1182 1191/1191 1183/1183
f 1192/1192 1191/1191 1182/1182
f 452/452 446/446 472/472
f 1758/1758 1761/1761 1755/1755
f 472/472 507/507 452/452
f 1844/1844 1758/1758 1768/1768
f 919/919 902/902 848/848
f 924/924 902/902 919/919
f 1758/1758 1762/1762 1768/1768
f 1762/1762 1793/1793 1768/1768
f 856/856 881/881 854/854
f 848/848 847/847 851/851
f 684/684 679/679 447/447
f 1758/1758 1755/1755 1745/1745
f 1758/1758 1745/1745 1746/1746
f 1758/1758 1746/1746 1762/1762
f 1183/1183 1198/1198 1197/1197
f 1183/1183 1199/1199 1198/1198
f 848/848 851/851 919/919
f 507/507 449/449 452/452
f 446/446 445/445 447/447
f 1793/1793 1762/1762 1791/1791
f 911/911 919/919 851/851
f 446/446 452/452 449/449
f 1183/1183 1191/1191 1199/1199
f 1191/1191 1258/1258 1199/1199
f 854/854 881/881 868/868
f 1762/1762 1746/1746 1763/1763
f 1762/1762 1763/1763 1791/1791
f 1198/1198 1206/1206 1205/1205
f 847/847 853/853 851/851
f 911/911 924/924 919/919
f 1750/1750 1745/1745 1755/1755
f 1273/1273 1274/1274 1217/1217
f 1199/1199 1200/1200 1198/1198
f 447/447 445/445 684/684
f 924/924 911/911 923/923
f 1745/1745 1744/1744 1746/1746
f 449/449 507/507 506/506
f 1746/1746 1744/1744 1763/1763
f 847/847 854/854 853/853
f 853/853 911/911 851/851
f 915/915 923/923 911/911
f 445/445 446/446 443/443
f 1747/1747 1763/1763 1744/1744
f 911/911 853/853 896/896
f 1750/1750 1741/1741 1745/1745
f 1745/1745 1741/1741 1744/1744
f 1200/1200 1209/1209 1198/1198
f 444/444 684/684 445/445
f 911/911 896/896 915/915
f 446/446 449/449 443/443
f 1741/1741 1743/1743 1744/1744
f 1744/1744 1743/1743 1747/1747
f 1206/1206 1217/1217 1205/1205
f 1199/1199 1258/1258 1255/1255
f 855/855 854/854 868/868
f 854/854 855/855 853/853
f 1747/1747 1760/1760 1763/1763
f 1217/1217 1206/1206 1273/1273
f 1792/1792 1791/1791 1763/1763
f 1198/1198 1210/1210 1206/1206
f 868/868 882/882 855/855
f 684/684 444/444 690/690
f 445/445 443/443 444/444
f 923/923 915/915 914/914
f 443/443 449/449 441/441
f 1206/1206 1271/1271 1273/1273
f 1200/1200 1199/1199 1255/1255
f 1198/1198 1209/1209 1210/1210
f 859/859 896/896 853/853
f 1209/1209 1200/1200 1212/1212
f 855/855 858/858 853/853
f 853/853 858/858 859/859
f 690/690 444/444 623/623
f 444/444 443/443 439/439
f 505/505 449/449 506/506
f 1206/1206 1210/1210 1213/1213
f 1209/1209 1211/1211 1210/1210
f 1209/1209 1212/1212 1211/1211
f 443/443 441/441 439/439
f 1741/1741 1742/1742 1743/1743
f 449/449 505/505 441/441
f 1743/1743 1742/1742 1747/1747
f 1760/1760 1764/1764 1763/1763
f 1213/1213 1271/1271 1206/1206
f 1211/1211 1213/1213 1210/1210
f 858/858 855/855 865/865
f 892/892 896/896 859/859
f 892/892 915/915 896/896
f 444/444 439/439 623/623
f 1750/1750 1751/1751 1741/1741
f 1742/1742 1748/1748 1747/1747
f 1747/1747 1748/1748 1760/1760
f 505/505 496/496 441/441
f 1271/1271 1213/1213 1272/1272
f 1792/1792 1763/1763 1764/1764
f 1214/1214 1212/1212 1200/1200
f 1200/1200 1255/1255 1214/1214
f 882/882 865/865 855/855
f 884/884 882/882 918/918
f 439/439 441/441 438/438
f 1764/1764 1788/1788 1792/1792
f 860/860 859/859 858/858
f 865/865 882/882 884/884
f 915/915 892/892 914/914
f 1751/1751 1749/1749 1741/1741
f 1741/1741 1749/1749 1742/1742
f 1760/1760 1748/1748 1753/1753
f 1213/1213 1223/1223 1272/1272
f 1211/1211 1212/1212 1222/1222
f 892/892 859/859 860/860
f 892/892 862/862 914/914
f 496/496 438/438 441/441
f 496/496 451/451 438/438
f 1223/1223 1213/1213 1211/1211
f 1222/1222 1223/1223 1211/1211
f 623/623 439/439 440/440
f 1751/1751 1759/1759 1749/1749
f 1212/1212 1214/1214 1224/1224
f 1212/1212 1224/1224 1222/1222
f 1764/1764 1770/1770 1788/1788
f 858/858 865/865 866/866
f 865/865 884/884 866/866
f 884/884 918/918 887/887
f 440/440 439/439 437/437
f 439/439 438/438 437/437
f 1764/1764 1760/1760 1753/1753
f 678/678 451/451 496/496
f 1263/1263 1224/1224 1214/1214
f 860/860 862/862 892/892
f 665/665 623/623 440/440
f 1748/1748 1742/1742 1749/1749
f 1227/1227 1223/1223 1222/1222
f 858/858 866/866 861/861
f 438/438 451/451 434/434
f 434/434 451/451 450/450
f 1764/1764 1765/1765 1770/1770
f 526/526 451/451 678/678
f 1224/1224 1263/1263 1236/1236
f 860/860 858/858 861/861
f 884/884 887/887 866/866
f 440/440 437/437 436/436
f 1748/1748 1752/1752 1753/1753
f 438/438 434/434 437/437
f 526/526 450/450 451/451
f 1224/1224 1233/1233 1222/1222
f 862/862 860/860 861/861
f 1749/1749 1752/1752 1748/1748
f 1753/1753 1765/1765 1764/1764
f 1227/1227 1228/1228 1223/1223
f 1222/1222 1233/1233 1227/1227
f 1236/1236 1233/1233 1224/1224
f 440/440 638/638 665/665
f 914/914 862/862 912/912
f 450/450 526/526 442/442
f 1770/1770 1765/1765 1769/1769
f 440/440 436/436 638/638
f 1766/1766 1769/1769 1765/1765
f 1228/1228 1240/1240 1223/1223
f 1571/1571 1587/1587 1570/1570
f 1587/1587 1586/1586 1570/1570
f 1570/1570 1565/1565 1571/1571
f 1586/1586 1577/1577 1570/1570
f 1570/1570 1567/1567 1565/1565
f 1577/1577 1567/1567 1570/1570
f 1577/1577 1581/1581 1567/1567
f 1567/1567 1582/1582 1566/1566
f 1581/1581 1582/1582 1567/1567
f 866/866 887/887 867/867
f 1754/1754 1749/1749 1759/1759
f 1749/1749 1754/1754 1752/1752
f 1753/1753 1757/1757 1765/1765
f 442/442 434/434 450/450
f 1263/1263 1261/1261 1236/1236
f 130/130 107/107 134/134
f 123/123 134/134 107/107
f 109/109 123/123 107/107
f 123/123 120/120 138/138
f 1571/1571 1565/1565 1562/1562
f 1571/1571 1562/1562 1589/1589
f 1586/1586 1591/1591 1577/1577
f 1565/1565 1560/1560 1562/1562
f 1577/1577 1591/1591 1581/1581
f 1565/1565 1566/1566 1560/1560
f 1566/1566 1565/1565 1567/1567
f 1566/1566 1578/1578 1560/1560
f 1582/1582 1578/1578 1566/1566
f 1382/1382 1368/1368 1378/1378
f 867/867 861/861 866/866
f 1752/1752 1756/1756 1753/1753
f 436/436 437/437 434/434
f 1753/1753 1756/1756 1757/1757
f 627/627 442/442 526/526
f 1228/1228 1239/1239 1240/1240
f 1227/1227 1233/1233 1229/1229
f 124/124 107/107 130/130
f 127/127 124/124 143/143
f 130/130 143/143 124/124
f 123/123 109/109 120/120
f 1568/1568 1573/1573 1562/1562
f 2250/2250 2249/2249 2248/2248
f 1558/1558 1568/1568 1562/1562
f 1560/1560 1558/1558 1562/1562
f 1382/1382 1387/1387 1384/1384
f 1578/1578 1561/1561 1560/1560
f 1383/1383 1378/1378 1369/1369
f 1368/1368 1369/1369 1378/1378
f 1578/1578 1588/1588 1561/1561
f 162/162 163/163 164/164
f 861/861 863/863 862/862
f 912/912 862/862 900/900
f 900/900 913/913 912/912
f 434/434 442/442 433/433
f 1766/1766 1765/1765 1757/1757
f 1228/1228 1227/1227 1229/1229
f 1232/1232 1233/1233 1236/1236
f 1232/1232 1229/1229 1233/1233
f 124/124 108/108 107/107
f 132/132 125/125 127/127
f 127/127 125/125 108/108
f 124/124 127/127 108/108
f 1569/1569 1576/1576 1568/1568
f 1573/1573 1568/1568 1576/1576
f 2245/2245 2248/2248 2249/2249
f 1384/1384 1366/1366 1382/1382
f 1558/1558 1556/1556 1568/1568
f 1366/1366 1368/1368 1382/1382
f 1560/1560 1557/1557 1558/1558
f 1557/1557 1556/1556 1558/1558
f 1561/1561 1557/1557 1560/1560
f 1371/1371 1383/1383 1369/1369
f 1584/1584 1557/1557 1561/1561
f 2163/2163 2159/2159 2162/2162
f 2162/2162 2159/2159 2161/2161
f 161/161 162/162 234/234
f 178/178 161/161 234/234
f 178/178 174/174 161/161
f 164/164 163/163 167/167
f 169/169 167/167 163/163
f 161/161 158/158 162/162
f 160/160 158/158 161/161
f 162/162 158/158 163/163
f 863/863 900/900 862/862
f 1756/1756 1752/1752 1754/1754
f 436/436 434/434 435/435
f 111/111 125/125 132/132
f 108/108 125/125 111/111
f 2245/2245 2247/2247 2248/2248
f 1556/1556 1575/1575 1569/1569
f 1574/1574 1575/1575 1556/1556
f 1568/1568 1556/1556 1569/1569
f 1367/1367 1371/1371 1362/1362
f 1369/1369 1362/1362 1371/1371
f 1555/1555 1556/1556 1557/1557
f 1584/1584 1561/1561 1588/1588
f 1367/1367 1376/1376 1371/1371
f 1555/1555 1559/1559 1556/1556
f 1584/1584 1580/1580 1557/1557
f 1555/1555 1557/1557 1580/1580
f 2161/2161 2159/2159 2157/2157
f 2157/2157 2159/2159 2158/2158
f 2157/2157 2158/2158 2156/2156
f 2184/2184 2157/2157 2155/2155
f 2157/2157 2156/2156 2155/2155
f 2163/2163 2164/2164 2159/2159
f 2166/2166 2165/2165 2163/2163
f 2165/2165 2164/2164 2163/2163
f 178/178 226/226 174/174
f 179/179 167/167 169/169
f 161/161 174/174 160/160
f 179/179 169/169 183/183
f 163/163 168/168 169/169
f 175/175 160/160 174/174
f 163/163 157/157 168/168
f 160/160 154/154 158/158
f 175/175 156/156 160/160
f 158/158 157/157 163/163
f 156/156 154/154 160/160
f 154/154 157/157 158/158
f 861/861 867/867 864/864
f 887/887 879/879 867/867
f 897/897 879/879 887/887
f 665/665 638/638 673/673
f 434/434 432/432 435/435
f 1756/1756 1767/1767 1757/1757
f 1757/1757 1767/1767 1766/1766
f 1766/1766 1771/1771 1769/1769
f 433/433 442/442 478/478
f 478/478 442/442 627/627
f 1261/1261 1249/1249 1236/1236
f 1228/1228 1230/1230 1239/1239
f 1236/1236 1241/1241 1232/1232
f 1228/1228 1229/1229 1230/1230
f 1229/1229 1231/1231 1230/1230
f 1232/1232 1231/1231 1229/1229
f 104/104 111/111 132/132
f 109/109 107/107 106/106
f 140/140 117/117 137/137
f 117/117 104/104 137/137
f 132/132 137/137 104/104
f 1363/1363 1369/1369 1368/1368
f 1369/1369 1363/1363 1362/1362
f 1574/1574 1556/1556 1559/1559
f 1584/1584 1598/1598 1580/1580
f 1555/1555 1563/1563 1559/1559
f 1580/1580 1564/1564 1555/1555
f 1583/1583 1564/1564 1580/1580
f 1555/1555 1564/1564 1563/1563
f 1583/1583 1592/1592 1564/1564
f 1563/1563 1594/1594 1572/1572
f 1593/1593 1594/1594 1563/1563
f 1564/1564 1593/1593 1563/1563
f 1592/1592 1593/1593 1564/1564
f 2184/2184 2155/2155 2154/2154
f 251/251 226/226 178/178
f 2167/2167 2165/2165 2166/2166
f 243/243 250/250 179/179
f 231/231 174/174 226/226
f 175/175 174/174 231/231
f 173/173 169/169 168/168
f 181/181 156/156 175/175
f 154/154 153/153 157/157
f 861/861 864/864 863/863
f 1754/1754 1767/1767 1756/1756
f 1771/1771 1789/1789 1769/1769
f 1239/1239 1230/1230 1257/1257
f 1249/1249 1241/1241 1236/1236
f 111/111 101/101 108/108
f 120/120 109/109 110/110
f 128/128 120/120 110/110
f 1574/1574 1597/1597 1575/1575
f 1368/1368 1366/1366 1363/1363
f 1574/1574 1559/1559 1579/1579
f 1572/1572 1579/1579 1559/1559
f 2197/2197 2203/2203 2204/2204
f 1559/1559 1563/1563 1572/1572
f 1592/1592 1583/1583 1595/1595
f 347/347 309/309 332/332
f 1594/1594 1599/1599 1572/1572
f 2165/2165 2167/2167 2168/2168
f 309/309 312/312 332/332
f 183/183 243/243 179/179
f 231/231 232/232 175/175
f 173/173 238/238 183/183
f 169/169 173/173 183/183
f 175/175 232/232 181/181
f 181/181 172/172 156/156
f 156/156 152/152 154/154
f 153/153 159/159 157/157
f 153/153 154/154 152/152
f 172/172 152/152 156/156
f 168/168 157/157 159/159
f 153/153 151/151 159/159
f 152/152 151/151 153/153
f 638/638 435/435 673/673
f 900/900 901/901 908/908
f 913/913 900/900 908/908
f 638/638 436/436 435/435
f 1754/1754 1843/1843 1767/1767
f 1767/1767 1772/1772 1766/1766
f 1772/1772 1767/1767 1807/1807
f 1772/1772 1771/1771 1766/1766
f 111/111 104/104 101/101
f 107/107 108/108 101/101
f 109/109 106/106 110/110
f 140/140 141/141 117/117
f 2245/2245 2246/2246 2247/2247
f 1380/1380 1366/1366 1384/1384
f 1597/1597 1574/1574 1596/1596
f 2207/2207 2197/2197 2209/2209
f 1367/1367 1377/1377 1376/1376
f 1579/1579 1596/1596 1574/1574
f 1585/1585 1579/1579 1572/1572
f 2203/2203 2195/2195 2201/2201
f 2155/2155 2156/2156 2153/2153
f 2155/2155 2153/2153 2154/2154
f 1590/1590 1572/1572 1599/1599
f 631/631 666/666 581/581
f 238/238 173/173 185/185
f 168/168 170/170 173/173
f 172/172 181/181 221/221
f 168/168 159/159 170/170
f 171/171 172/172 186/186
f 172/172 171/171 152/152
f 150/150 151/151 152/152
f 150/150 152/152 155/155
f 867/867 879/879 864/864
f 900/900 863/863 901/901
f 246/246 249/249 245/245
f 1807/1807 1774/1774 1772/1772
f 141/141 126/126 117/117
f 1606/1606 1615/1615 1603/1603
f 1615/1615 1614/1614 1603/1603
f 2197/2197 2207/2207 2196/2196
f 2197/2197 2195/2195 2203/2203
f 1579/1579 1585/1585 1596/1596
f 1608/1608 1614/1614 1616/1616
f 2201/2201 2195/2195 2200/2200
f 1585/1585 1572/1572 1590/1590
f 631/631 602/602 632/632
f 631/631 581/581 602/602
f 312/312 303/303 324/324
f 653/653 581/581 666/666
f 307/307 324/324 303/303
f 307/307 330/330 324/324
f 329/329 330/330 307/307
f 173/173 170/170 185/185
f 172/172 221/221 186/186
f 236/236 185/185 170/170
f 170/170 159/159 165/165
f 155/155 152/152 171/171
f 159/159 151/151 165/165
f 150/150 149/149 151/151
f 146/146 150/150 155/155
f 879/879 928/928 864/864
f 928/928 927/927 864/864
f 864/864 927/927 863/863
f 928/928 879/879 932/932
f 240/240 212/212 223/223
f 879/879 897/897 932/932
f 223/223 235/235 240/240
f 673/673 435/435 621/621
f 222/222 245/245 235/235
f 244/244 245/245 222/222
f 246/246 245/245 244/244
f 1771/1771 1787/1787 1789/1789
f 1232/1232 1241/1241 1242/1242
f 1231/1231 1232/1232 1238/1238
f 2349/2349 2344/2344 2255/2255
f 2344/2344 2349/2349 2351/2351
f 2348/2348 2351/2351 2349/2349
f 106/106 107/107 101/101
f 128/128 110/110 131/131
f 2245/2245 2251/2251 2246/2246
f 1365/1365 1366/1366 1380/1380
f 1362/1362 1363/1363 1364/1364
f 1362/1362 1364/1364 1367/1367
f 1370/1370 1377/1377 1367/1367
f 1603/1603 1614/1614 1608/1608
f 2196/2196 2195/2195 2197/2197
f 1605/1605 1608/1608 1616/1616
f 2194/2194 2200/2200 2195/2195
f 2154/2154 2153/2153 2152/2152
f 1616/1616 1617/1617 1605/1605
f 2167/2167 2169/2169 2168/2168
f 2167/2167 2182/2182 2169/2169
f 581/581 653/653 580/580
f 580/580 653/653 577/577
f 653/653 689/689 577/577
f 305/305 329/329 307/307
f 657/657 577/577 689/689
f 341/341 329/329 305/305
f 155/155 171/171 147/147
f 147/147 186/186 201/201
f 147/147 171/171 186/186
f 149/149 165/165 151/151
f 149/149 148/148 165/165
f 147/147 146/146 155/155
f 150/150 146/146 149/149
f 209/209 205/205 212/212
f 209/209 216/216 218/218
f 212/212 216/216 209/209
f 216/216 219/219 218/218
f 213/213 223/223 212/212
f 676/676 673/673 621/621
f 222/222 223/223 213/213
f 235/235 223/223 222/222
f 434/434 433/433 432/432
f 1257/1257 1230/1230 1235/1235
f 2258/2258 2350/2350 2255/2255
f 2350/2350 2349/2349 2255/2255
f 2255/2255 2344/2344 2343/2343
f 2344/2344 2351/2351 2301/2301
f 104/104 117/117 116/116
f 104/104 102/102 101/101
f 110/110 112/112 131/131
f 1606/1606 1603/1603 1600/1600
f 1363/1363 1365/1365 1364/1364
f 1366/1366 1365/1365 1363/1363
f 1367/1367 1364/1364 1370/1370
f 2208/2208 2196/2196 2207/2207
f 1601/1601 1603/1603 1608/1608
f 2194/2194 2195/2195 2196/2196
f 1608/1608 1605/1605 1601/1601
f 304/304 309/309 347/347
f 602/602 596/596 626/626
f 2182/2182 2180/2180 2169/2169
f 574/574 596/596 602/602
f 309/309 300/300 312/312
f 303/303 312/312 300/300
f 602/602 581/581 574/574
f 577/577 657/657 576/576
f 325/325 341/341 305/305
f 165/165 180/180 170/170
f 147/147 144/144 146/146
f 165/165 166/166 180/180
f 148/148 166/166 165/165
f 146/146 148/148 149/149
f 144/144 145/145 146/146
f 148/148 192/192 166/166
f 189/189 192/192 148/148
f 189/189 191/191 192/192
f 194/194 192/192 193/193
f 192/192 191/191 193/193
f 189/189 190/190 191/191
f 205/205 209/209 208/208
f 208/208 209/209 218/218
f 204/204 212/212 205/205
f 204/204 213/213 212/212
f 427/427 621/621 435/435
f 246/246 244/244 247/247
f 1807/1807 1785/1785 1774/1774
f 1772/1772 1773/1773 1771/1771
f 1773/1773 1787/1787 1771/1771
f 1241/1241 1249/1249 1243/1243
f 1238/1238 1232/1232 1242/1242
f 2350/2350 2258/2258 2266/2266
f 2349/2349 2350/2350 2346/2346
f 2348/2348 2349/2349 2346/2346
f 2296/2296 2343/2343 2344/2344
f 2296/2296 2344/2344 2298/2298
f 2301/2301 2298/2298 2344/2344
f 2348/2348 2345/2345 2303/2303
f 2301/2301 2351/2351 2348/2348
f 2301/2301 2302/2302 2300/2300
f 2304/2304 2309/2309 2302/2302
f 2302/2302 2310/2310 2300/2300
f 2309/2309 2312/2312 2302/2302
f 2312/2312 2309/2309 2318/2318
f 2311/2311 2293/2293 2300/2300
f 2310/2310 2311/2311 2300/2300
f 2312/2312 2310/2310 2302/2302
f 2310/2310 2322/2322 2311/2311
f 2310/2310 2323/2323 2322/2322
f 2312/2312 2323/2323 2310/2310
f 117/117 126/126 116/116
f 2251/2251 2252/2252 2246/2246
f 1381/1381 1365/1365 1380/1380
f 2153/2153 2150/2150 2152/2152
f 2152/2152 2150/2150 2151/2151
f 2188/2188 2168/2168 2169/2169
f 574/574 581/581 570/570
f 581/581 580/580 570/570
f 570/570 580/580 569/569
f 580/580 577/577 569/569
f 306/306 325/325 305/305
f 612/612 576/576 657/657
f 147/147 201/201 177/177
f 658/658 612/612 657/657
f 236/236 170/170 237/237
f 200/200 177/177 201/201
f 180/180 237/237 170/170
f 147/147 177/177 144/144
f 148/148 146/146 145/145
f 189/189 148/148 145/145
f 166/166 192/192 196/196
f 188/188 189/189 145/145
f 192/192 194/194 196/196
f 188/188 190/190 189/189
f 194/194 193/193 202/202
f 193/193 191/191 202/202
f 202/202 191/191 199/199
f 190/190 199/199 191/191
f 202/202 203/203 194/194
f 204/204 202/202 199/199
f 211/211 203/203 208/208
f 202/202 205/205 203/203
f 204/204 205/205 202/202
f 208/208 218/218 211/211
f 208/208 203/203 205/205
f 219/219 242/242 218/218
f 213/213 204/204 206/206
f 495/495 676/676 621/621
f 495/495 621/621 427/427
f 247/247 244/244 248/248
f 427/427 435/435 432/432
f 1785/1785 1775/1775 1774/1774
f 1774/1774 1773/1773 1772/1772
f 433/433 478/478 453/453
f 1773/1773 1786/1786 1787/1787
f 1249/1249 1250/1250 1243/1243
f 1241/1241 1243/1243 1242/1242
f 2258/2258 2257/2257 2259/2259
f 2258/2258 2259/2259 2266/2266
f 2257/2257 2258/2258 2255/2255
f 2350/2350 2266/2266 2347/2347
f 2488/2488 2489/2489 2490/2490
f 2346/2346 2345/2345 2348/2348
f 2296/2296 2298/2298 2297/2297
f 2306/2306 2309/2309 2304/2304
f 2309/2309 2306/2306 2321/2321
f 2294/2294 2293/2293 2287/2287
f 2298/2298 2294/2294 2297/2297
f 2345/2345 2305/2305 2303/2303
f 2321/2321 2320/2320 2309/2309
f 2294/2294 2300/2300 2293/2293
f 2301/2301 2294/2294 2298/2298
f 2301/2301 2348/2348 2303/2303
f 2304/2304 2303/2303 2305/2305
f 2300/2300 2294/2294 2301/2301
f 2304/2304 2302/2302 2303/2303
f 2303/2303 2302/2302 2301/2301
f 2320/2320 2318/2318 2309/2309
f 2316/2316 2293/2293 2311/2311
f 2319/2319 2312/2312 2318/2318
f 2319/2319 2326/2326 2312/2312
f 2311/2311 2322/2322 2324/2324
f 2312/2312 2326/2326 2323/2323
f 2322/2322 2334/2334 2324/2324
f 2323/2323 2337/2337 2322/2322
f 2326/2326 2337/2337 2323/2323
f 1022/1022 1011/1011 1027/1027
f 2322/2322 2337/2337 2334/2334
f 101/101 102/102 103/103
f 106/106 101/101 103/103
f 1606/1606 1600/1600 1607/1607
f 1372/1372 1364/1364 1365/1365
f 1600/1600 1603/1603 1601/1601
f 2196/2196 2208/2208 2198/2198
f 1601/1601 1605/1605 1604/1604
f 2200/2200 2194/2194 2199/2199
f 2200/2200 2199/2199 2205/2205
f 304/304 300/300 309/309
f 576/576 575/575 577/577
f 306/306 322/322 325/325
f 612/612 658/658 608/608
f 328/328 325/325 322/322
f 176/176 145/145 144/144
f 176/176 144/144 177/177
f 184/184 176/176 177/177
f 180/180 166/166 182/182
f 197/197 195/195 188/188
f 198/198 195/195 197/197
f 188/188 195/195 190/190
f 196/196 194/194 233/233
f 199/199 190/190 207/207
f 195/195 207/207 190/190
f 203/203 211/211 194/194
f 206/206 199/199 207/207
f 206/206 204/204 199/199
f 242/242 211/211 218/218
f 214/214 213/213 206/206
f 222/222 213/213 214/214
f 244/244 222/222 224/224
f 224/224 248/248 244/244
f 1785/1785 1783/1783 1775/1775
f 1775/1775 1773/1773 1774/1774
f 1243/1243 1250/1250 1251/1251
f 1238/1238 1237/1237 1231/1231
f 2255/2255 2256/2256 2257/2257
f 2347/2347 2266/2266 2283/2283
f 2255/2255 2343/2343 2256/2256
f 2343/2343 2289/2289 2256/2256
f 2350/2350 2347/2347 2346/2346
f 2295/2295 2289/2289 2296/2296
f 2295/2295 2294/2294 2287/2287
f 2296/2296 2297/2297 2295/2295
f 2295/2295 2297/2297 2294/2294
f 2305/2305 2345/2345 2307/2307
f 2306/2306 2305/2305 2307/2307
f 2306/2306 2304/2304 2305/2305
f 2287/2287 2293/2293 2288/2288
f 2293/2293 2299/2299 2288/2288
f 2320/2320 2333/2333 2318/2318
f 2316/2316 2317/2317 2299/2299
f 2299/2299 2293/2293 2316/2316
f 2330/2330 2318/2318 2333/2333
f 2330/2330 2319/2319 2318/2318
f 2332/2332 2331/2331 2330/2330
f 2331/2331 2319/2319 2330/2330
f 2311/2311 2325/2325 2316/2316
f 2329/2329 2328/2328 2319/2319
f 2311/2311 2324/2324 2325/2325
f 2326/2326 2319/2319 2328/2328
f 2325/2325 2324/2324 2336/2336
f 2336/2336 2324/2324 2334/2334
f 2328/2328 2337/2337 2326/2326
f 1024/1024 1027/1027 1011/1011
f 2328/2328 2342/2342 2337/2337
f 1000/1000 1011/1011 1022/1022
f 112/112 110/110 106/106
f 1373/1373 1365/1365 1381/1381
f 1372/1372 1365/1365 1373/1373
f 1600/1600 1601/1601 1602/1602
f 2196/2196 2198/2198 2194/2194
f 1601/1601 1604/1604 1602/1602
f 2178/2178 2188/2188 2169/2169
f 577/577 566/566 569/569
f 303/303 302/302 307/307
f 566/566 577/577 575/575
f 307/307 302/302 305/305
f 572/572 576/576 612/612
f 572/572 612/612 608/608
f 608/608 658/658 609/609
f 184/184 177/177 200/200
f 693/693 609/609 658/658
f 237/237 180/180 182/182
f 145/145 176/176 188/188
f 187/187 188/188 176/176
f 196/196 239/239 182/182
f 166/166 196/196 182/182
f 197/197 188/188 187/187
f 239/239 196/196 233/233
f 233/233 194/194 241/241
f 241/241 194/194 211/211
f 210/210 206/206 207/207
f 495/495 636/636 676/676
f 206/206 210/210 214/214
f 222/222 214/214 224/224
f 1783/1783 1778/1778 1775/1775
f 432/432 433/433 430/430
f 453/453 430/430 433/433
f 453/453 478/478 624/624
f 1245/1245 1237/1237 1238/1238
f 1231/1231 1234/1234 1230/1230
f 1231/1231 1237/1237 1234/1234
f 2266/2266 2259/2259 2263/2263
f 2283/2283 2266/2266 2263/2263
f 2283/2283 2352/2352 2347/2347
f 2352/2352 2308/2308 2347/2347
f 2295/2295 2287/2287 2289/2289
f 2347/2347 2307/2307 2346/2346
f 2347/2347 2308/2308 2307/2307
f 2308/2308 2306/2306 2307/2307
f 2321/2321 2306/2306 2308/2308
f 2307/2307 2345/2345 2346/2346
f 2321/2321 2353/2353 2320/2320
f 2317/2317 2290/2290 2299/2299
f 2288/2288 2299/2299 2290/2290
f 2320/2320 2353/2353 2333/2333
f 2357/2357 2333/2333 2353/2353
f 2358/2358 2333/2333 2357/2357
f 2327/2327 2316/2316 2325/2325
f 2319/2319 2331/2331 2329/2329
f 2325/2325 2336/2336 2327/2327
f 1024/1024 1011/1011 1010/1010
f 1003/1003 1000/1000 1022/1022
f 104/104 105/105 102/102
f 126/126 142/142 116/116
f 105/105 104/104 116/116
f 112/112 106/106 113/113
f 131/131 112/112 113/113
f 1381/1381 1388/1388 1373/1373
f 1364/1364 1372/1372 1374/1374
f 2198/2198 2199/2199 2194/2194
f 301/301 304/304 335/335
f 301/301 300/300 304/304
f 300/300 298/298 303/303
f 302/302 294/294 305/305
f 575/575 576/576 564/564
f 328/328 322/322 288/288
f 288/288 323/323 328/328
f 184/184 200/200 227/227
f 609/609 693/693 606/606
f 225/225 184/184 227/227
f 607/607 606/606 693/693
f 184/184 187/187 176/176
f 607/607 693/693 662/662
f 529/529 662/662 687/687
f 529/529 687/687 660/660
f 195/195 215/215 207/207
f 198/198 215/215 195/195
f 241/241 211/211 242/242
f 215/215 210/210 207/207
f 228/228 224/224 214/214
f 1782/1782 1778/1778 1783/1783
f 1773/1773 1775/1775 1776/1776
f 1776/1776 1786/1786 1773/1773
f 1238/1238 1242/1242 1245/1245
f 1234/1234 1235/1235 1230/1230
f 2265/2265 2284/2284 2283/2283
f 2263/2263 2265/2265 2283/2283
f 2259/2259 2257/2257 2261/2261
f 2352/2352 2283/2283 2284/2284
f 2256/2256 2289/2289 2268/2268
f 2276/2276 2268/2268 2287/2287
f 2289/2289 2287/2287 2268/2268
f 2287/2287 2288/2288 2276/2276
f 2352/2352 2353/2353 2308/2308
f 2321/2321 2308/2308 2353/2353
f 2353/2353 2352/2352 2354/2354
f 968/968 971/971 943/943
f 2317/2317 2316/2316 2335/2335
f 2330/2330 2333/2333 2358/2358
f 2412/2412 2410/2410 2411/2411
f 1914/1914 1908/1908 1910/1910
f 2335/2335 2316/2316 2327/2327
f 2339/2339 2335/2335 2327/2327
f 1908/1908 1909/1909 1910/1910
f 1913/1913 1909/1909 1907/1907
f 1003/1003 1028/1028 994/994
f 1907/1907 1911/1911 1913/1913
f 113/113 106/106 114/114
f 2253/2253 2251/2251 2254/2254
f 2251/2251 2253/2253 2252/2252
f 1388/1388 1385/1385 1373/1373
f 1373/1373 1379/1379 1372/1372
f 1385/1385 1379/1379 1373/1373
f 1607/1607 1600/1600 1602/1602
f 1364/1364 1374/1374 1375/1375
f 1370/1370 1364/1364 1375/1375
f 2208/2208 2210/2210 2198/2198
f 2198/2198 2202/2202 2199/2199
f 596/596 597/597 626/626
f 596/596 574/574 573/573
f 564/564 576/576 572/572
f 288/288 322/322 306/306
f 572/572 608/608 551/551
f 608/608 609/609 551/551
f 609/609 606/606 560/560
f 225/225 220/220 187/187
f 184/184 225/225 187/187
f 187/187 220/220 197/197
f 197/197 220/220 198/198
f 607/607 662/662 529/529
f 229/229 198/198 220/220
f 229/229 215/215 198/198
f 215/215 217/217 210/210
f 217/217 214/214 210/210
f 217/217 228/228 214/214
f 224/224 228/228 248/248
f 1242/1242 1243/1243 1245/1245
f 1254/1254 1237/1237 1245/1245
f 2263/2263 2259/2259 2261/2261
f 2352/2352 2284/2284 2356/2356
f 2260/2260 2261/2261 2257/2257
f 2268/2268 2267/2267 2256/2256
f 2267/2267 2260/2260 2256/2256
f 2260/2260 2257/2257 2256/2256
f 2356/2356 2355/2355 2352/2352
f 2276/2276 2270/2270 2268/2268
f 2354/2354 2352/2352 2355/2355
f 2276/2276 2288/2288 2290/2290
f 2354/2354 2357/2357 2353/2353
f 2412/2412 2413/2413 2410/2410
f 1024/1024 1013/1013 1026/1026
f 1010/1010 1013/1013 1024/1024
f 1911/1911 1907/1907 1906/1906
f 1003/1003 994/994 993/993
f 1011/1011 1000/1000 995/995
f 1011/1011 995/995 1010/1010
f 993/993 1000/1000 1003/1003
f 115/115 106/106 103/103
f 142/142 119/119 116/116
f 106/106 115/115 114/114
f 1691/1691 1697/1697 1674/1674
f 1374/1374 1372/1372 1379/1379
f 2210/2210 2202/2202 2198/2198
f 1700/1700 1688/1688 1699/1699
f 2206/2206 2199/2199 2202/2202
f 1610/1610 1602/1602 1604/1604
f 2190/2190 2183/2183 2150/2150
f 2180/2180 2178/2178 2169/2169
f 1611/1611 1610/1610 1604/1604
f 301/301 299/299 300/300
f 596/596 573/573 597/597
f 574/574 570/570 573/573
f 300/300 299/299 298/298
f 303/303 298/298 302/302
f 305/305 294/294 306/306
f 294/294 292/292 306/306
f 609/609 560/560 551/551
f 317/317 323/323 288/288
f 323/323 317/317 339/339
f 317/317 340/340 339/339
f 336/336 340/340 317/317
f 530/530 607/607 529/529
f 529/529 660/660 411/411
f 229/229 230/230 215/215
f 636/636 411/411 660/660
f 636/636 412/412 411/411
f 636/636 495/495 412/412
f 230/230 217/217 215/215
f 412/412 495/495 419/419
f 495/495 427/427 419/419
f 1783/1783 1830/1830 1782/1782
f 1245/1245 1243/1243 1253/1253
f 2502/2502 2510/2510 2503/2503
f 486/486 453/453 624/624
f 2502/2502 2513/2513 2510/2510
f 1254/1254 1248/1248 1237/1237
f 1237/1237 1248/1248 1247/1247
f 1237/1237 1247/1247 1234/1234
f 2284/2284 2265/2265 2285/2285
f 2356/2356 2284/2284 2285/2285
f 2264/2264 2265/2265 2263/2263
f 2264/2264 2263/2263 2262/2262
f 2260/2260 2262/2262 2261/2261
f 2263/2263 2261/2261 2262/2262
f 2355/2355 2359/2359 2354/2354
f 941/941 944/944 968/968
f 944/944 970/970 968/968
f 943/943 941/941 968/968
f 2357/2357 2354/2354 2358/2358
f 2360/2360 2358/2358 2354/2354
f 2358/2358 2360/2360 2368/2368
f 2411/2411 2410/2410 2409/2409
f 971/971 966/966 943/943
f 1909/1909 1908/1908 1907/1907
f 1026/1026 1013/1013 1029/1029
f 1010/1010 995/995 997/997
f 1000/1000 993/993 995/995
f 116/116 119/119 105/105
f 1613/1613 1607/1607 1612/1612
f 1691/1691 1674/1674 1684/1684
f 1612/1612 1607/1607 1609/1609
f 1684/1684 1674/1674 1682/1682
f 1682/1682 1676/1676 1692/1692
f 1607/1607 1602/1602 1609/1609
f 1681/1681 1692/1692 1676/1676
f 1379/1379 1386/1386 1374/1374
f 1374/1374 1386/1386 1375/1375
f 1688/1688 1700/1700 1690/1690
f 1609/1609 1602/1602 1610/1610
f 2150/2150 2183/2183 2147/2147
f 2150/2150 2147/2147 2149/2149
f 2150/2150 2149/2149 2151/2151
f 2180/2180 2179/2179 2178/2178
f 626/626 597/597 605/605
f 296/296 294/294 302/302
f 566/566 575/575 564/564
f 564/564 572/572 562/562
f 288/288 306/306 292/292
f 606/606 542/542 560/560
f 606/606 607/607 542/542
f 1821/1821 1819/1819 1834/1834
f 1818/1818 1814/1814 1830/1830
f 1830/1830 1814/1814 1782/1782
f 419/419 427/427 421/421
f 1777/1777 1775/1775 1778/1778
f 427/427 432/432 430/430
f 1786/1786 1776/1776 1784/1784
f 2502/2502 2508/2508 2513/2513
f 646/646 486/486 624/624
f 1248/1248 1254/1254 1268/1268
f 1259/1259 1247/1247 1248/1248
f 2313/2313 2314/2314 2340/2340
f 2277/2277 2286/2286 2262/2262
f 2285/2285 2363/2363 2356/2356
f 2363/2363 2362/2362 2356/2356
f 2277/2277 2260/2260 2267/2267
f 2262/2262 2260/2260 2277/2277
f 2356/2356 2362/2362 2355/2355
f 2269/2269 2268/2268 2270/2270
f 2362/2362 2361/2361 2355/2355
f 2290/2290 2278/2278 2276/2276
f 2359/2359 2355/2355 2361/2361
f 970/970 944/944 957/957
f 2359/2359 2360/2360 2354/2354
f 2368/2368 2360/2360 2365/2365
f 1914/1914 1915/1915 1908/1908
f 1907/1907 1894/1894 1906/1906
f 1010/1010 997/997 1013/1013
f 989/989 994/994 992/992
f 993/993 985/985 995/995
f 103/103 102/102 118/118
f 103/103 118/118 115/115
f 114/114 115/115 129/129
f 1673/1673 1674/1674 1697/1697
f 1674/1674 1676/1676 1682/1682
f 1681/1681 1676/1676 1664/1664
f 1681/1681 1677/1677 1690/1690
f 1677/1677 1678/1678 1690/1690
f 2183/2183 2145/2145 2147/2147
f 2151/2151 2149/2149 2185/2185
f 311/311 301/301 335/335
f 311/311 299/299 301/301
f 298/298 296/296 302/302
f 572/572 551/551 562/562
f 288/288 286/286 317/317
f 530/530 529/529 528/528
f 1820/1820 1819/1819 1821/1821
f 411/411 528/528 529/529
f 1819/1819 1815/1815 1817/1817
f 1820/1820 1815/1815 1819/1819
f 1817/1817 1813/1813 1818/1818
f 1813/1813 1814/1814 1818/1818
f 421/421 427/427 430/430
f 1775/1775 1777/1777 1776/1776
f 1251/1251 1252/1252 1243/1243
f 2340/2340 2341/2341 2313/2313
f 1259/1259 1246/1246 1247/1247
f 2313/2313 2286/2286 2314/2314
f 2314/2314 2279/2279 2315/2315
f 2286/2286 2279/2279 2314/2314
f 2313/2313 2275/2275 2286/2286
f 2363/2363 2364/2364 2362/2362
f 2286/2286 2277/2277 2279/2279
f 2275/2275 2262/2262 2286/2286
f 2275/2275 2264/2264 2262/2262
f 2277/2277 2267/2267 2279/2279
f 2268/2268 2269/2269 2267/2267
f 1414/1414 1408/1408 1407/1407
f 2361/2361 2367/2367 2359/2359
f 2365/2365 2359/2359 2367/2367
f 2359/2359 2365/2365 2360/2360
f 1423/1423 1406/1406 1422/1422
f 2410/2410 2408/2408 2409/2409
f 1920/1920 1893/1893 1915/1915
f 1893/1893 1908/1908 1915/1915
f 2491/2491 2492/2492 2493/2493
f 943/943 966/966 942/942
f 1907/1907 1908/1908 1894/1894
f 1013/1013 1018/1018 1029/1029
f 994/994 989/989 993/993
f 115/115 118/118 135/135
f 135/135 129/129 115/115
f 1696/1696 1683/1683 1698/1698
f 1668/1668 1669/1669 1673/1673
f 1674/1674 1673/1673 1669/1669
f 1609/1609 1618/1618 1612/1612
f 1674/1674 1669/1669 1676/1676
f 1681/1681 1664/1664 1677/1677
f 1678/1678 1688/1688 1690/1690
f 1618/1618 1609/1609 1610/1610
f 1699/1699 1688/1688 1693/1693
f 1619/1619 1618/1618 1610/1610
f 1620/1620 1619/1619 1610/1610
f 2147/2147 2148/2148 2149/2149
f 2192/2192 2185/2185 2149/2149
f 2193/2193 2176/2176 2174/2174
f 334/334 315/315 311/311
f 2178/2178 2179/2179 2177/2177
f 2178/2178 2177/2177 2176/2176
f 299/299 311/311 315/315
f 605/605 597/597 599/599
f 597/597 573/573 599/599
f 315/315 297/297 299/299
f 297/297 298/298 299/299
f 570/570 569/569 568/568
f 568/568 569/569 566/566
f 539/539 542/542 607/607
f 286/286 336/336 317/317
f 607/607 530/530 539/539
f 1815/1815 1813/1813 1817/1817
f 1782/1782 1779/1779 1778/1778
f 1253/1253 1243/1243 1252/1252
f 2508/2508 2502/2502 2499/2499
f 1246/1246 1270/1270 1235/1235
f 1235/1235 1234/1234 1246/1246
f 1246/1246 1234/1234 1247/1247
f 2363/2363 2366/2366 2364/2364
f 1306/1306 1300/1300 1307/1307
f 1308/1308 1307/1307 1300/1300
f 2279/2279 2291/2291 2315/2315
f 2275/2275 2280/2280 2264/2264
f 2279/2279 2267/2267 2269/2269
f 2269/2269 2270/2270 2271/2271
f 2270/2270 2276/2276 2278/2278
f 957/957 944/944 945/945
f 1408/1408 1403/1403 1407/1407
f 1407/1407 1403/1403 1405/1405
f 941/941 940/940 944/944
f 1405/1405 1403/1403 1404/1404
f 1405/1405 1404/1404 1406/1406
f 2393/2393 2409/2409 2408/2408
f 1908/1908 1893/1893 1894/1894
f 942/942 966/966 965/965
f 995/995 983/983 997/997
f 119/119 133/133 121/121
f 105/105 119/119 121/121
f 102/102 105/105 121/121
f 102/102 121/121 122/122
f 118/118 102/102 122/122
f 118/118 122/122 136/136
f 136/136 135/135 118/118
f 1668/1668 1667/1667 1663/1663
f 1669/1669 1668/1668 1663/1663
f 1696/1696 1685/1685 1683/1683
f 1664/1664 1663/1663 1659/1659
f 1669/1669 1663/1663 1664/1664
f 1669/1669 1664/1664 1676/1676
f 1664/1664 1659/1659 1677/1677
f 1677/1677 1659/1659 1678/1678
f 1688/1688 1678/1678 1672/1672
f 1672/1672 1689/1689 1688/1688
f 1688/1688 1689/1689 1693/1693
f 2149/2149 2148/2148 2192/2192
f 599/599 635/635 605/605
f 599/599 573/573 598/598
f 570/570 571/571 573/573
f 568/568 571/571 570/570
f 298/298 297/297 296/296
f 564/564 565/565 566/566
f 551/551 560/560 549/549
f 288/288 281/281 286/286
f 549/549 560/560 553/553
f 560/560 542/542 553/553
f 528/528 411/411 410/410
f 1812/1812 1782/1782 1814/1814
f 430/430 453/453 431/431
f 1252/1252 1251/1251 1260/1260
f 2509/2509 2508/2508 2499/2499
f 1301/1301 1308/1308 1300/1300
f 1304/1304 1300/1300 1305/1305
f 1306/1306 1305/1305 1300/1300
f 2291/2291 2279/2279 2269/2269
f 1413/1413 1408/1408 1414/1414
f 2271/2271 2270/2270 2278/2278
f 945/945 944/944 940/940
f 1403/1403 1400/1400 1404/1404
f 1404/1404 1422/1422 1406/1406
f 2392/2392 2408/2408 2403/2403
f 2392/2392 2393/2393 2408/2408
f 1893/1893 1895/1895 1892/1892
f 943/943 942/942 939/939
f 1013/1013 1008/1008 1018/1018
f 997/997 1008/1008 1013/1013
f 993/993 989/989 985/985
f 995/995 985/985 983/983
f 1683/1683 1670/1670 1695/1695
f 121/121 139/139 122/122
f 1670/1670 1667/1667 1694/1694
f 1670/1670 1683/1683 1666/1666
f 1665/1665 1670/1670 1666/1666
f 1661/1661 1670/1670 1665/1665
f 1667/1667 1670/1670 1661/1661
f 1663/1663 1667/1667 1661/1661
f 1663/1663 1661/1661 1659/1659
f 1661/1661 1665/1665 1660/1660
f 1659/1659 1661/1661 1660/1660
f 1666/1666 1683/1683 1679/1679
f 1660/1660 1665/1665 1666/1666
f 1679/1679 1683/1683 1685/1685
f 1658/1658 1659/1659 1660/1660
f 1659/1659 1658/1658 1678/1678
f 1679/1679 1662/1662 1666/1666
f 1666/1666 1662/1662 1660/1660
f 1658/1658 1660/1660 1662/1662
f 1685/1685 1686/1686 1679/1679
f 1678/1678 1658/1658 1672/1672
f 1680/1680 1679/1679 1686/1686
f 2141/2141 2144/2144 2145/2145
f 2147/2147 2145/2145 2144/2144
f 2147/2147 2144/2144 2148/2148
f 1680/1680 1686/1686 1687/1687
f 2176/2176 2175/2175 2174/2174
f 2176/2176 2177/2177 2175/2175
f 351/351 315/315 334/334
f 598/598 573/573 571/571
f 333/333 297/297 315/315
f 295/295 297/297 333/333
f 297/297 295/295 296/296
f 568/568 566/566 567/567
f 296/296 295/295 294/294
f 567/567 566/566 565/565
f 562/562 551/551 550/550
f 292/292 289/289 288/288
f 530/530 528/528 531/531
f 410/410 411/411 407/407
f 407/407 411/411 412/412
f 412/412 419/419 416/416
f 1813/1813 1812/1812 1814/1814
f 419/419 421/421 416/416
f 1779/1779 1777/1777 1778/1778
f 421/421 430/430 428/428
f 431/431 428/428 430/430
f 453/453 486/486 431/431
f 2503/2503 2500/2500 2502/2502
f 431/431 486/486 479/479
f 645/645 486/486 646/646
f 1270/1270 1246/1246 1275/1275
f 1411/1411 1413/1413 1424/1424
f 2291/2291 2292/2292 2315/2315
f 2275/2275 2338/2338 2281/2281
f 2275/2275 2313/2313 2338/2338
f 1413/1413 1411/1411 1408/1408
f 2275/2275 2281/2281 2280/2280
f 2269/2269 2272/2272 2291/2291
f 2269/2269 2271/2271 2272/2272
f 969/969 957/957 950/950
f 950/950 957/957 945/945
f 2403/2403 2391/2391 2392/2392
f 2393/2393 2392/2392 2390/2390
f 941/941 943/943 939/939
f 2390/2390 2414/2414 2393/2393
f 1894/1894 1905/1905 1906/1906
f 990/990 989/989 992/992
f 997/997 996/996 1008/1008
f 1658/1658 1662/1662 1671/1671
f 1662/1662 1679/1679 1680/1680
f 1675/1675 1662/1662 1680/1680
f 1671/1671 1662/1662 1675/1675
f 1658/1658 1671/1671 1672/1672
f 2148/2148 2144/2144 2191/2191
f 2192/2192 2148/2148 2191/2191
f 2141/2141 2142/2142 2143/2143
f 399/399 383/383 401/401
f 333/333 315/315 351/351
f 568/568 567/567 571/571
f 295/295 293/293 294/294
f 294/294 293/293 292/292
f 550/550 551/551 549/549
f 288/288 289/289 281/281
f 539/539 530/530 532/532
f 532/532 530/530 531/531
f 528/528 410/410 531/531
f 412/412 413/413 407/407
f 412/412 416/416 413/413
f 1782/1782 1812/1812 1779/1779
f 1776/1776 1777/1777 1781/1781
f 1781/1781 1784/1784 1776/1776
f 2291/2291 2272/2272 2292/2292
f 1408/1408 1399/1399 1403/1403
f 2392/2392 2391/2391 2390/2390
f 2390/2390 2401/2401 2414/2414
f 2401/2401 2415/2415 2414/2414
f 1893/1893 1892/1892 1889/1889
f 939/939 942/942 937/937
f 1893/1893 1889/1889 1894/1894
f 1889/1889 1890/1890 1894/1894
f 1905/1905 1894/1894 1890/1890
f 983/983 977/977 997/997
f 2144/2144 2141/2141 2143/2143
f 2189/2189 2144/2144 2143/2143
f 2144/2144 2189/2189 2191/2191
f 2186/2186 2172/2172 2170/2170
f 2172/2172 2171/2171 2170/2170
f 2160/2160 2186/2186 2170/2170
f 2160/2160 2170/2170 2146/2146
f 2142/2142 2160/2160 2146/2146
f 2146/2146 2143/2143 2142/2142
f 2174/2174 2175/2175 2171/2171
f 2172/2172 2174/2174 2171/2171
f 401/401 383/383 397/397
f 395/395 382/382 392/392
f 383/383 399/399 384/384
f 599/599 598/598 677/677
f 677/677 598/598 617/617
f 598/598 571/571 617/617
f 571/571 567/567 617/617
f 617/617 567/567 604/604
f 567/567 565/565 604/604
f 293/293 289/289 292/292
f 565/565 564/564 563/563
f 563/563 564/564 562/562
f 548/548 550/550 549/549
f 337/337 336/336 286/286
f 1822/1822 1820/1820 1821/1821
f 420/420 416/416 421/421
f 1779/1779 1780/1780 1777/1777
f 2503/2503 2515/2515 2500/2500
f 2502/2502 2500/2500 2499/2499
f 1301/1301 1298/1298 1302/1302
f 1411/1411 1424/1424 1447/1447
f 1298/1298 1301/1301 1300/1300
f 1324/1324 1303/1303 1304/1304
f 1300/1300 1304/1304 1303/1303
f 1411/1411 1409/1409 1408/1408
f 950/950 949/949 969/969
f 940/940 941/941 939/939
f 1399/1399 1400/1400 1403/1403
f 942/942 965/965 937/937
f 997/997 977/977 996/996
f 2170/2170 2171/2171 2146/2146
f 2187/2187 2171/2171 2175/2175
f 383/383 380/380 397/397
f 377/377 383/383 384/384
f 377/377 380/380 383/383
f 398/398 385/385 384/384
f 395/395 392/392 405/405
f 392/392 391/391 405/405
f 333/333 354/354 295/295
f 400/400 385/385 398/398
f 386/386 385/385 400/400
f 671/671 604/604 603/603
f 327/327 295/295 354/354
f 327/327 293/293 295/295
f 604/604 565/565 603/603
f 327/327 291/291 293/293
f 565/565 563/563 603/603
f 293/293 291/291 289/289
f 548/548 549/549 546/546
f 406/406 531/531 410/410
f 410/410 407/407 406/406
f 1816/1816 1815/1815 1820/1820
f 1815/1815 1811/1811 1813/1813
f 1813/1813 1811/1811 1812/1812
f 1300/1300 1297/1297 1298/1298
f 493/493 479/479 486/486
f 486/486 645/645 493/493
f 484/484 645/645 647/647
f 2271/2271 2274/2274 2273/2273
f 2273/2273 2272/2272 2271/2271
f 1402/1402 1408/1408 1409/1409
f 1402/1402 1399/1399 1408/1408
f 2390/2390 2391/2391 2389/2389
f 1892/1892 1891/1891 1889/1889
f 965/965 967/967 937/937
f 989/989 984/984 985/985
f 985/985 984/984 983/983
f 2146/2146 2171/2171 2173/2173
f 2146/2146 2173/2173 2181/2181
f 2143/2143 2146/2146 2181/2181
f 394/394 373/373 382/382
f 380/380 366/366 396/396
f 377/377 366/366 380/380
f 372/372 392/392 382/382
f 384/384 385/385 377/377
f 381/381 377/377 385/385
f 386/386 381/381 385/385
f 670/670 671/671 603/603
f 563/563 670/670 603/603
f 290/290 289/289 291/291
f 563/563 562/562 550/550
f 290/290 281/281 289/289
f 549/549 553/553 546/546
f 281/281 272/272 286/286
f 553/553 542/542 541/541
f 542/542 539/539 541/541
f 1823/1823 1816/1816 1820/1820
f 1811/1811 1808/1808 1812/1812
f 421/421 428/428 420/420
f 2500/2500 2494/2494 2499/2499
f 1409/1409 1411/1411 1412/1412
f 484/484 493/493 645/645
f 1401/1401 1398/1398 1399/1399
f 1402/1402 1401/1401 1399/1399
f 1397/1397 1399/1399 1398/1398
f 939/939 934/934 940/940
f 1399/1399 1397/1397 1400/1400
f 1400/1400 1397/1397 1419/1419
f 2390/2390 2389/2389 2384/2384
f 2390/2390 2384/2384 2401/2401
f 1019/1019 1018/1018 1008/1008
f 989/989 990/990 984/984
f 367/367 396/396 366/366
f 367/367 366/366 365/365
f 373/373 372/372 382/382
f 372/372 373/373 367/367
f 365/365 366/366 364/364
f 364/364 366/366 377/377
f 372/372 367/367 365/365
f 365/365 371/371 372/372
f 374/374 372/372 371/371
f 392/392 372/372 374/374
f 359/359 364/364 377/377
f 391/391 392/392 374/374
f 381/381 359/359 377/377
f 381/381 386/386 378/378
f 389/389 402/402 391/391
f 378/378 386/386 387/387
f 403/403 402/402 389/389
f 379/379 378/378 387/387
f 670/670 563/563 634/634
f 388/388 379/379 387/387
f 563/563 550/550 634/634
f 321/321 290/290 291/291
f 634/634 550/550 548/548
f 286/286 272/272 337/337
f 1823/1823 1820/1820 1822/1822
f 531/531 533/533 532/532
f 407/407 413/413 408/408
f 1816/1816 1811/1811 1815/1815
f 1812/1812 1808/1808 1779/1779
f 1781/1781 1777/1777 1780/1780
f 474/474 431/431 479/479
f 1416/1416 1411/1411 1447/1447
f 1416/1416 1412/1412 1411/1411
f 479/479 493/493 480/480
f 2496/2496 2501/2501 2499/2499
f 1325/1325 1303/1303 1324/1324
f 480/480 493/493 484/484
f 1409/1409 1410/1410 1402/1402
f 945/945 946/946 950/950
f 1410/1410 1401/1401 1402/1402
f 1410/1410 1391/1391 1401/1401
f 1398/1398 1401/1401 1395/1395
f 937/937 934/934 939/939
f 1890/1890 1889/1889 1888/1888
f 365/365 358/358 369/369
f 371/371 365/365 369/369
f 358/358 365/365 364/364
f 364/364 359/359 358/358
f 369/369 374/374 371/371
f 357/357 358/358 359/359
f 391/391 374/374 375/375
f 391/391 375/375 389/389
f 359/359 381/381 378/378
f 357/357 359/359 378/378
f 362/362 357/357 378/378
f 379/379 362/362 378/378
f 389/389 390/390 403/403
f 404/404 403/403 390/390
f 281/281 290/290 321/321
f 532/532 534/534 539/539
f 406/406 407/407 408/408
f 1808/1808 1780/1780 1779/1779
f 1252/1252 1260/1260 1262/1262
f 2494/2494 2496/2496 2499/2499
f 1303/1303 1297/1297 1300/1300
f 2282/2282 2273/2273 2274/2274
f 950/950 946/946 949/949
f 945/945 933/933 946/946
f 1395/1395 1401/1401 1391/1391
f 945/945 940/940 933/933
f 1396/1396 1398/1398 1395/1395
f 940/940 934/934 933/933
f 1398/1398 1396/1396 1397/1397
f 1397/1397 1396/1396 1392/1392
f 1397/1397 1392/1392 1419/1419
f 1912/1912 1891/1891 1892/1892
f 983/983 978/978 977/977
f 984/984 978/978 983/983
f 369/369 358/358 360/360
f 369/369 375/375 374/374
f 375/375 369/369 370/370
f 360/360 358/358 357/357
f 369/369 360/360 370/370
f 357/357 362/362 361/361
f 375/375 376/376 389/389
f 389/389 376/376 390/390
f 2241/2241 2244/2244 2231/2231
f 634/634 548/548 661/661
f 546/546 553/553 543/543
f 337/337 272/272 342/342
f 1825/1825 1831/1831 1823/1823
f 1831/1831 1816/1816 1823/1823
f 413/413 416/416 415/415
f 2500/2500 2515/2515 2505/2505
f 1262/1262 1266/1266 1252/1252
f 2500/2500 2505/2505 2494/2494
f 479/479 480/480 474/474
f 1302/1302 1298/1298 1299/1299
f 1302/1302 1299/1299 1310/1310
f 1416/1416 1415/1415 1412/1412
f 2514/2514 2496/2496 2506/2506
f 1303/1303 1309/1309 1297/1297
f 480/480 484/484 482/482
f 1415/1415 1409/1409 1412/1412
f 948/948 973/973 949/949
f 1395/1395 1391/1391 1390/1390
f 1396/1396 1395/1395 1390/1390
f 1392/1392 1396/1396 1390/1390
f 1420/1420 1419/1419 1392/1392
f 996/996 999/999 1008/1008
f 990/990 986/986 984/984
f 357/357 361/361 360/360
f 370/370 360/360 368/368
f 368/368 360/360 361/361
f 375/375 370/370 376/376
f 368/368 361/361 363/363
f 363/363 361/361 362/362
f 393/393 376/376 370/370
f 2240/2240 2241/2241 2230/2230
f 2230/2230 2241/2241 2231/2231
f 376/376 393/393 390/390
f 2236/2236 2235/2235 2225/2225
f 2236/2236 2225/2225 2237/2237
f 2242/2242 2236/2236 2237/2237
f 321/321 320/320 281/281
f 271/271 270/270 281/281
f 281/281 270/270 272/272
f 534/534 541/541 539/539
f 532/532 533/533 534/534
f 1822/1822 1824/1824 1823/1823
f 531/531 406/406 533/533
f 1811/1811 1810/1810 1808/1808
f 1808/1808 1797/1797 1780/1780
f 1780/1780 1797/1797 1790/1790
f 1780/1780 1790/1790 1781/1781
f 1781/1781 1794/1794 1784/1784
f 1297/1297 1296/1296 1298/1298
f 1298/1298 1296/1296 1299/1299
f 1310/1310 1299/1299 1320/1320
f 1436/1436 1415/1415 1416/1416
f 1415/1415 1417/1417 1409/1409
f 949/949 946/946 948/948
f 1409/1409 1417/1417 1410/1410
f 1410/1410 1417/1417 1418/1418
f 2417/2417 2418/2418 2419/2419
f 1389/1389 1390/1390 1391/1391
f 1390/1390 1389/1389 1392/1392
f 1392/1392 1389/1389 1393/1393
f 1394/1394 1392/1392 1393/1393
f 1392/1392 1394/1394 1420/1420
f 2389/2389 2385/2385 2384/2384
f 2401/2401 2384/2384 2387/2387
f 1912/1912 1896/1896 1891/1891
f 1889/1889 1891/1891 1887/1887
f 1887/1887 1888/1888 1889/1889
f 1009/1009 1019/1019 1008/1008
f 999/999 1009/1009 1008/1008
f 982/982 984/984 986/986
f 977/977 980/980 996/996
f 2240/2240 2228/2228 2239/2239
f 2222/2222 2239/2239 2228/2228
f 2238/2238 2239/2239 2222/2222
f 2234/2234 2238/2238 2222/2222
f 2234/2234 2222/2222 2225/2225
f 2235/2235 2234/2234 2225/2225
f 2240/2240 2230/2230 2228/2228
f 2237/2237 2225/2225 2233/2233
f 2231/2231 2243/2243 2232/2232
f 548/548 546/546 547/547
f 547/547 546/546 545/545
f 541/541 543/543 553/553
f 1824/1824 1825/1825 1823/1823
f 1816/1816 1810/1810 1811/1811
f 1790/1790 1794/1794 1781/1781
f 2494/2494 2495/2495 2496/2496
f 2496/2496 2495/2495 2506/2506
f 1295/1295 1296/1296 1297/1297
f 1415/1415 1421/1421 1417/1417
f 1418/1418 1417/1417 1426/1426
f 1389/1389 1391/1391 1446/1446
f 1393/1393 1389/1389 1446/1446
f 934/934 937/937 936/936
f 2228/2228 2227/2227 2222/2222
f 2228/2228 2230/2230 2229/2229
f 2228/2228 2229/2229 2227/2227
f 2230/2230 2231/2231 2229/2229
f 546/546 543/543 545/545
f 270/270 255/255 272/272
f 255/255 342/342 272/272
f 534/534 535/535 540/540
f 540/540 541/541 534/534
f 533/533 406/406 536/536
f 1816/1816 1831/1831 1827/1827
f 413/413 414/414 408/408
f 1816/1816 1827/1827 1810/1810
f 1810/1810 1809/1809 1808/1808
f 1808/1808 1809/1809 1797/1797
f 2494/2494 2505/2505 2497/2497
f 2494/2494 2497/2497 2495/2495
f 1299/1299 1296/1296 1314/1314
f 1299/1299 1314/1314 1320/1320
f 474/474 480/480 481/481
f 1415/1415 1436/1436 1421/1421
f 1297/1297 1309/1309 1295/1295
f 480/480 482/482 481/481
f 1421/1421 1425/1425 1417/1417
f 1426/1426 1417/1417 1425/1425
f 1418/1418 1446/1446 1391/1391
f 1418/1418 1435/1435 1446/1446
f 1393/1393 1446/1446 1437/1437
f 933/933 934/934 935/935
f 1393/1393 1437/1437 1394/1394
f 1891/1891 1896/1896 1887/1887
f 990/990 1001/1001 986/986
f 984/984 982/982 978/978
f 977/977 978/978 979/979
f 2222/2222 2227/2227 2223/2223
f 2222/2222 2223/2223 2224/2224
f 2222/2222 2224/2224 2225/2225
f 2225/2225 2224/2224 2226/2226
f 2233/2233 2225/2225 2226/2226
f 2231/2231 2232/2232 2229/2229
f 1809/1809 1798/1798 1797/1797
f 1797/1797 1798/1798 1796/1796
f 1797/1797 1796/1796 1790/1790
f 1790/1790 1796/1796 1795/1795
f 428/428 431/431 448/448
f 1794/1794 1790/1790 1795/1795
f 1267/1267 1266/1266 1262/1262
f 2506/2506 2495/2495 2507/2507
f 1309/1309 1313/1313 1295/1295
f 483/483 481/481 482/482
f 948/948 946/946 947/947
f 947/947 946/946 933/933
f 1426/1426 1435/1435 1418/1418
f 1435/1435 1437/1437 1446/1446
f 934/934 936/936 935/935
f 2385/2385 2388/2388 2386/2386
f 2384/2384 2385/2385 2386/2386
f 2384/2384 2386/2386 2387/2387
f 936/936 937/937 938/938
f 938/938 937/937 967/967
f 59/59 49/49 43/43
f 49/49 47/47 43/43
f 52/52 47/47 78/78
f 80/80 78/78 47/47
f 49/49 80/80 47/47
f 59/59 80/80 49/49
f 79/79 80/80 59/59
f 70/70 79/79 59/59
f 52/52 78/78 88/88
f 548/548 547/547 685/685
f 281/281 320/320 271/271
f 342/342 255/255 343/343
f 534/534 533/533 535/535
f 1824/1824 1829/1829 1825/1825
f 535/535 533/533 536/536
f 406/406 409/409 536/536
f 1827/1827 1826/1826 1810/1810
f 416/416 420/420 415/415
f 420/420 428/428 422/422
f 1421/1421 1436/1436 1444/1444
f 1421/1421 1444/1444 1434/1434
f 1421/1421 1434/1434 1425/1425
f 948/948 975/975 973/973
f 948/948 947/947 951/951
f 933/933 935/935 947/947
f 1430/1430 1437/1437 1435/1435
f 1394/1394 1437/1437 1431/1431
f 1440/1440 1420/1420 1394/1394
f 1896/1896 1902/1902 1887/1887
f 1887/1887 1902/1902 1897/1897
f 1887/1887 1897/1897 1888/1888
f 963/963 938/938 967/967
f 1890/1890 1888/1888 1898/1898
f 1001/1001 1002/1002 986/986
f 996/996 980/980 999/999
f 40/40 58/58 43/43
f 43/43 42/42 40/40
f 59/59 43/43 58/58
f 58/58 67/67 59/59
f 43/43 47/47 42/42
f 42/42 47/47 50/50
f 52/52 64/64 50/50
f 70/70 59/59 67/67
f 47/47 52/52 50/50
f 52/52 88/88 64/64
f 64/64 88/88 89/89
f 271/271 252/252 270/270
f 1832/1832 1827/1827 1825/1825
f 1827/1827 1831/1831 1825/1825
f 406/406 408/408 409/409
f 414/414 413/413 415/415
f 1798/1798 1799/1799 1796/1796
f 1800/1800 1795/1795 1796/1796
f 474/474 448/448 431/431
f 1135/1135 1129/1129 1127/1127
f 1129/1129 1135/1135 1136/1136
f 1135/1135 1127/1127 1130/1130
f 1312/1312 1314/1314 1296/1296
f 1323/1323 1314/1314 1312/1312
f 2507/2507 2495/2495 2498/2498
f 1426/1426 1428/1428 1435/1435
f 1435/1435 1428/1428 1430/1430
f 1430/1430 1431/1431 1437/1437
f 1394/1394 1438/1438 1440/1440
f 1916/1916 1902/1902 1896/1896
f 1888/1888 1897/1897 1898/1898
f 1009/1009 1020/1020 1019/1019
f 1012/1012 1020/1020 1009/1009
f 977/977 979/979 980/980
f 40/40 42/42 41/41
f 42/42 50/50 51/51
f 50/50 57/57 51/51
f 69/69 58/58 61/61
f 69/69 67/67 58/58
f 50/50 64/64 57/57
f 73/73 70/70 67/67
f 73/73 67/67 97/97
f 352/352 308/308 287/287
f 352/352 287/287 320/320
f 320/320 287/287 271/271
f 543/543 541/541 540/540
f 415/415 420/420 422/422
f 2497/2497 2498/2498 2495/2495
f 474/474 481/481 485/485
f 1323/1323 1312/1312 1322/1322
f 481/481 483/483 630/630
f 951/951 975/975 948/948
f 2386/2386 2388/2388 2394/2394
f 2395/2395 2386/2386 2394/2394
f 1916/1916 1903/1903 1902/1902
f 1902/1902 1903/1903 1901/1901
f 936/936 938/938 954/954
f 1902/1902 1901/1901 1897/1897
f 1009/1009 999/999 1012/1012
f 60/60 40/40 39/39
f 61/61 40/40 60/60
f 39/39 40/40 41/41
f 61/61 58/58 40/40
f 41/41 51/51 54/54
f 57/57 66/66 51/51
f 41/41 42/42 51/51
f 67/67 69/69 91/91
f 64/64 66/66 57/57
f 66/66 64/64 86/86
f 64/64 93/93 86/86
f 93/93 64/64 89/89
f 685/685 547/547 554/554
f 271/271 287/287 256/256
f 256/256 252/252 271/271
f 545/545 543/543 544/544
f 252/252 255/255 270/270
f 1829/1829 1832/1832 1825/1825
f 1827/1827 1832/1832 1833/1833
f 1827/1827 1833/1833 1826/1826
f 1810/1810 1826/1826 1809/1809
f 1798/1798 1801/1801 1799/1799
f 1800/1800 1796/1796 1799/1799
f 1802/1802 1795/1795 1800/1800
f 2498/2498 2497/2497 2504/2504
f 1133/1133 1130/1130 1126/1126
f 1296/1296 1295/1295 1311/1311
f 1295/1295 1313/1313 1311/1311
f 951/951 947/947 955/955
f 1425/1425 1427/1427 1426/1426
f 947/947 952/952 955/955
f 935/935 953/953 952/952
f 935/935 952/952 947/947
f 1428/1428 1429/1429 1430/1430
f 1430/1430 1429/1429 1431/1431
f 935/935 936/936 953/953
f 1394/1394 1431/1431 1438/1438
f 1431/1431 1439/1439 1438/1438
f 2395/2395 2394/2394 2396/2396
f 980/980 979/979 981/981
f 39/39 41/41 44/44
f 61/61 60/60 68/68
f 41/41 54/54 44/44
f 76/76 61/61 68/68
f 69/69 61/61 76/76
f 66/66 85/85 63/63
f 54/54 66/66 63/63
f 51/51 66/66 54/54
f 76/76 91/91 69/69
f 66/66 86/86 85/85
f 91/91 97/97 67/67
f 308/308 256/256 287/287
f 547/547 545/545 554/554
f 1828/1828 1809/1809 1826/1826
f 1809/1809 1801/1801 1798/1798
f 428/428 448/448 429/429
f 1129/1129 1128/1128 1127/1127
f 1126/1126 1130/1130 1127/1127
f 2498/2498 2504/2504 2511/2511
f 485/485 481/481 629/629
f 481/481 630/630 629/629
f 2507/2507 2498/2498 2516/2516
f 1313/1313 1321/1321 1315/1315
f 630/630 483/483 648/648
f 1426/1426 1427/1427 1428/1428
f 1427/1427 1429/1429 1428/1428
f 1898/1898 1897/1897 1899/1899
f 986/986 1002/1002 991/991
f 986/986 988/988 982/982
f 988/988 986/986 991/991
f 978/978 982/982 979/979
f 62/62 39/39 46/46
f 39/39 45/45 46/46
f 39/39 44/44 45/45
f 45/45 44/44 56/56
f 60/60 39/39 62/62
f 62/62 68/68 60/60
f 44/44 63/63 56/56
f 44/44 54/54 63/63
f 558/558 633/633 556/556
f 556/556 633/633 554/554
f 257/257 308/308 318/318
f 308/308 257/257 256/256
f 543/543 540/540 544/544
f 343/343 255/255 338/338
f 1829/1829 1836/1836 1832/1832
f 414/414 415/415 417/417
f 1801/1801 1809/1809 1828/1828
f 422/422 428/428 429/429
f 1312/1312 1296/1296 1311/1311
f 2516/2516 2498/2498 2511/2511
f 1313/1313 1315/1315 1311/1311
f 1441/1441 1433/1433 1434/1434
f 964/964 975/975 951/951
f 976/976 975/975 964/964
f 1434/1434 1433/1433 1425/1425
f 1425/1425 1433/1433 1427/1427
f 936/936 954/954 953/953
f 1431/1431 1432/1432 1439/1439
f 1900/1900 1897/1897 1901/1901
f 954/954 938/938 956/956
f 55/55 46/46 48/48
f 65/65 62/62 46/46
f 48/48 45/45 53/53
f 45/45 56/56 53/53
f 46/46 45/45 48/48
f 68/68 62/62 75/75
f 68/68 75/75 76/76
f 84/84 63/63 85/85
f 76/76 96/96 91/91
f 283/283 318/318 319/319
f 283/283 257/257 318/318
f 556/556 554/554 555/555
f 555/555 554/554 552/552
f 554/554 545/545 552/552
f 552/552 545/545 544/544
f 252/252 254/254 255/255
f 255/255 254/254 338/338
f 414/414 418/418 408/408
f 418/418 414/414 417/417
f 1835/1835 1833/1833 1837/1837
f 1835/1835 1826/1826 1833/1833
f 423/423 415/415 422/422
f 1799/1799 1803/1803 1800/1800
f 1319/1319 1322/1322 1312/1312
f 1312/1312 1311/1311 1319/1319
f 1429/1429 1432/1432 1431/1431
f 2396/2396 2394/2394 2397/2397
f 2416/2416 2395/2395 2396/2396
f 1897/1897 1900/1900 1899/1899
f 938/938 963/963 956/956
f 991/991 1002/1002 1021/1021
f 1012/1012 999/999 1005/1005
f 2096/2096 2090/2090 2121/2121
f 2121/2121 2090/2090 2136/2136
f 55/55 77/77 65/65
f 48/48 53/53 90/90
f 65/65 46/46 55/55
f 56/56 71/71 53/53
f 71/71 56/56 63/63
f 63/63 81/81 71/71
f 75/75 94/94 95/95
f 81/81 63/63 84/84
f 75/75 95/95 76/76
f 76/76 95/95 96/96
f 615/615 558/558 587/587
f 587/587 558/558 557/557
f 558/558 556/556 557/557
f 259/259 257/257 283/283
f 257/257 253/253 256/256
f 256/256 253/253 252/252
f 1836/1836 1838/1838 1832/1832
f 536/536 409/409 418/418
f 1833/1833 1832/1832 1837/1837
f 409/409 408/408 418/418
f 1835/1835 1828/1828 1826/1826
f 1800/1800 1803/1803 1806/1806
f 1802/1802 1800/1800 1806/1806
f 1126/1126 1122/1122 1125/1125
f 1122/1122 1126/1126 1127/1127
f 474/474 485/485 448/448
f 1125/1125 1133/1133 1126/1126
f 2511/2511 2504/2504 2512/2512
f 485/485 629/629 502/502
f 2028/2028 2077/2077 2070/2070
f 2076/2076 2077/2077 2028/2028
f 2004/2004 2076/2076 2028/2028
f 1316/1316 1311/1311 1315/1315
f 2050/2050 2048/2048 2059/2059
f 1321/1321 1317/1317 1315/1315
f 2055/2055 2059/2059 2048/2048
f 1433/1433 1445/1445 1427/1427
f 951/951 955/955 964/964
f 1429/1429 1427/1427 1445/1445
f 1432/1432 1442/1442 1439/1439
f 2398/2398 2399/2399 2397/2397
f 2394/2394 2398/2398 2397/2397
f 2396/2396 2397/2397 2416/2416
f 1901/1901 1904/1904 1900/1900
f 999/999 980/980 1005/1005
f 979/979 982/982 987/987
f 2090/2090 2096/2096 2091/2091
f 2090/2090 2091/2091 2092/2092
f 83/83 65/65 77/77
f 83/83 82/82 65/65
f 53/53 74/74 90/90
f 74/74 53/53 72/72
f 82/82 75/75 65/65
f 75/75 62/62 65/65
f 72/72 53/53 71/71
f 71/71 87/87 72/72
f 94/94 75/75 82/82
f 71/71 81/81 87/87
f 649/649 592/592 625/625
f 615/615 592/592 649/649
f 587/587 592/592 615/615
f 583/583 587/587 557/557
f 557/557 556/556 555/555
f 257/257 258/258 253/253
f 252/252 253/253 254/254
f 535/535 536/536 537/537
f 1832/1832 1838/1838 1837/1837
f 1799/1799 1801/1801 1803/1803
f 1127/1127 1128/1128 1122/1122
f 680/680 629/629 630/630
f 1311/1311 1316/1316 1318/1318
f 1311/1311 1318/1318 1319/1319
f 2048/2048 2010/2010 2009/2009
f 2010/2010 2048/2048 2049/2049
f 2049/2049 2048/2048 2050/2050
f 680/680 630/630 648/648
f 1988/1988 1991/1991 1989/1989
f 1988/1988 1989/1989 1990/1990
f 964/964 955/955 959/959
f 955/955 952/952 959/959
f 1445/1445 1443/1443 1429/1429
f 1432/1432 1429/1429 1443/1443
f 2400/2400 2397/2397 2399/2399
f 1005/1005 980/980 1004/1004
f 980/980 981/981 1004/1004
f 988/988 987/987 982/982
f 2093/2093 2094/2094 2090/2090
f 2090/2090 2092/2092 2093/2093
f 2100/2100 2097/2097 2098/2098
f 2096/2096 2098/2098 2097/2097
f 2096/2096 2097/2097 2091/2091
f 74/74 72/72 99/99
f 87/87 92/92 72/72
f 614/614 625/625 586/586
f 625/625 592/592 586/586
f 586/586 592/592 585/585
f 282/282 319/319 316/316
f 585/585 592/592 587/587
f 319/319 282/282 283/283
f 259/259 258/258 257/257
f 540/540 535/535 538/538
f 535/535 537/537 538/538
f 536/536 418/418 537/537
f 1837/1837 1838/1838 1839/1839
f 1837/1837 1839/1839 1835/1835
f 417/417 415/415 423/423
f 423/423 422/422 424/424
f 429/429 424/424 422/422
f 1803/1803 1801/1801 1804/1804
f 1128/1128 1121/1121 1122/1122
f 455/455 485/485 502/502
f 1119/1119 1168/1168 1133/1133
f 2010/2010 2007/2007 2009/2009
f 2046/2046 1989/1989 1991/1991
f 2048/2048 2009/2009 2043/2043
f 2048/2048 2043/2043 2055/2055
f 959/959 952/952 958/958
f 2055/2055 2043/2043 2051/2051
f 952/952 953/953 958/958
f 2055/2055 2051/2051 2057/2057
f 2058/2058 2057/2057 2056/2056
f 2057/2057 2058/2058 2060/2060
f 1443/1443 1442/1442 1432/1432
f 2397/2397 2400/2400 2402/2402
f 2402/2402 2416/2416 2397/2397
f 1901/1901 1919/1919 1904/1904
f 962/962 954/954 956/956
f 1016/1016 1025/1025 1020/1020
f 1012/1012 1016/1016 1020/1020
f 1005/1005 1016/1016 1012/1012
f 981/981 979/979 998/998
f 998/998 979/979 987/987
f 1877/1877 1879/1879 1860/1860
f 1861/1861 1877/1877 1860/1860
f 1876/1876 1877/1877 1861/1861
f 2100/2100 2099/2099 2097/2097
f 100/100 99/99 72/72
f 98/98 94/94 82/82
f 628/628 688/688 614/614
f 344/344 326/326 313/313
f 586/586 588/588 614/614
f 314/314 316/316 344/344
f 585/585 587/587 583/583
f 261/261 259/259 282/282
f 282/282 259/259 283/283
f 338/338 254/254 345/345
f 1122/1122 1121/1121 1118/1118
f 448/448 485/485 455/455
f 1119/1119 1133/1133 1125/1125
f 502/502 629/629 682/682
f 1119/1119 1167/1167 1168/1168
f 2068/2068 2028/2028 2070/2070
f 2028/2028 2027/2027 2001/2001
f 2004/2004 2028/2028 2001/2001
f 1991/1991 2026/2026 2046/2046
f 2027/2027 1998/1998 2001/2001
f 1317/1317 1316/1316 1315/1315
f 2009/2009 2014/2014 2043/2043
f 1991/1991 1988/1988 1992/1992
f 2051/2051 2056/2056 2057/2057
f 953/953 954/954 960/960
f 1904/1904 1899/1899 1900/1900
f 1858/1858 1853/1853 1847/1847
f 1849/1849 1847/1847 1853/1853
f 1859/1859 1858/1858 1847/1847
f 1847/1847 1860/1860 1859/1859
f 1846/1846 1861/1861 1847/1847
f 1861/1861 1860/1860 1847/1847
f 1864/1864 1876/1876 1861/1861
f 2093/2093 2095/2095 2094/2094
f 2124/2124 2094/2094 2102/2102
f 2094/2094 2095/2095 2102/2102
f 1862/1862 1860/1860 1865/1865
f 1860/1860 1879/1879 1865/1865
f 1865/1865 1879/1879 1885/1885
f 2100/2100 2113/2113 2101/2101
f 2099/2099 2100/2100 2101/2101
f 628/628 614/614 601/601
f 601/601 614/614 588/588
f 344/344 313/313 314/314
f 586/586 584/584 588/588
f 314/314 268/268 316/316
f 316/316 268/268 282/282
f 584/584 586/586 585/585
f 268/268 261/261 282/282
f 544/544 540/540 610/610
f 610/610 540/540 538/538
f 338/338 345/345 346/346
f 537/537 418/418 515/515
f 426/426 515/515 418/418
f 418/418 417/417 426/426
f 1828/1828 1835/1835 1840/1840
f 1129/1129 1137/1137 1128/1128
f 1122/1122 1118/1118 1125/1125
f 1160/1160 1177/1177 1113/1113
f 1160/1160 1113/1113 1159/1159
f 2026/2026 2074/2074 2046/2046
f 2069/2069 2074/2074 2026/2026
f 2027/2027 2069/2069 2026/2026
f 2068/2068 2069/2069 2027/2027
f 2068/2068 2027/2027 2028/2028
f 1998/1998 2027/2027 2026/2026
f 2005/2005 2008/2008 2007/2007
f 2009/2009 2007/2007 2008/2008
f 1991/1991 1994/1994 2026/2026
f 1998/1998 2026/2026 1994/1994
f 2007/2007 2004/2004 2005/2005
f 2003/2003 2004/2004 2001/2001
f 2005/2005 2004/2004 2003/2003
f 1998/1998 1994/1994 1997/1997
f 2043/2043 2047/2047 2051/2051
f 953/953 961/961 958/958
f 2047/2047 2056/2056 2051/2051
f 953/953 960/960 961/961
f 2058/2058 2056/2056 2047/2047
f 2399/2399 2405/2405 2404/2404
f 2400/2400 2399/2399 2404/2404
f 2066/2066 2067/2067 2062/2062
f 2066/2066 2062/2062 2065/2065
f 2065/2065 2062/2062 2064/2064
f 962/962 960/960 954/954
f 1904/1904 1917/1917 1899/1899
f 1899/1899 1917/1917 1918/1918
f 962/962 956/956 974/974
f 1021/1021 1023/1023 991/991
f 1863/1863 1880/1880 1853/1853
f 1853/1853 1880/1880 1849/1849
f 1880/1880 1852/1852 1849/1849
f 1858/1858 1863/1863 1853/1853
f 1852/1852 1845/1845 1849/1849
f 1851/1851 1845/1845 1852/1852
f 1851/1851 1850/1850 1845/1845
f 1858/1858 1868/1868 1863/1863
f 1845/1845 1847/1847 1849/1849
f 1845/1845 1850/1850 1848/1848
f 1845/1845 1846/1846 1847/1847
f 1862/1862 1868/1868 1858/1858
f 1848/1848 1846/1846 1845/1845
f 1859/1859 1862/1862 1858/1858
f 1859/1859 1860/1860 1862/1862
f 1864/1864 1861/1861 1846/1846
f 1864/1864 1846/1846 1866/1866
f 1876/1876 1864/1864 1878/1878
f 2124/2124 2102/2102 2138/2138
f 2099/2099 2101/2101 2139/2139
f 588/588 593/593 601/601
f 313/313 268/268 314/314
f 279/279 254/254 253/253
f 279/279 284/284 254/254
f 284/284 345/345 254/254
f 426/426 417/417 425/425
f 1841/1841 1835/1835 1839/1839
f 1841/1841 1840/1840 1835/1835
f 417/417 423/423 425/425
f 1840/1840 1805/1805 1828/1828
f 1801/1801 1828/1828 1805/1805
f 1801/1801 1805/1805 1804/1804
f 429/429 448/448 455/455
f 455/455 502/502 501/501
f 1125/1125 1118/1118 1119/1119
f 1119/1119 1115/1115 1167/1167
f 1114/1114 1167/1167 1115/1115
f 2005/2005 2014/2014 2008/2008
f 2001/2001 1998/1998 1999/1999
f 2002/2002 2001/2001 1999/1999
f 2003/2003 2001/2001 2002/2002
f 2009/2009 2008/2008 2014/2014
f 1991/1991 1993/1993 1994/1994
f 1999/1999 1998/1998 1997/1997
f 1992/1992 1993/1993 1991/1991
f 2038/2038 2014/2014 2032/2032
f 2043/2043 2014/2014 2038/2038
f 2072/2072 1992/1992 1988/1988
f 2043/2043 2038/2038 2047/2047
f 2083/2083 2058/2058 2047/2047
f 1006/1006 991/991 1023/1023
f 1006/1006 988/988 991/991
f 1016/1016 1005/1005 1004/1004
f 31/31 8/8 30/30
f 18/18 30/30 8/8
f 18/18 8/8 2/2
f 25/25 18/18 17/17
f 18/18 2/2 17/17
f 26/26 25/25 17/17
f 26/26 17/17 16/16
f 36/36 26/26 16/16
f 1855/1855 1875/1875 1857/1857
f 16/16 15/15 36/36
f 1856/1856 1855/1855 1857/1857
f 1850/1850 1851/1851 1854/1854
f 1851/1851 1855/1855 1854/1854
f 1854/1854 1855/1855 1856/1856
f 1862/1862 1882/1882 1868/1868
f 1848/1848 1866/1866 1846/1846
f 1864/1864 1866/1866 1872/1872
f 1883/1883 1882/1882 1862/1862
f 1865/1865 1883/1883 1862/1862
f 1881/1881 1864/1864 1872/1872
f 1881/1881 1878/1878 1864/1864
f 2139/2139 2101/2101 2140/2140
f 2101/2101 2113/2113 2114/2114
f 2113/2113 2115/2115 2114/2114
f 269/269 268/268 313/313
f 585/585 583/583 584/584
f 584/584 583/583 582/582
f 261/261 260/260 259/259
f 557/557 555/555 559/559
f 555/555 552/552 578/578
f 262/262 253/253 258/258
f 561/561 552/552 544/544
f 279/279 253/253 275/275
f 610/610 538/538 619/619
f 798/798 769/769 762/762
f 538/538 537/537 619/619
f 619/619 537/537 618/618
f 796/796 798/798 762/762
f 537/537 515/515 618/618
f 797/797 783/783 786/786
f 781/781 786/786 783/783
f 423/423 424/424 425/425
f 429/429 455/455 454/454
f 1116/1116 1115/1115 1119/1119
f 1159/1159 1113/1113 1111/1111
f 2003/2003 2014/2014 2005/2005
f 2011/2011 1999/1999 1997/1997
f 2383/2383 2374/2374 2381/2381
f 2002/2002 2006/2006 2003/2003
f 1994/1994 1995/1995 1997/1997
f 1997/1997 1995/1995 2011/2011
f 1285/1285 1287/1287 1286/1286
f 2014/2014 2003/2003 2018/2018
f 1995/1995 1994/1994 1993/1993
f 2014/2014 2018/2018 2032/2032
f 2063/2063 2047/2047 2038/2038
f 2044/2044 2047/2047 2063/2063
f 2083/2083 2047/2047 2044/2044
f 2405/2405 2406/2406 2404/2404
f 2062/2062 2041/2041 2064/2064
f 2064/2064 2041/2041 2061/2061
f 2061/2061 2054/2054 2084/2084
f 1004/1004 1015/1015 1016/1016
f 987/987 988/988 1007/1007
f 1007/1007 988/988 1006/1006
f 981/981 998/998 1004/1004
f 2/2 1/1 17/17
f 1/1 16/16 17/17
f 1/1 15/15 16/16
f 31/31 19/19 8/8
f 28/28 15/15 5/5
f 1856/1856 1857/1857 1867/1867
f 1863/1863 1868/1868 1884/1884
f 1072/1072 1085/1085 1084/1084
f 1867/1867 1873/1873 1856/1856
f 1874/1874 1854/1854 1856/1856
f 1850/1850 1854/1854 1870/1870
f 1874/1874 1870/1870 1854/1854
f 1073/1073 1072/1072 1084/1084
f 1870/1870 1848/1848 1850/1850
f 1870/1870 1869/1869 1848/1848
f 1866/1866 1848/1848 1869/1869
f 2102/2102 2095/2095 2103/2103
f 326/326 353/353 310/310
f 1082/1082 1081/1081 1076/1076
f 310/310 313/313 326/326
f 589/589 588/588 584/584
f 261/261 268/268 260/260
f 259/259 260/260 258/258
f 583/583 557/557 582/582
f 582/582 557/557 559/559
f 275/275 253/253 262/262
f 763/763 769/769 800/800
f 769/769 737/737 762/762
f 762/762 756/756 796/796
f 515/515 695/695 618/618
f 756/756 783/783 797/797
f 796/796 756/756 797/797
f 786/786 781/781 785/785
f 815/815 785/785 806/806
f 2463/2463 2462/2462 2459/2459
f 424/424 429/429 454/454
f 2456/2456 2459/2459 2458/2458
f 2456/2456 2455/2455 2457/2457
f 1128/1128 1137/1137 1131/1131
f 1131/1131 1121/1121 1128/1128
f 1116/1116 1119/1119 1118/1118
f 1112/1112 1115/1115 1116/1116
f 1114/1114 1115/1115 1112/1112
f 1113/1113 1114/1114 1112/1112
f 2075/2075 2002/2002 1999/1999
f 2075/2075 1999/1999 2088/2088
f 2018/2018 2031/2031 2032/2032
f 1992/1992 2072/2072 1996/1996
f 2038/2038 2032/2032 2033/2033
f 2063/2063 2038/2038 2033/2033
f 2040/2040 2083/2083 2044/2044
f 961/961 960/960 972/972
f 2407/2407 2404/2404 2406/2406
f 2040/2040 2041/2041 2062/2062
f 960/960 962/962 972/972
f 2042/2042 2061/2061 2041/2041
f 2042/2042 2054/2054 2061/2061
f 2078/2078 2084/2084 2054/2054
f 1017/1017 998/998 1007/1007
f 1014/1014 1015/1015 1004/1004
f 998/998 1014/1014 1004/1004
f 987/987 1007/1007 998/998
f 1/1 5/5 15/15
f 31/31 37/37 19/19
f 28/28 5/5 9/9
f 28/28 9/9 32/32
f 1857/1857 1871/1871 1867/1867
f 1873/1873 1874/1874 1856/1856
f 1084/1084 1083/1083 1073/1073
f 1460/1460 1457/1457 1458/1458
f 1076/1076 1073/1073 1083/1083
f 2132/2132 2103/2103 2095/2095
f 2102/2102 2103/2103 2104/2104
f 310/310 353/353 331/331
f 310/310 269/269 313/313
f 589/589 593/593 588/588
f 265/265 260/260 268/268
f 800/800 799/799 763/763
f 544/544 610/610 561/561
f 763/763 737/737 769/769
f 694/694 610/610 619/619
f 692/692 619/619 618/618
f 756/756 767/767 783/783
f 780/780 767/767 775/775
f 783/783 767/767 780/780
f 515/515 656/656 695/695
f 515/515 426/426 656/656
f 777/777 780/780 775/775
f 781/781 780/780 777/777
f 780/780 781/781 783/783
f 426/426 425/425 656/656
f 785/785 781/781 779/779
f 785/785 779/779 791/791
f 785/785 791/791 806/806
f 806/806 791/791 805/805
f 424/424 454/454 464/464
f 2454/2454 2456/2456 2458/2458
f 2456/2456 2454/2454 2455/2455
f 1121/1121 1100/1100 1118/1118
f 502/502 682/682 501/501
f 1112/1112 1111/1111 1113/1113
f 2006/2006 2002/2002 2075/2075
f 2371/2371 2381/2381 2374/2374
f 2371/2371 2374/2374 2369/2369
f 1284/1284 1285/1285 1286/1286
f 1995/1995 1993/1993 2000/2000
f 1992/1992 1996/1996 1993/1993
f 1278/1278 1285/1285 1279/1279
f 2031/2031 2025/2025 2032/2032
f 2033/2033 2032/2032 2025/2025
f 2072/2072 2036/2036 1996/1996
f 1278/1278 1279/1279 1280/1280
f 2025/2025 2031/2031 2024/2024
f 2072/2072 2081/2081 2036/2036
f 2040/2040 2035/2035 2041/2041
f 2041/2041 2035/2035 2042/2042
f 2082/2082 2085/2085 2053/2053
f 1030/1030 1016/1016 1015/1015
f 1867/1867 1886/1886 1873/1873
f 1535/1535 1551/1551 1547/1547
f 1550/1550 1551/1551 1530/1530
f 1535/1535 1530/1530 1551/1551
f 1530/1530 1533/1533 1550/1550
f 1533/1533 1546/1546 1552/1552
f 1550/1550 1533/1533 1552/1552
f 1552/1552 1546/1546 1554/1554
f 1460/1460 1456/1456 1457/1457
f 1073/1073 1076/1076 1069/1069
f 267/267 310/310 331/331
f 267/267 269/269 310/310
f 1081/1081 1069/1069 1076/1076
f 2115/2115 2116/2116 2114/2114
f 601/601 593/593 664/664
f 265/265 268/268 269/269
f 262/262 258/258 260/260
f 552/552 561/561 578/578
f 610/610 667/667 561/561
f 667/667 610/610 694/694
f 737/737 752/752 762/762
f 762/762 752/752 756/756
f 756/756 752/752 753/753
f 618/618 695/695 692/692
f 756/756 753/753 767/767
f 771/771 759/759 760/760
f 767/767 774/774 775/775
f 775/775 776/776 777/777
f 760/760 814/814 788/788
f 425/425 513/513 656/656
f 2459/2459 2462/2462 2458/2458
f 1118/1118 1100/1100 1117/1117
f 1118/1118 1117/1117 1116/1116
f 2088/2088 2089/2089 2075/2075
f 1284/1284 1292/1292 1290/1290
f 1286/1286 1292/1292 1284/1284
f 2369/2369 2373/2373 2370/2370
f 1284/1284 1279/1279 1285/1285
f 1996/1996 2012/2012 1993/1993
f 2000/2000 1993/1993 2012/2012
f 2012/2012 1996/1996 2013/2013
f 2000/2000 2012/2012 2015/2015
f 1280/1280 1279/1279 1281/1281
f 2063/2063 2033/2033 2044/2044
f 2025/2025 2024/2024 2023/2023
f 2033/2033 2025/2025 2029/2029
f 2033/2033 2029/2029 2044/2044
f 2044/2044 2029/2029 2040/2040
f 2036/2036 2081/2081 2071/2071
f 2071/2071 2037/2037 2036/2036
f 2029/2029 2035/2035 2040/2040
f 2071/2071 2082/2082 2053/2053
f 2037/2037 2071/2071 2053/2053
f 2080/2080 2078/2078 2045/2045
f 2054/2054 2045/2045 2078/2078
f 1014/1014 998/998 1017/1017
f 8/8 7/7 2/2
f 8/8 19/19 7/7
f 2470/2470 2467/2467 2472/2472
f 1553/1553 1537/1537 1547/1547
f 1072/1072 1073/1073 1067/1067
f 1547/1547 1537/1537 1535/1535
f 1067/1067 1073/1073 1069/1069
f 1448/1448 1451/1451 1457/1457
f 1451/1451 1458/1458 1457/1457
f 2132/2132 2134/2134 2105/2105
f 2132/2132 2105/2105 2103/2103
f 263/263 262/262 260/260
f 559/559 555/555 579/579
f 579/579 555/555 578/578
f 668/668 578/578 561/561
f 667/667 668/668 561/561
f 763/763 734/734 737/737
f 734/734 723/723 737/737
f 723/723 752/752 737/737
f 809/809 747/747 740/740
f 747/747 809/809 754/754
f 760/760 759/759 754/754
f 754/754 759/759 748/748
f 753/753 774/774 767/767
f 759/759 771/771 770/770
f 770/770 773/773 774/774
f 775/775 774/774 773/773
f 770/770 771/771 772/772
f 775/775 773/773 776/776
f 771/771 760/760 788/788
f 787/787 788/788 814/814
f 656/656 513/513 704/704
f 781/781 777/777 779/779
f 779/779 777/777 778/778
f 425/425 424/424 513/513
f 464/464 513/513 424/424
f 2462/2462 2461/2461 2458/2458
f 2458/2458 2461/2461 2460/2460
f 2458/2458 2460/2460 2454/2454
f 2446/2446 2455/2455 2454/2454
f 1131/1131 1100/1100 1121/1121
f 1117/1117 1100/1100 1090/1090
f 1111/1111 1112/1112 1110/1110
f 1116/1116 1110/1110 1112/1112
f 2381/2381 2371/2371 2382/2382
f 2369/2369 2370/2370 2371/2371
f 1279/1279 1284/1284 1282/1282
f 2373/2373 2375/2375 2370/2370
f 2377/2377 2376/2376 2375/2375
f 1996/1996 2036/2036 2013/2013
f 2015/2015 2012/2012 2016/2016
f 2025/2025 2023/2023 2029/2029
f 2013/2013 2036/2036 2037/2037
f 2021/2021 2023/2023 2024/2024
f 2022/2022 2029/2029 2023/2023
f 2035/2035 2029/2029 2022/2022
f 2042/2042 2035/2035 2045/2045
f 2030/2030 2037/2037 2053/2053
f 2042/2042 2045/2045 2054/2054
f 2039/2039 2053/2053 2073/2073
f 2073/2073 2053/2053 2079/2079
f 2080/2080 2039/2039 2073/2073
f 2045/2045 2052/2052 2080/2080
f 1/1 2/2 3/3
f 5/5 1/1 4/4
f 2469/2469 2467/2467 2470/2470
f 2475/2475 2472/2472 2473/2473
f 1456/1456 1448/1448 1457/1457
f 2103/2103 2105/2105 2104/2104
f 1080/1080 1069/1069 1081/1081
f 2117/2117 2114/2114 2116/2116
f 593/593 589/589 594/594
f 590/590 584/584 582/582
f 262/262 276/276 275/275
f 764/764 799/799 801/801
f 763/763 799/799 764/764
f 731/731 758/758 738/738
f 738/738 740/740 717/717
f 750/750 752/752 723/723
f 747/747 717/717 740/740
f 751/751 753/753 752/752
f 747/747 754/754 748/748
f 759/759 770/770 749/749
f 748/748 759/759 749/749
f 749/749 770/770 751/751
f 770/770 774/774 751/751
f 753/753 751/751 774/774
f 772/772 771/771 784/784
f 773/773 770/770 772/772
f 771/771 788/788 784/784
f 773/773 772/772 776/776
f 776/776 772/772 778/778
f 776/776 778/778 777/777
f 779/779 778/778 789/789
f 789/789 791/791 779/779
f 804/804 805/805 791/791
f 1159/1159 1111/1111 1173/1173
f 1110/1110 1116/1116 1117/1117
f 2382/2382 2371/2371 2372/2372
f 1284/1284 1290/1290 1282/1282
f 2372/2372 2371/2371 2370/2370
f 1282/1282 1281/1281 1279/1279
f 2379/2379 2377/2377 2380/2380
f 2087/2087 2019/2019 2086/2086
f 1281/1281 1283/1283 1280/1280
f 2016/2016 2012/2012 2017/2017
f 2021/2021 2086/2086 2019/2019
f 1283/1283 1294/1294 1293/1293
f 1280/1280 1283/1283 1293/1293
f 2012/2012 2013/2013 2017/2017
f 2019/2019 2016/2016 2017/2017
f 2021/2021 2019/2019 2020/2020
f 2020/2020 2019/2019 2017/2017
f 2021/2021 2022/2022 2023/2023
f 2021/2021 2020/2020 2022/2022
f 2013/2013 2037/2037 2030/2030
f 2017/2017 2013/2013 2030/2030
f 2020/2020 2017/2017 2030/2030
f 2034/2034 2020/2020 2030/2030
f 2035/2035 2022/2022 2034/2034
f 2034/2034 2030/2030 2039/2039
f 2035/2035 2034/2034 2045/2045
f 2053/2053 2039/2039 2030/2030
f 2045/2045 2034/2034 2052/2052
f 2034/2034 2039/2039 2052/2052
f 2052/2052 2039/2039 2080/2080
f 2/2 7/7 3/3
f 5/5 6/6 9/9
f 37/37 22/22 19/19
f 19/19 22/22 7/7
f 2469/2469 2471/2471 2465/2465
f 2469/2469 2465/2465 2467/2467
f 2467/2467 2473/2473 2472/2472
f 269/269 267/267 265/265
f 593/593 594/594 664/664
f 594/594 589/589 595/595
f 589/589 584/584 591/591
f 264/264 260/260 265/265
f 590/590 591/591 584/584
f 264/264 263/263 260/260
f 559/559 590/590 582/582
f 578/578 668/668 579/579
f 764/764 734/734 763/763
f 731/731 741/741 758/758
f 738/738 717/717 731/731
f 710/710 717/717 712/712
f 727/727 711/711 723/723
f 734/734 727/727 723/723
f 710/710 712/712 711/711
f 723/723 711/711 712/712
f 717/717 745/745 712/712
f 712/712 750/750 723/723
f 747/747 745/745 717/717
f 712/712 745/745 750/750
f 752/752 750/750 751/751
f 750/750 745/745 749/749
f 745/745 747/747 748/748
f 749/749 745/745 748/748
f 751/751 750/750 749/749
f 784/784 788/788 787/787
f 791/791 789/789 804/804
f 807/807 805/805 804/804
f 454/454 455/455 456/456
f 1131/1131 1132/1132 1100/1100
f 488/488 455/455 501/501
f 1090/1090 1088/1088 1117/1117
f 1291/1291 1282/1282 1290/1290
f 2378/2378 2372/2372 2370/2370
f 1282/1282 1291/1291 1288/1288
f 2370/2370 2375/2375 2376/2376
f 2376/2376 2378/2378 2370/2370
f 2377/2377 2379/2379 2376/2376
f 1289/1289 1294/1294 1283/1283
f 2022/2022 2020/2020 2034/2034
f 5/5 4/4 6/6
f 1072/1072 1067/1067 1071/1071
f 1535/1535 1537/1537 1536/1536
f 1532/1532 1533/1533 1530/1530
f 1067/1067 1069/1069 1068/1068
f 1080/1080 1070/1070 1069/1069
f 267/267 266/266 265/265
f 277/277 262/262 263/263
f 277/277 276/276 262/262
f 741/741 812/812 758/758
f 710/710 731/731 717/717
f 727/727 707/707 711/711
f 707/707 710/710 711/711
f 772/772 784/784 782/782
f 772/772 782/782 778/778
f 784/784 787/787 782/782
f 782/782 787/787 793/793
f 778/778 782/782 790/790
f 789/789 778/778 790/790
f 513/513 637/637 704/704
f 811/811 789/789 790/790
f 804/804 808/808 807/807
f 2460/2460 2441/2441 2454/2454
f 456/456 455/455 457/457
f 455/455 488/488 457/457
f 1100/1100 1091/1091 1090/1090
f 1173/1173 1111/1111 1172/1172
f 1282/1282 1288/1288 1281/1281
f 2378/2378 2376/2376 2379/2379
f 1281/1281 1288/1288 1289/1289
f 1281/1281 1289/1289 1283/1283
f 21/21 9/9 6/6
f 9/9 21/21 23/23
f 1075/1075 1072/1072 1071/1071
f 2466/2466 2473/2473 2467/2467
f 1535/1535 1536/1536 1531/1531
f 1071/1071 1067/1067 1066/1066
f 1535/1535 1531/1531 1530/1530
f 1546/1546 1534/1534 1543/1543
f 1534/1534 1546/1546 1533/1533
f 1456/1456 1455/1455 1448/1448
f 1451/1451 1448/1448 1450/1450
f 2134/2134 2108/2108 2105/2105
f 2104/2104 2105/2105 2106/2106
f 280/280 267/267 331/331
f 280/280 266/266 267/267
f 1069/1069 1070/1070 1068/1068
f 2116/2116 2129/2129 2118/2118
f 2117/2117 2116/2116 2118/2118
f 600/600 594/594 595/595
f 590/590 559/559 643/643
f 803/803 768/768 801/801
f 559/559 579/579 643/643
f 741/741 743/743 812/812
f 768/768 764/764 801/801
f 731/731 710/710 720/720
f 734/734 764/764 735/735
f 734/734 735/735 727/727
f 794/794 782/782 793/793
f 782/782 794/794 790/790
f 1473/1473 1523/1523 1521/1521
f 793/793 787/787 795/795
f 1479/1479 1523/1523 1473/1473
f 1479/1479 1524/1524 1523/1523
f 789/789 811/811 804/804
f 464/464 637/637 513/513
f 454/454 456/456 464/464
f 2441/2441 2460/2460 2449/2449
f 1100/1100 1132/1132 1091/1091
f 2465/2465 2466/2466 2467/2467
f 1537/1537 1541/1541 1536/1536
f 1530/1530 1531/1531 1532/1532
f 1533/1533 1532/1532 1534/1534
f 1449/1449 1448/1448 1455/1455
f 1448/1448 1449/1449 1450/1450
f 1066/1066 1067/1067 1068/1068
f 2107/2107 2105/2105 2108/2108
f 2106/2106 2105/2105 2107/2107
f 2129/2129 2130/2130 2118/2118
f 595/595 589/589 591/591
f 266/266 264/264 265/265
f 591/591 590/590 613/613
f 613/613 590/590 643/643
f 274/274 263/263 264/264
f 263/263 274/274 277/277
f 741/741 733/733 743/743
f 741/741 732/732 733/733
f 768/768 735/735 764/764
f 741/741 731/731 732/732
f 720/720 732/732 731/731
f 706/706 720/720 710/710
f 727/727 705/705 707/707
f 707/707 706/706 710/710
f 1521/1521 1522/1522 1471/1471
f 1521/1521 1471/1471 1473/1473
f 1471/1471 1522/1522 1483/1483
f 637/637 701/701 702/702
f 642/642 701/701 637/637
f 642/642 637/637 463/463
f 1524/1524 1479/1479 1512/1512
f 1527/1527 1524/1524 1512/1512
f 1529/1529 1524/1524 1527/1527
f 811/811 808/808 804/804
f 637/637 464/464 463/463
f 463/463 464/464 456/456
f 2441/2441 2449/2449 2438/2438
f 2454/2454 2441/2441 2446/2446
f 1111/1111 1105/1105 1172/1172
f 1117/1117 1088/1088 1110/1110
f 4/4 1/1 3/3
f 1075/1075 1071/1071 1074/1074
f 2473/2473 2466/2466 2474/2474
f 1079/1079 1070/1070 1080/1080
f 600/600 595/595 611/611
f 595/595 591/591 613/613
f 813/813 743/743 742/742
f 733/733 742/742 743/743
f 274/274 350/350 277/277
f 761/761 735/735 768/768
f 761/761 768/768 803/803
f 705/705 706/706 707/707
f 735/735 705/705 727/727
f 2449/2449 2444/2444 2438/2438
f 2438/2438 2439/2439 2441/2441
f 1110/1110 1105/1105 1111/1111
f 1110/1110 1088/1088 1087/1087
f 611/611 595/595 613/613
f 266/266 273/273 264/264
f 273/273 274/274 264/264
f 761/761 726/726 735/735
f 705/705 735/735 726/726
f 708/708 720/720 706/706
f 705/705 708/708 706/706
f 1511/1511 1512/1512 1479/1479
f 463/463 456/456 459/459
f 2446/2446 2441/2441 2445/2445
f 1089/1089 1090/1090 1091/1091
f 1089/1089 1088/1088 1090/1090
f 1087/1087 1105/1105 1110/1110
f 2466/2466 2465/2465 2468/2468
f 1074/1074 1071/1071 1066/1066
f 1541/1541 1542/1542 1536/1536
f 1532/1532 1531/1531 1538/1538
f 1532/1532 1538/1538 1534/1534
f 1066/1066 1068/1068 1077/1077
f 1454/1454 1455/1455 1459/1459
f 1454/1454 1449/1449 1455/1455
f 1068/1068 1070/1070 1078/1078
f 1078/1078 1077/1077 1068/1068
f 1452/1452 1450/1450 1449/1449
f 1070/1070 1079/1079 1078/1078
f 1453/1453 1450/1450 1452/1452
f 2108/2108 2109/2109 2107/2107
f 266/266 280/280 285/285
f 266/266 285/285 278/278
f 2128/2128 2117/2117 2119/2119
f 278/278 273/273 266/266
f 2130/2130 2120/2120 2118/2118
f 2119/2119 2117/2117 2118/2118
f 600/600 611/611 616/616
f 655/655 611/611 613/613
f 613/613 696/696 655/655
f 813/813 742/742 739/739
f 274/274 349/349 350/350
f 721/721 733/733 732/732
f 736/736 726/726 761/761
f 732/732 720/720 721/721
f 721/721 720/720 708/708
f 726/726 709/709 705/705
f 709/709 708/708 705/705
f 463/463 471/471 642/642
f 1526/1526 1527/1527 1512/1512
f 457/457 458/458 456/456
f 1086/1086 1088/1088 1089/1089
f 1086/1086 1087/1087 1088/1088
f 7/7 22/22 11/11
f 22/22 24/24 11/11
f 1074/1074 1066/1066 1077/1077
f 1540/1540 1531/1531 1536/1536
f 1534/1534 1539/1539 1543/1543
f 1454/1454 1452/1452 1449/1449
f 1642/1642 1657/1657 1650/1650
f 278/278 285/285 355/355
f 2118/2118 2120/2120 2119/2119
f 655/655 616/616 611/611
f 273/273 349/349 274/274
f 733/733 739/739 742/742
f 766/766 736/736 761/761
f 722/722 733/733 721/721
f 1467/1467 1479/1479 1473/1473
f 681/681 701/701 642/642
f 2436/2436 2438/2438 2437/2437
f 2439/2439 2438/2438 2436/2436
f 459/459 456/456 458/458
f 457/457 488/488 508/508
f 2453/2453 2446/2446 2452/2452
f 1172/1172 1105/1105 1176/1176
f 1087/1087 1104/1104 1105/1105
f 35/35 11/11 24/24
f 10/10 7/7 11/11
f 3/3 7/7 10/10
f 21/21 6/6 29/29
f 1635/1635 1654/1654 1637/1637
f 1654/1654 1653/1653 1637/1637
f 2474/2474 2466/2466 2476/2476
f 1536/1536 1542/1542 1540/1540
f 1534/1534 1538/1538 1539/1539
f 1652/1652 1648/1648 1649/1649
f 1637/1637 1653/1653 1641/1641
f 1649/1649 1638/1638 1639/1639
f 1649/1649 1639/1639 1650/1650
f 1639/1639 1642/1642 1650/1650
f 1628/1628 1641/1641 1631/1631
f 1645/1645 1631/1631 1641/1641
f 2107/2107 2109/2109 2110/2110
f 2128/2128 2119/2119 2126/2126
f 348/348 273/273 278/278
f 733/733 722/722 739/739
f 349/349 273/273 348/348
f 736/736 725/725 726/726
f 725/725 709/709 726/726
f 713/713 722/722 708/708
f 722/722 721/721 708/708
f 709/709 713/713 708/708
f 1511/1511 1479/1479 1485/1485
f 642/642 471/471 641/641
f 463/463 459/459 471/471
f 2444/2444 2437/2437 2438/2438
f 2439/2439 2445/2445 2441/2441
f 2445/2445 2452/2452 2446/2446
f 10/10 11/11 35/35
f 14/14 3/3 10/10
f 2468/2468 2477/2477 2466/2466
f 1542/1542 1544/1544 1540/1540
f 1540/1540 1538/1538 1531/1531
f 1538/1538 1548/1548 1539/1539
f 1648/1648 1638/1638 1649/1649
f 1639/1639 1638/1638 1629/1629
f 1641/1641 1628/1628 1637/1637
f 1630/1630 1628/1628 1631/1631
f 1628/1628 1630/1630 1629/1629
f 1639/1639 1629/1629 1632/1632
f 1632/1632 1629/1629 1630/1630
f 1639/1639 1632/1632 1642/1642
f 2135/2135 2122/2122 2109/2109
f 2109/2109 2111/2111 2110/2110
f 755/755 765/765 802/802
f 2127/2127 2126/2126 2119/2119
f 2119/2119 2120/2120 2137/2137
f 2127/2127 2119/2119 2137/2137
f 810/810 744/744 730/730
f 730/730 744/744 739/739
f 722/722 730/730 739/739
f 713/713 716/716 722/722
f 765/765 729/729 766/766
f 766/766 729/729 736/736
f 729/729 725/725 736/736
f 725/725 714/714 709/709
f 714/714 713/713 709/709
f 1473/1473 1471/1471 1467/1467
f 1466/1466 1479/1479 1467/1467
f 1483/1483 1482/1482 1477/1477
f 642/642 641/641 681/681
f 1512/1512 1511/1511 1526/1526
f 2437/2437 2435/2435 2436/2436
f 1176/1176 1105/1105 1158/1158
f 1105/1105 1104/1104 1158/1158
f 3/3 13/13 4/4
f 6/6 12/12 20/20
f 6/6 4/4 12/12
f 35/35 38/38 10/10
f 14/14 10/10 38/38
f 3/3 14/14 13/13
f 6/6 20/20 29/29
f 1633/1633 1635/1635 1627/1627
f 2477/2477 2476/2476 2466/2466
f 1635/1635 1637/1637 1627/1627
f 1540/1540 1545/1545 1538/1538
f 1621/1621 1648/1648 1647/1647
f 1539/1539 1548/1548 1549/1549
f 1623/1623 1627/1627 1628/1628
f 1638/1638 1623/1623 1629/1629
f 1648/1648 1621/1621 1638/1638
f 1629/1629 1623/1623 1628/1628
f 1637/1637 1628/1628 1627/1627
f 2111/2111 2109/2109 2112/2112
f 2110/2110 2111/2111 2131/2131
f 355/355 356/356 278/278
f 2123/2123 2125/2125 2126/2126
f 2122/2122 2125/2125 2123/2123
f 2112/2112 2122/2122 2123/2123
f 2109/2109 2122/2122 2112/2112
f 2126/2126 2127/2127 2123/2123
f 755/755 728/728 729/729
f 716/716 730/730 722/722
f 755/755 729/729 765/765
f 729/729 724/724 725/725
f 724/724 715/715 725/725
f 715/715 716/716 713/713
f 714/714 715/715 713/713
f 725/725 715/715 714/714
f 457/457 508/508 469/469
f 2451/2451 2452/2452 2445/2445
f 1087/1087 1086/1086 1104/1104
f 38/38 34/34 14/14
f 14/14 34/34 13/13
f 4/4 13/13 12/12
f 1622/1622 1634/1634 1633/1633
f 1633/1633 1627/1627 1622/1622
f 1655/1655 1646/1646 1640/1640
f 1644/1644 1656/1656 1640/1640
f 1655/1655 1640/1640 1656/1656
f 1622/1622 1627/1627 1623/1623
f 1621/1621 1622/1622 1623/1623
f 1622/1622 1621/1621 1624/1624
f 1621/1621 1647/1647 1624/1624
f 1624/1624 1647/1647 1651/1651
f 1644/1644 1624/1624 1651/1651
f 1621/1621 1623/1623 1638/1638
f 2127/2127 2133/2133 2123/2123
f 2112/2112 2123/2123 2133/2133
f 718/718 757/757 730/730
f 718/718 730/730 716/716
f 729/729 728/728 724/724
f 1477/1477 1471/1471 1483/1483
f 2442/2442 2437/2437 2444/2444
f 2445/2445 2439/2439 2436/2436
f 458/458 457/457 469/469
f 13/13 34/34 12/12
f 12/12 34/34 33/33
f 12/12 33/33 27/27
f 12/12 27/27 20/20
f 1622/1622 1625/1625 1634/1634
f 1643/1643 1640/1640 1646/1646
f 1625/1625 1622/1622 1624/1624
f 1640/1640 1626/1626 1644/1644
f 1626/1626 1624/1624 1644/1644
f 746/746 719/719 792/792
f 719/719 728/728 792/792
f 792/792 728/728 755/755
f 719/719 746/746 718/718
f 724/724 719/719 715/715
f 728/728 719/719 724/724
f 719/719 718/718 715/715
f 715/715 718/718 716/716
f 459/459 461/461 471/471
f 2435/2435 2437/2437 2434/2434
f 1086/1086 1089/1089 1092/1092
f 1102/1102 1158/1158 1104/1104
f 1086/1086 1102/1102 1104/1104
f 1093/1093 1102/1102 1086/1086
f 1643/1643 1636/1636 1640/1640
f 1636/1636 1625/1625 1626/1626
f 1640/1640 1636/1636 1626/1626
f 1624/1624 1626/1626 1625/1625
f 1465/1465 1467/1467 1471/1471
f 1485/1485 1513/1513 1511/1511
f 1528/1528 1526/1526 1511/1511
f 2442/2442 2440/2440 2437/2437
f 459/459 458/458 460/460
f 2435/2435 2433/2433 2436/2436
f 2436/2436 2447/2447 2445/2445
f 469/469 508/508 644/644
f 1176/1176 1158/1158 1175/1175
f 1093/1093 1086/1086 1092/1092
f 1476/1476 1477/1477 1482/1482
f 2434/2434 2433/2433 2435/2435
f 2436/2436 2433/2433 2447/2447
f 1467/1467 1465/1465 1466/1466
f 471/471 461/461 641/641
f 1528/1528 1511/1511 1513/1513
f 461/461 459/459 460/460
f 527/527 469/469 644/644
f 2451/2451 2445/2445 2447/2447
f 1175/1175 1158/1158 1156/1156
f 681/681 641/641 672/672
f 1503/1503 1476/1476 1482/1482
f 2440/2440 2434/2434 2437/2437
f 458/458 469/469 468/468
f 468/468 469/469 527/527
f 2450/2450 2451/2451 2447/2447
f 1158/1158 1102/1102 1156/1156
f 1471/1471 1477/1477 1465/1465
f 1479/1479 1466/1466 1485/1485
f 1103/1103 1156/1156 1102/1102
f 1093/1093 1103/1103 1102/1102
f 458/458 468/468 460/460
f 1092/1092 1094/1094 1093/1093
f 1484/1484 1466/1466 1463/1463
f 1466/1466 1484/1484 1485/1485
f 1485/1485 1484/1484 1513/1513
f 1513/1513 1515/1515 1528/1528
f 461/461 460/460 462/462
f 2440/2440 2430/2430 2434/2434
f 644/644 663/663 527/527
f 1175/1175 1156/1156 1174/1174
f 1094/1094 1092/1092 1096/1096
f 1465/1465 1477/1477 1476/1476
f 461/461 475/475 641/641
f 2440/2440 2432/2432 2430/2430
f 527/527 499/499 468/468
f 1476/1476 1464/1464 1465/1465
f 1466/1466 1465/1465 1463/1463
f 641/641 475/475 672/672
f 1515/1515 1513/1513 1484/1484
f 460/460 468/468 465/465
f 499/499 527/527 663/663
f 2434/2434 2430/2430 2433/2433
f 465/465 468/468 499/499
f 2448/2448 2447/2447 2433/2433
f 2450/2450 2447/2447 2448/2448
f 1103/1103 1093/1093 1095/1095
f 1463/1463 1465/1465 1464/1464
f 1094/1094 1096/1096 1097/1097
f 1103/1103 1095/1095 1106/1106
f 1093/1093 1094/1094 1095/1095
f 1474/1474 1464/1464 1476/1476
f 475/475 461/461 462/462
f 460/460 465/465 462/462
f 1157/1157 1174/1174 1156/1156
f 1106/1106 1157/1157 1156/1156
f 1097/1097 1096/1096 1099/1099
f 1156/1156 1103/1103 1106/1106
f 1476/1476 1503/1503 1474/1474
f 1462/1462 1484/1484 1463/1463
f 2430/2430 2429/2429 2433/2433
f 465/465 499/499 498/498
f 2429/2429 2448/2448 2433/2433
f 663/663 659/659 499/499
f 1157/1157 1171/1171 1174/1174
f 1463/1463 1464/1464 1461/1461
f 1461/1461 1462/1462 1463/1463
f 1516/1516 1515/1515 1484/1484
f 2431/2431 2430/2430 2432/2432
f 659/659 498/498 499/499
f 1109/1109 1106/1106 1095/1095
f 672/672 475/475 487/487
f 2443/2443 2431/2431 2432/2432
f 1464/1464 1474/1474 1469/1469
f 1503/1503 1504/1504 1474/1474
f 1484/1484 1462/1462 1509/1509
f 1509/1509 1516/1516 1484/1484
f 475/475 462/462 467/467
f 1461/1461 1464/1464 1469/1469
f 1509/1509 1462/1462 1508/1508
f 475/475 467/467 487/487
f 1157/1157 1106/1106 1109/1109
f 1095/1095 1098/1098 1109/1109
f 1094/1094 1098/1098 1095/1095
f 1097/1097 1098/1098 1094/1094
f 2427/2427 2430/2430 2431/2431
f 1101/1101 1097/1097 1099/1099
f 2427/2427 2431/2431 2443/2443
f 466/466 467/467 462/462
f 462/462 465/465 466/466
f 466/466 465/465 498/498
f 2427/2427 2426/2426 2430/2430
f 2429/2429 2430/2430 2426/2426
f 659/659 500/500 498/498
f 2426/2426 2425/2425 2429/2429
f 2429/2429 2425/2425 2428/2428
f 2448/2448 2429/2429 2428/2428
f 1474/1474 1472/1472 1469/1469
f 1504/1504 1472/1472 1474/1474
f 487/487 467/467 470/470
f 1509/1509 1517/1517 1516/1516
f 1462/1462 1461/1461 1468/1468
f 467/467 466/466 470/470
f 466/466 498/498 500/500
f 1097/1097 1101/1101 1108/1108
f 1504/1504 1525/1525 1472/1472
f 1475/1475 1508/1508 1462/1462
f 477/477 487/487 470/470
f 1509/1509 1518/1518 1517/1517
f 2421/2421 2426/2426 2427/2427
f 500/500 659/659 675/675
f 2420/2420 2425/2425 2426/2426
f 1097/1097 1107/1107 1098/1098
f 1107/1107 1097/1097 1108/1108
f 1469/1469 1472/1472 1470/1470
f 1469/1469 1470/1470 1468/1468
f 1461/1461 1469/1469 1468/1468
f 1508/1508 1507/1507 1509/1509
f 1507/1507 1518/1518 1509/1509
f 1109/1109 1120/1120 1157/1157
f 1157/1157 1120/1120 1166/1166
f 2421/2421 2420/2420 2426/2426
f 1171/1171 1157/1157 1166/1166
f 1098/1098 1120/1120 1109/1109
f 1120/1120 1098/1098 1107/1107
f 1507/1507 1506/1506 1518/1518
f 2420/2420 2421/2421 2422/2422
f 466/466 500/500 476/476
f 2420/2420 2422/2422 2423/2423
f 1525/1525 1478/1478 1472/1472
f 1470/1470 1472/1472 1478/1478
f 1462/1462 1468/1468 1475/1475
f 1507/1507 1508/1508 1505/1505
f 1508/1508 1475/1475 1505/1505
f 1507/1507 1505/1505 1506/1506
f 1519/1519 1518/1518 1506/1506
f 2219/2219 2220/2220 2213/2213
f 2213/2213 2216/2216 2219/2219
f 470/470 466/466 476/476
f 2211/2211 2213/2213 2215/2215
f 2213/2213 2212/2212 2216/2216
f 2423/2423 2424/2424 2420/2420
f 2420/2420 2424/2424 2425/2425
f 2428/2428 2425/2425 2424/2424
f 1107/1107 1108/1108 1123/1123
f 1123/1123 1108/1108 1101/1101
f 1478/1478 1487/1487 1470/1470
f 1506/1506 1514/1514 1519/1519
f 2215/2215 2213/2213 2220/2220
f 2211/2211 2212/2212 2213/2213
f 2211/2211 2214/2214 2212/2212
f 1166/1166 1170/1170 1171/1171
f 1101/1101 1134/1134 1123/1123
f 2464/2464 2428/2428 2424/2424
f 1107/1107 1123/1123 1124/1124
f 1478/1478 1493/1493 1487/1487
f 477/477 470/470 476/476
f 1502/1502 1520/1520 1514/1514
f 1505/1505 1481/1481 1506/1506
f 1481/1481 1514/1514 1506/1506
f 2220/2220 2219/2219 2221/2221
f 1711/1711 1707/1707 1712/1712
f 1711/1711 1712/1712 1718/1718
f 500/500 504/504 476/476
f 2214/2214 2211/2211 2217/2217
f 1107/1107 1148/1148 1120/1120
f 1107/1107 1124/1124 1148/1148
f 1478/1478 1496/1496 1493/1493
f 1487/1487 1468/1468 1470/1470
f 1478/1478 1525/1525 1496/1496
f 1480/1480 1475/1475 1468/1468
f 476/476 489/489 477/477
f 1502/1502 1514/1514 1481/1481
f 1481/1481 1475/1475 1480/1480
f 1475/1475 1481/1481 1505/1505
f 500/500 669/669 504/504
f 1718/1718 1712/1712 1740/1740
f 500/500 675/675 669/669
f 1166/1166 1155/1155 1169/1169
f 2217/2217 2218/2218 2214/2214
f 1520/1520 1502/1502 1510/1510
f 489/489 476/476 490/490
f 1715/1715 1709/1709 1714/1714
f 1709/1709 1711/1711 1714/1714
f 1709/1709 1707/1707 1711/1711
f 1166/1166 1169/1169 1170/1170
f 1166/1166 1120/1120 1155/1155
f 1148/1148 1155/1155 1120/1120
f 1487/1487 1493/1493 1488/1488
f 1487/1487 1488/1488 1486/1486
f 1468/1468 1487/1487 1486/1486
f 1468/1468 1486/1486 1480/1480
f 1491/1491 1494/1494 1481/1481
f 1481/1481 1480/1480 1491/1491
f 1709/1709 1715/1715 1710/1710
f 490/490 476/476 491/491
f 1707/1707 1708/1708 1712/1712
f 1134/1134 1138/1138 1123/1123
f 1493/1493 1496/1496 1488/1488
f 1501/1501 1510/1510 1502/1502
f 1498/1498 1502/1502 1494/1494
f 1502/1502 1481/1481 1494/1494
f 1491/1491 1480/1480 1486/1486
f 494/494 491/491 476/476
f 1178/1178 1163/1163 1179/1179
f 1498/1498 1501/1501 1502/1502
f 1488/1488 1496/1496 1497/1497
f 1486/1486 1488/1488 1489/1489
f 1705/1705 1710/1710 1713/1713
f 1705/1705 1709/1709 1710/1710
f 1705/1705 1702/1702 1709/1709
f 1709/1709 1702/1702 1707/1707
f 476/476 504/504 494/494
f 1162/1162 1163/1163 1178/1178
f 1123/1123 1139/1139 1124/1124
f 1123/1123 1138/1138 1139/1139
f 1498/1498 1494/1494 1495/1495
f 1489/1489 1490/1490 1486/1486
f 1491/1491 1486/1486 1490/1490
f 1490/1490 1494/1494 1491/1491
f 1702/1702 1701/1701 1707/1707
f 1701/1701 1708/1708 1707/1707
f 509/509 504/504 669/669
f 1717/1717 1712/1712 1708/1708
f 1169/1169 1155/1155 1154/1154
f 1138/1138 1163/1163 1162/1162
f 1163/1163 1138/1138 1134/1134
f 1498/1498 1499/1499 1500/1500
f 1501/1501 1498/1498 1500/1500
f 1499/1499 1498/1498 1495/1495
f 1041/1041 1038/1038 1037/1037
f 640/640 489/489 490/490
f 1701/1701 1702/1702 1703/1703
f 494/494 504/504 509/509
f 1717/1717 1708/1708 1701/1701
f 1716/1716 1705/1705 1713/1713
f 1041/1041 1037/1037 1040/1040
f 1494/1494 1490/1490 1495/1495
f 1739/1739 1701/1701 1738/1738
f 509/509 669/669 510/510
f 1701/1701 1739/1739 1717/1717
f 1732/1732 1717/1717 1739/1739
f 1178/1178 1180/1180 1162/1162
f 1124/1124 1146/1146 1148/1148
f 640/640 490/490 492/492
f 1704/1704 1702/1702 1705/1705
f 492/492 490/490 491/491
f 1738/1738 1701/1701 1703/1703
f 1148/1148 1154/1154 1155/1155
f 1148/1148 1146/1146 1154/1154
f 1124/1124 1139/1139 1146/1146
f 1138/1138 1140/1140 1139/1139
f 1049/1049 1048/1048 1047/1047
f 1490/1490 1492/1492 1495/1495
f 1705/1705 1716/1716 1706/1706
f 1036/1036 1038/1038 1057/1057
f 1037/1037 1038/1038 1036/1036
f 1705/1705 1706/1706 1704/1704
f 1738/1738 1703/1703 1737/1737
f 1732/1732 1731/1731 1733/1733
f 1138/1138 1162/1162 1147/1147
f 1499/1499 1495/1495 1492/1492
f 1049/1049 1047/1047 1058/1058
f 1037/1037 1034/1034 1040/1040
f 1492/1492 1490/1490 1489/1489
f 1723/1723 1703/1703 1704/1704
f 1704/1704 1703/1703 1702/1702
f 1737/1737 1703/1703 1723/1723
f 491/491 494/494 503/503
f 1738/1738 1737/1737 1729/1729
f 1738/1738 1729/1729 1739/1739
f 1739/1739 1729/1729 1732/1732
f 1729/1729 1731/1731 1732/1732
f 1048/1048 1032/1032 1047/1047
f 1040/1040 1034/1034 1032/1032
f 1057/1057 1051/1051 1036/1036
f 1720/1720 1704/1704 1719/1719
f 1719/1719 1704/1704 1706/1706
f 492/492 491/491 503/503
f 1723/1723 1704/1704 1720/1720
f 1723/1723 1720/1720 1724/1724
f 1723/1723 1724/1724 1737/1737
f 1737/1737 1724/1724 1729/1729
f 494/494 509/509 503/503
f 509/509 510/510 503/503
f 686/686 510/510 669/669
f 1169/1169 1154/1154 1164/1164
f 1141/1141 1139/1139 1140/1140
f 1047/1047 1032/1032 1031/1031
f 1059/1059 1058/1058 1047/1047
f 1059/1059 1063/1063 1058/1058
f 503/503 620/620 492/492
f 1722/1722 1724/1724 1720/1720
f 1725/1725 1724/1724 1722/1722
f 1724/1724 1725/1725 1729/1729
f 1733/1733 1731/1731 1735/1735
f 1154/1154 1146/1146 1150/1150
f 1139/1139 1145/1145 1146/1146
f 1138/1138 1147/1147 1140/1140
f 1047/1047 1031/1031 1059/1059
f 1034/1034 1037/1037 1036/1036
f 1059/1059 1061/1061 1063/1063
f 1719/1719 1721/1721 1720/1720
f 1720/1720 1721/1721 1722/1722
f 620/620 503/503 514/514
f 686/686 512/512 510/510
f 1729/1729 1730/1730 1731/1731
f 1153/1153 1164/1164 1154/1154
f 1735/1735 1731/1731 1734/1734
f 1032/1032 1034/1034 1033/1033
f 1031/1031 1032/1032 1033/1033
f 1051/1051 1044/1044 1036/1036
f 1059/1059 1031/1031 1039/1039
f 1059/1059 1039/1039 1061/1061
f 1065/1065 1061/1061 1064/1064
f 1722/1722 1726/1726 1725/1725
f 514/514 503/503 511/511
f 503/503 510/510 511/511
f 1731/1731 1730/1730 1734/1734
f 1154/1154 1150/1150 1153/1153
f 1150/1150 1146/1146 1145/1145
f 1033/1033 1034/1034 1035/1035
f 1031/1031 1033/1033 1039/1039
f 1034/1034 1036/1036 1035/1035
f 1061/1061 1039/1039 1045/1045
f 1064/1064 1061/1061 1045/1045
f 1064/1064 1045/1045 1055/1055
f 1727/1727 1725/1725 1726/1726
f 510/510 512/512 511/511
f 1139/1139 1141/1141 1145/1145
f 1035/1035 1036/1036 1044/1044
f 1051/1051 1056/1056 1044/1044
f 620/620 514/514 699/699
f 1728/1728 1729/1729 1725/1725
f 1152/1152 1140/1140 1147/1147
f 1035/1035 1039/1039 1033/1033
f 1045/1045 1039/1039 1043/1043
f 1727/1727 1728/1728 1725/1725
f 1728/1728 1730/1730 1729/1729
f 1150/1150 1151/1151 1153/1153
f 1730/1730 1736/1736 1734/1734
f 1141/1141 1142/1142 1143/1143
f 1142/1142 1141/1141 1140/1140
f 1152/1152 1142/1142 1140/1140
f 1039/1039 1035/1035 1042/1042
f 1039/1039 1042/1042 1043/1043
f 1045/1045 1043/1043 1055/1055
f 514/514 511/511 622/622
f 511/511 512/512 622/622
f 700/700 512/512 686/686
f 1360/1360 1355/1355 1348/1348
f 1349/1349 1360/1360 1348/1348
f 1145/1145 1149/1149 1150/1150
f 1150/1150 1149/1149 1151/1151
f 1352/1352 1349/1349 1347/1347
f 1141/1141 1144/1144 1145/1145
f 1141/1141 1143/1143 1144/1144
f 1055/1055 1043/1043 1054/1054
f 1062/1062 1064/1064 1055/1055
f 1056/1056 1050/1050 1044/1044
f 1346/1346 1347/1347 1348/1348
f 1165/1165 1164/1164 1151/1151
f 1164/1164 1153/1153 1151/1151
f 1348/1348 1347/1347 1349/1349
f 1149/1149 1161/1161 1151/1151
f 1343/1343 1344/1344 1337/1337
f 1336/1336 1352/1352 1345/1345
f 1347/1347 1345/1345 1352/1352
f 1145/1145 1144/1144 1149/1149
f 1352/1352 1336/1336 1344/1344
f 1053/1053 1043/1043 1042/1042
f 1044/1044 1046/1046 1035/1035
f 1052/1052 1035/1035 1046/1046
f 1042/1042 1035/1035 1052/1052
f 1055/1055 1054/1054 1062/1062
f 1358/1358 1350/1350 1355/1355
f 622/622 699/699 514/514
f 1350/1350 1348/1348 1355/1355
f 1341/1341 1334/1334 1359/1359
f 1165/1165 1151/1151 1161/1161
f 1346/1346 1345/1345 1347/1347
f 1336/1336 1337/1337 1344/1344
f 1043/1043 1053/1053 1054/1054
f 1044/1044 1050/1050 1046/1046
f 1353/1353 1350/1350 1358/1358
f 1060/1060 1050/1050 1056/1056
f 1351/1351 1346/1346 1350/1350
f 1357/1357 1338/1338 1361/1361
f 1348/1348 1350/1350 1346/1346
f 1338/1338 1357/1357 1334/1334
f 1334/1334 1357/1357 1359/1359
f 1335/1335 1334/1334 1341/1341
f 1334/1334 1335/1335 1331/1331
f 1342/1342 1335/1335 1341/1341
f 1335/1335 1337/1337 1328/1328
f 1335/1335 1342/1342 1343/1343
f 1337/1337 1335/1335 1343/1343
f 1328/1328 1337/1337 1336/1336
f 1329/1329 1328/1328 1336/1336
f 1345/1345 1329/1329 1336/1336
f 1042/1042 1052/1052 1053/1053
f 1339/1339 1356/1356 1330/1330
f 1354/1354 1326/1326 1351/1351
f 1353/1353 1351/1351 1350/1350
f 1354/1354 1351/1351 1353/1353
f 1332/1332 1356/1356 1340/1340
f 1330/1330 1356/1356 1332/1332
f 1332/1332 1340/1340 1333/1333
f 1346/1346 1351/1351 1326/1326
f 1340/1340 1338/1338 1333/1333
f 1331/1331 1332/1332 1333/1333
f 1330/1330 1332/1332 1331/1331
f 1333/1333 1338/1338 1334/1334
f 1328/1328 1330/1330 1331/1331
f 1328/1328 1327/1327 1330/1330
f 1331/1331 1333/1333 1334/1334
f 1346/1346 1326/1326 1345/1345
f 1326/1326 1327/1327 1328/1328
f 1329/1329 1326/1326 1328/1328
f 1345/1345 1326/1326 1329/1329
f 1328/1328 1331/1331 1335/1335
f 1339/1339 1326/1326 1354/1354
f 1339/1339 1330/1330 1327/1327
f 1326/1326 1339/1339 1327/1327

